# Blender v2.79 (sub 0) OBJ File: 'StorageShelf_1-8_DathonCoulson.blend'
# www.blender.org
mtllib StorageShelf_1-8_PowerPlug.mtl
o 3rdShelfBrace_Cube.030
v 1.498034 9.954675 10.918001
v 1.498034 10.254675 10.918001
v 1.498034 9.954675 -10.918001
v 1.498034 10.254675 -10.918001
v 1.578033 9.954675 10.918001
v 1.578033 10.254675 10.918001
v 1.578033 9.954675 -10.918001
v 1.578033 10.254675 -10.918001
v 1.498034 9.954675 10.481281
v 1.498034 10.254675 10.481281
v 1.578033 9.954675 10.481281
v 1.578033 10.254675 10.481281
v 1.498034 10.254675 -10.490016
v 1.578033 9.954675 -10.490016
v 1.498034 9.954675 -10.490016
v 1.578033 10.254675 -10.490016
v 1.498034 9.954675 3.665610
v 1.578033 10.254675 3.665610
v 1.498034 10.254675 3.665610
v 1.578033 9.954675 3.665610
v 1.498034 10.254675 3.315551
v 1.578033 9.954675 3.315551
v 1.498034 9.954675 3.315551
v 1.578033 10.254675 3.315551
v 1.498034 10.254675 -3.667029
v 1.578033 9.954675 -3.667029
v 1.498034 9.954675 -3.667028
v 1.578033 10.254675 -3.667028
v 1.498034 9.954675 -3.296941
v 1.578033 10.254675 -3.296941
v 1.498034 10.254675 -3.296942
v 1.578033 9.954675 -3.296942
v 1.498034 9.654675 10.481281
v 1.498034 9.654675 10.918001
v 1.578033 9.654675 10.918001
v 1.578033 9.654675 10.481281
v 1.498034 9.754675 3.315551
v 1.498034 9.754675 3.665610
v 1.578033 9.754675 3.665610
v 1.578033 9.754675 3.315551
v 1.578033 9.754675 -3.296942
v 1.578033 9.754675 -3.667029
v 1.498034 9.754675 -3.667028
v 1.498034 9.754675 -3.296941
v 1.578033 9.654675 -10.918001
v 1.498034 9.654675 -10.918001
v 1.578033 9.654675 -10.490016
v 1.498034 9.654675 -10.490016
v -1.498034 9.954675 10.918001
v -1.498034 10.254675 10.918001
v -1.498034 9.954675 -10.918001
v -1.498034 10.254675 -10.918001
v -1.578033 9.954675 10.918001
v -1.578033 10.254675 10.918001
v -1.578033 9.954675 -10.918001
v -1.578033 10.254675 -10.918001
v -1.498034 9.954675 10.481281
v -1.498034 10.254675 10.481281
v -1.578033 9.954675 10.481281
v -1.578033 10.254675 10.481281
v -1.498034 10.254675 -10.490016
v -1.578033 9.954675 -10.490016
v -1.498034 9.954675 -10.490016
v -1.578033 10.254675 -10.490016
v -1.498034 9.954675 3.665610
v -1.578033 10.254675 3.665610
v -1.498034 10.254675 3.665610
v -1.578033 9.954675 3.665610
v -1.498034 10.254675 3.315551
v -1.578033 9.954675 3.315551
v -1.498034 9.954675 3.315551
v -1.578033 10.254675 3.315551
v -1.498034 10.254675 -3.667029
v -1.578033 9.954675 -3.667029
v -1.498034 9.954675 -3.667028
v -1.578033 10.254675 -3.667028
v -1.498034 9.954675 -3.296941
v -1.578033 10.254675 -3.296941
v -1.498034 10.254675 -3.296942
v -1.578033 9.954675 -3.296942
v -1.498034 9.654675 10.481281
v -1.498034 9.654675 10.918001
v -1.578033 9.654675 10.918001
v -1.578033 9.654675 10.481281
v -1.498034 9.754675 3.315551
v -1.498034 9.754675 3.665610
v -1.578033 9.754675 3.665610
v -1.578033 9.754675 3.315551
v -1.578033 9.754675 -3.296942
v -1.578033 9.754675 -3.667029
v -1.498034 9.754675 -3.667028
v -1.498034 9.754675 -3.296941
v -1.578033 9.654675 -10.918001
v -1.498034 9.654675 -10.918001
v -1.578033 9.654675 -10.490016
v -1.498034 9.654675 -10.490016
vt 0.932809 0.132082
vt 0.932809 0.058487
vt 0.950118 0.058487
vt 0.950119 0.132082
vt 0.832989 0.458595
vt 0.832987 0.554269
vt 0.787064 0.554268
vt 0.787065 0.458595
vt 0.617151 0.458595
vt 0.617151 0.554269
vt 0.594189 0.554269
vt 0.594190 0.458595
vt 0.548265 0.554269
vt 0.548266 0.458595
vt 0.663074 0.458595
vt 0.617151 0.362921
vt 0.663075 0.362921
vt 0.617151 0.561923
vt 0.594189 0.561923
vt 0.454249 0.468947
vt 0.454249 0.476601
vt 0.095896 0.476601
vt 0.095896 0.468947
vt 0.454249 0.365619
vt 0.454249 0.373273
vt 0.095896 0.373273
vt 0.095896 0.365619
vt 0.066973 0.132082
vt 0.066973 0.058487
vt 0.084636 0.058487
vt 0.084636 0.132082
vt 0.764562 0.554268
vt 0.764562 0.458595
vt 0.787066 0.362921
vt 0.832989 0.362921
vt 0.787064 0.561922
vt 0.764562 0.561922
vt 0.656857 0.132082
vt 0.656857 0.058487
vt 0.360292 0.058487
vt 0.360292 0.132082
vt 0.958049 0.437057
vt 0.958049 0.532726
vt 0.939645 0.532726
vt 0.939643 0.437057
vt 1.003973 0.437057
vt 0.958049 0.373273
vt 1.003973 0.373273
vt 0.958049 0.540379
vt 0.939645 0.540379
vt 0.553253 0.303001
vt 0.553253 0.310655
vt 0.205583 0.310655
vt 0.205583 0.303001
vt 0.553253 0.199673
vt 0.553253 0.207327
vt 0.205583 0.207327
vt 0.205583 0.199674
vt 0.374450 0.058487
vt 0.374451 0.132082
vt 0.931451 0.207327
vt 0.931451 0.303001
vt 0.572712 0.303001
vt 0.572711 0.207327
vt 0.931451 0.199673
vt 0.572711 0.199673
vt 0.931451 0.310655
vt 0.572712 0.310655
vt 0.641889 0.132082
vt 0.641889 0.058487
vt 0.656858 0.181145
vt 0.641890 0.181145
vt 0.617151 0.355267
vt 0.594190 0.362921
vt 0.594190 0.355267
vt 0.084636 0.205676
vt 0.066974 0.205676
vt 0.548267 0.362921
vt 0.958049 0.365619
vt 0.939643 0.373273
vt 0.939643 0.365619
vt 0.374450 0.181149
vt 0.360291 0.181149
vt 0.893719 0.437057
vt 0.893720 0.373273
vt 0.572713 0.135892
vt 0.572713 0.143546
vt 0.553254 0.143546
vt 0.553254 0.135892
vt 0.618635 0.207328
vt 0.618635 0.143546
vt 0.507332 0.207328
vt 0.507331 0.143546
vt 0.787066 0.355267
vt 0.764563 0.362921
vt 0.764563 0.355267
vt 0.950119 0.205679
vt 0.932809 0.205679
vt 0.718639 0.458595
vt 0.718639 0.362921
vt 0.932809 0.132082
vt 0.950119 0.132082
vt 0.950118 0.058487
vt 0.932809 0.058487
vt 0.832989 0.458595
vt 0.787065 0.458595
vt 0.787064 0.554268
vt 0.832987 0.554269
vt 0.617151 0.458595
vt 0.594190 0.458595
vt 0.594189 0.554269
vt 0.617151 0.554269
vt 0.548266 0.458595
vt 0.548265 0.554269
vt 0.663074 0.458595
vt 0.663075 0.362921
vt 0.617151 0.362921
vt 0.594189 0.561923
vt 0.617151 0.561923
vt 0.454249 0.468947
vt 0.095896 0.468947
vt 0.095896 0.476601
vt 0.454249 0.476601
vt 0.454249 0.365619
vt 0.095896 0.365619
vt 0.095896 0.373273
vt 0.454249 0.373273
vt 0.066973 0.132082
vt 0.084636 0.132082
vt 0.084636 0.058487
vt 0.066973 0.058487
vt 0.764562 0.458595
vt 0.764562 0.554268
vt 0.832989 0.362921
vt 0.787066 0.362921
vt 0.764562 0.561922
vt 0.787064 0.561922
vt 0.656857 0.132082
vt 0.656857 0.058487
vt 0.360292 0.132082
vt 0.360292 0.058487
vt 0.958049 0.437057
vt 0.939643 0.437057
vt 0.939645 0.532726
vt 0.958049 0.532726
vt 1.003973 0.437057
vt 1.003973 0.373273
vt 0.958049 0.373273
vt 0.939645 0.540379
vt 0.958049 0.540379
vt 0.553253 0.303001
vt 0.205583 0.303001
vt 0.205583 0.310655
vt 0.553253 0.310655
vt 0.553253 0.199673
vt 0.205583 0.199674
vt 0.205583 0.207327
vt 0.553253 0.207327
vt 0.374451 0.132082
vt 0.374450 0.058487
vt 0.931451 0.207327
vt 0.572711 0.207327
vt 0.572712 0.303001
vt 0.931451 0.303001
vt 0.931451 0.199673
vt 0.572711 0.199673
vt 0.572712 0.310655
vt 0.931451 0.310655
vt 0.641889 0.132082
vt 0.641889 0.058487
vt 0.641890 0.181145
vt 0.656858 0.181145
vt 0.617151 0.355267
vt 0.594190 0.355267
vt 0.594190 0.362921
vt 0.066974 0.205676
vt 0.084636 0.205676
vt 0.548267 0.362921
vt 0.958049 0.365619
vt 0.939643 0.365619
vt 0.939643 0.373273
vt 0.360291 0.181149
vt 0.374450 0.181149
vt 0.893720 0.373273
vt 0.893719 0.437057
vt 0.572713 0.135892
vt 0.553254 0.135892
vt 0.553254 0.143546
vt 0.572713 0.143546
vt 0.618635 0.207328
vt 0.618635 0.143546
vt 0.507331 0.143546
vt 0.507332 0.207328
vt 0.787066 0.355267
vt 0.764563 0.355267
vt 0.764563 0.362921
vt 0.932809 0.205679
vt 0.950119 0.205679
vt 0.718639 0.362921
vt 0.718639 0.458595
vn -1.0000 0.0000 0.0000
vn 0.0000 0.0000 -1.0000
vn 1.0000 0.0000 0.0000
vn 0.0000 0.0000 1.0000
vn 0.0000 1.0000 0.0000
vn 0.0000 -1.0000 0.0000
usemtl None
s off
f 15/1/1 13/2/1 4/3/1 3/4/1
f 3/5/2 4/6/2 8/7/2 7/8/2
f 11/9/3 12/10/3 6/11/3 5/12/3
f 5/12/4 6/11/4 2/13/4 1/14/4
f 9/15/2 11/9/2 36/16/2 33/17/2
f 12/10/5 10/18/5 2/19/5 6/11/5
f 18/20/5 19/21/5 10/22/5 12/23/5
f 17/24/6 20/25/6 11/26/6 9/27/6
f 20/25/3 18/20/3 12/23/3 11/26/3
f 1/28/1 2/29/1 10/30/1 9/31/1
f 7/8/3 8/7/3 16/32/3 14/33/3
f 3/5/2 7/8/2 45/34/2 46/35/2
f 8/7/5 4/36/5 13/37/5 16/32/5
f 27/38/1 25/39/1 13/2/1 15/1/1
f 9/31/1 10/30/1 19/40/1 17/41/1
f 22/42/3 24/43/3 18/44/3 20/45/3
f 23/46/2 22/42/2 40/47/2 37/48/2
f 24/43/5 21/49/5 19/50/5 18/44/5
f 30/51/5 31/52/5 21/53/5 24/54/5
f 29/55/6 32/56/6 22/57/6 23/58/6
f 32/56/3 30/51/3 24/54/3 22/57/3
f 17/41/1 19/40/1 21/59/1 23/60/1
f 14/61/3 16/62/3 28/63/3 26/64/3
f 15/65/6 14/61/6 26/64/6 27/66/6
f 16/62/5 13/67/5 25/68/5 28/63/5
f 29/69/1 31/70/1 25/39/1 27/38/1
f 23/60/1 21/59/1 31/70/1 29/69/1
f 26/64/3 28/63/3 30/51/3 32/56/3
f 29/69/1 27/38/1 43/71/1 44/72/1
f 28/63/5 25/68/5 31/52/5 30/51/5
f 33/73/6 36/16/6 35/74/6 34/75/6
f 1/28/1 9/31/1 33/76/1 34/77/1
f 11/9/3 5/12/3 35/74/3 36/16/3
f 5/12/4 1/14/4 34/78/4 35/74/4
f 37/79/6 40/47/6 39/80/6 38/81/6
f 17/41/1 23/60/1 37/82/1 38/83/1
f 22/42/3 20/45/3 39/80/3 40/47/3
f 20/45/4 17/84/4 38/85/4 39/80/4
f 43/86/6 42/87/6 41/88/6 44/89/6
f 27/90/2 26/64/2 42/87/2 43/91/2
f 32/56/4 29/92/4 44/93/4 41/88/4
f 26/64/3 32/56/3 41/88/3 42/87/3
f 46/94/6 45/34/6 47/95/6 48/96/6
f 15/1/1 3/4/1 46/97/1 48/98/1
f 7/8/3 14/33/3 47/95/3 45/34/3
f 14/33/4 15/99/4 48/100/4 47/95/4
f 63/101/3 51/102/3 52/103/3 61/104/3
f 51/105/2 55/106/2 56/107/2 52/108/2
f 59/109/1 53/110/1 54/111/1 60/112/1
f 53/110/4 49/113/4 50/114/4 54/111/4
f 57/115/2 81/116/2 84/117/2 59/109/2
f 60/112/5 54/111/5 50/118/5 58/119/5
f 66/120/5 60/121/5 58/122/5 67/123/5
f 65/124/6 57/125/6 59/126/6 68/127/6
f 68/127/1 59/126/1 60/121/1 66/120/1
f 49/128/3 57/129/3 58/130/3 50/131/3
f 55/106/1 62/132/1 64/133/1 56/107/1
f 51/105/2 94/134/2 93/135/2 55/106/2
f 56/107/5 64/133/5 61/136/5 52/137/5
f 75/138/3 63/101/3 61/104/3 73/139/3
f 57/129/3 65/140/3 67/141/3 58/130/3
f 70/142/1 68/143/1 66/144/1 72/145/1
f 71/146/2 85/147/2 88/148/2 70/142/2
f 72/145/5 66/144/5 67/149/5 69/150/5
f 78/151/5 72/152/5 69/153/5 79/154/5
f 77/155/6 71/156/6 70/157/6 80/158/6
f 80/158/1 70/157/1 72/152/1 78/151/1
f 65/140/3 71/159/3 69/160/3 67/141/3
f 62/161/1 74/162/1 76/163/1 64/164/1
f 63/165/6 75/166/6 74/162/6 62/161/6
f 64/164/5 76/163/5 73/167/5 61/168/5
f 77/169/3 75/138/3 73/139/3 79/170/3
f 71/159/3 77/169/3 79/170/3 69/160/3
f 74/162/1 80/158/1 78/151/1 76/163/1
f 77/169/3 92/171/3 91/172/3 75/138/3
f 76/163/5 78/151/5 79/154/5 73/167/5
f 81/173/6 82/174/6 83/175/6 84/117/6
f 49/128/3 82/176/3 81/177/3 57/129/3
f 59/109/1 84/117/1 83/175/1 53/110/1
f 53/110/4 83/175/4 82/178/4 49/113/4
f 85/179/6 86/180/6 87/181/6 88/148/6
f 65/140/3 86/182/3 85/183/3 71/159/3
f 70/142/1 88/148/1 87/181/1 68/143/1
f 68/143/4 87/181/4 86/184/4 65/185/4
f 91/186/6 92/187/6 89/188/6 90/189/6
f 75/190/2 91/191/2 90/189/2 74/162/2
f 80/158/4 89/188/4 92/192/4 77/193/4
f 74/162/1 90/189/1 89/188/1 80/158/1
f 94/194/6 96/195/6 95/196/6 93/135/6
f 63/101/3 96/197/3 94/198/3 51/102/3
f 55/106/1 93/135/1 95/196/1 62/132/1
f 62/132/4 95/196/4 96/199/4 63/200/4
o 3rdShelf_Cube.029
v 1.494919 10.129395 -10.351169
v 1.494919 10.129395 10.351170
v -1.494919 10.129395 10.351168
v -1.494918 10.129395 -10.351173
v 1.494920 10.236643 -10.351164
v 1.494918 10.236643 10.351175
v -1.494919 10.236643 10.351166
v -1.494919 10.236643 -10.351170
v 1.097083 10.129395 -10.351170
v 1.097082 10.129395 10.351169
v 1.097083 10.236643 -10.351165
v 1.097082 10.236643 10.351174
v 0.792307 10.129395 -10.351170
v 0.792307 10.129395 10.351169
v 0.792308 10.236643 -10.351165
v 0.792306 10.236643 10.351173
v -1.099962 10.129395 -10.351173
v -1.099963 10.129395 10.351168
v -1.099962 10.236643 -10.351169
v -1.099963 10.236643 10.351167
v -0.763006 10.129395 -10.351173
v -0.763007 10.129395 10.351168
v -0.763006 10.236643 -10.351168
v -0.763007 10.236643 10.351168
v 1.097083 9.892843 10.351169
v 1.097083 9.892843 -10.351170
v 0.792307 9.892843 -10.351170
v 0.792307 9.892843 10.351169
v -0.763006 9.892843 -10.351173
v -1.099962 9.892843 -10.351173
v -0.763007 9.892843 10.351168
v -1.099963 9.892843 10.351168
v 1.097081 10.236640 10.651174
v 1.097082 10.129393 10.651169
v 0.792307 10.129393 10.651169
v 0.792306 10.236640 10.651173
v -0.763007 10.129393 10.651168
v -1.099963 10.129393 10.651168
v -0.763007 10.236640 10.651168
v -1.099964 10.236640 10.651166
v 1.097082 9.892841 10.651169
v 0.792307 9.892841 10.651169
v -0.763007 9.892841 10.651168
v -1.099963 9.892841 10.651168
v 1.097083 10.129404 -10.651170
v 1.097084 10.236650 -10.651165
v 0.792307 10.129404 -10.651170
v 0.792308 10.236650 -10.651165
v -0.763006 10.129404 -10.651174
v -1.099962 10.129404 -10.651174
v -0.763006 10.236650 -10.651168
v -1.099962 10.236650 -10.651169
v 1.097083 9.892852 -10.651170
v 0.792307 9.892852 -10.651170
v -0.763006 9.892852 -10.651174
v -1.099962 9.892852 -10.651174
vt 0.604679 0.070701
vt 0.105131 0.070691
vt 0.105138 0.059114
vt 0.604686 0.059123
vt 0.734594 0.944354
vt 0.714330 0.944354
vt 0.714330 0.069956
vt 0.734595 0.069956
vt 0.926085 0.944355
vt 0.867733 0.944354
vt 0.867734 0.069959
vt 0.926086 0.069961
vt 0.137508 0.619757
vt 0.137509 0.658659
vt 0.068609 0.658659
vt 0.068609 0.619757
vt 0.655977 0.069956
vt 0.655977 0.944354
vt 0.533495 0.863404
vt 0.533456 0.824503
vt 0.602355 0.824500
vt 0.602394 0.863402
vt 0.065708 0.863423
vt 0.065668 0.824521
vt 0.135070 0.824518
vt 0.135109 0.863420
vt 0.605295 0.619757
vt 0.605295 0.658659
vt 0.535894 0.658659
vt 0.535894 0.619757
vt 0.847321 0.944354
vt 0.847321 0.069959
vt 0.605343 0.440578
vt 0.105837 0.440614
vt 0.105810 0.428954
vt 0.605315 0.428918
vt 0.605295 0.346564
vt 0.605585 0.273204
vt 0.612872 0.273203
vt 0.612580 0.346563
vt 0.145066 0.619756
vt 0.145067 0.658658
vt 0.831683 0.944353
vt 0.831684 0.069959
vt 0.105198 0.346578
vt 0.105212 0.355556
vt 0.097924 0.355557
vt 0.097912 0.346579
vt 0.604975 0.154008
vt 0.604941 0.144087
vt 0.612229 0.144084
vt 0.612259 0.154008
vt 0.751883 0.069956
vt 0.751883 0.057285
vt 0.831684 0.057288
vt 0.751883 0.944354
vt 0.605552 0.227366
vt 0.105155 0.227421
vt 0.104764 0.154051
vt 0.105235 0.273232
vt 0.097949 0.273232
vt 0.605283 0.355537
vt 0.612569 0.355539
vt 0.612616 0.428920
vt 0.104764 0.144122
vt 0.097476 0.154051
vt 0.097472 0.144122
vt 0.751883 0.957025
vt 0.734595 0.957025
vt 0.142628 0.824521
vt 0.142668 0.863423
vt 0.528336 0.619756
vt 0.528336 0.658658
vt 0.475168 0.658658
vt 0.475168 0.619756
vt 0.203848 0.619756
vt 0.145066 0.533952
vt 0.203847 0.533952
vt 0.203848 0.658658
vt 0.475168 0.533952
vt 0.528335 0.533952
vt 0.098508 0.428954
vt 0.847321 0.057288
vt 0.097826 0.070691
vt 0.097868 0.227421
vt 0.734595 0.057285
vt 0.195796 0.824519
vt 0.195835 0.863420
vt 0.467155 0.863410
vt 0.467116 0.824508
vt 0.525897 0.824506
vt 0.525937 0.863408
vt 0.467029 0.738704
vt 0.525810 0.738702
vt 0.142541 0.738717
vt 0.195709 0.738715
vt 0.831683 0.957025
vt 0.611980 0.070697
vt 0.847321 0.957025
vt 0.612841 0.227367
vn 0.0000 -1.0000 0.0000
vn 0.0000 1.0000 0.0000
vn 1.0000 0.0000 0.0000
vn -0.0000 0.0000 1.0000
vn -1.0000 -0.0000 -0.0000
vn 0.0000 0.0000 -1.0000
vn 0.0000 -0.0001 1.0000
usemtl Material
s off
f 113/201/7 114/202/7 99/203/7 100/204/7
f 115/205/8 104/206/8 103/207/8 116/208/8
f 97/209/9 101/210/9 102/211/9 98/212/9
f 114/213/10 116/214/10 103/215/10 99/216/10
f 99/217/11 103/207/11 104/206/11 100/218/11
f 115/219/12 113/220/12 100/221/12 104/222/12
f 101/223/12 97/224/12 105/225/12 107/226/12
f 98/227/13 102/228/13 108/229/13 106/230/13
f 101/210/8 107/231/8 108/232/8 102/211/8
f 97/233/7 98/234/7 106/235/7 105/236/7
f 123/237/11 109/238/11 143/239/11 150/240/11
f 116/214/11 114/213/11 134/241/11 136/242/11
f 107/231/8 111/243/8 112/244/8 108/232/8
f 124/245/7 121/246/7 137/247/7 138/248/7
f 125/249/7 126/250/7 152/251/7 151/252/7
f 112/244/8 120/253/8 135/254/8 132/255/8
f 119/256/8 115/205/8 116/208/8 120/253/8
f 117/257/9 118/258/9 127/259/9 125/249/9
f 109/238/7 110/260/7 118/258/7 117/257/7
f 111/243/8 119/256/8 120/253/8 112/244/8
f 110/260/11 124/245/11 138/248/11 131/261/11
f 105/236/9 122/262/9 149/263/9 141/264/9
f 122/262/7 121/246/7 124/245/7 123/237/7
f 125/249/7 127/259/7 128/265/7 126/250/7
f 110/260/11 109/238/11 123/237/11 124/245/11
f 128/265/7 127/259/7 139/266/7 140/267/7
f 105/236/9 106/235/9 121/246/9 122/262/9
f 115/205/8 119/256/8 147/268/8 148/269/8
f 114/202/11 113/201/11 126/250/11 128/265/11
f 107/226/9 105/225/9 141/270/9 142/271/9
f 130/272/10 129/273/10 132/274/10 131/275/10
f 133/276/10 134/241/10 140/277/10 139/278/10
f 133/276/10 135/279/10 136/242/10 134/241/10
f 131/275/10 132/274/10 135/279/10 133/276/10
f 130/272/10 131/275/10 138/280/10 137/281/10
f 121/246/9 106/235/9 130/282/9 137/247/9
f 108/232/8 112/244/8 132/255/8 129/283/8
f 114/202/11 128/265/11 140/267/11 134/284/11
f 118/258/7 110/260/7 131/261/7 133/285/7
f 106/230/9 108/229/9 129/273/9 130/272/9
f 120/253/8 116/208/8 136/286/8 135/254/8
f 127/259/9 118/258/9 133/285/9 139/266/9
f 142/271/12 141/270/12 143/287/12 144/288/12
f 147/289/12 145/290/12 146/291/12 148/292/12
f 144/288/12 143/287/12 145/290/12 147/289/12
f 146/291/12 145/290/12 151/293/12 152/294/12
f 143/287/12 141/270/12 149/295/12 150/296/12
f 119/256/8 111/243/8 144/297/8 147/268/8
f 122/262/7 123/237/7 150/240/7 149/263/7
f 126/250/11 113/201/11 146/298/11 152/251/11
f 113/220/11 115/219/11 148/292/11 146/291/11
f 111/243/8 107/231/8 142/299/8 144/297/8
f 117/257/9 125/249/9 151/252/9 145/300/9
f 109/238/7 117/257/7 145/300/7 143/239/7
o 2ndShelf_Cube.028
v 1.494919 5.129395 -10.351169
v 1.494919 5.129395 10.351170
v -1.494919 5.129395 10.351168
v -1.494918 5.129395 -10.351173
v 1.494920 5.236642 -10.351164
v 1.494918 5.236642 10.351175
v -1.494919 5.236642 10.351166
v -1.494919 5.236642 -10.351170
v 1.097083 5.129395 -10.351170
v 1.097082 5.129395 10.351169
v 1.097083 5.236642 -10.351165
v 1.097082 5.236642 10.351174
v 0.792307 5.129395 -10.351170
v 0.792307 5.129395 10.351169
v 0.792308 5.236642 -10.351165
v 0.792306 5.236642 10.351173
v -1.099962 5.129395 -10.351173
v -1.099963 5.129395 10.351168
v -1.099962 5.236642 -10.351169
v -1.099963 5.236642 10.351167
v -0.763006 5.129395 -10.351173
v -0.763007 5.129395 10.351168
v -0.763006 5.236642 -10.351168
v -0.763007 5.236642 10.351168
v 1.097083 4.892843 10.351169
v 1.097083 4.892843 -10.351170
v 0.792307 4.892843 -10.351170
v 0.792307 4.892843 10.351169
v -0.763006 4.892843 -10.351173
v -1.099962 4.892843 -10.351173
v -0.763007 4.892843 10.351168
v -1.099963 4.892843 10.351168
v 1.097081 5.236640 10.651174
v 1.097082 5.129393 10.651169
v 0.792307 5.129393 10.651169
v 0.792306 5.236640 10.651173
v -0.763007 5.129393 10.651168
v -1.099963 5.129393 10.651168
v -0.763007 5.236640 10.651168
v -1.099964 5.236640 10.651166
v 1.097082 4.892841 10.651169
v 0.792307 4.892841 10.651169
v -0.763007 4.892841 10.651168
v -1.099963 4.892841 10.651168
v 1.097083 5.129404 -10.651170
v 1.097084 5.236651 -10.651165
v 0.792307 5.129404 -10.651170
v 0.792308 5.236651 -10.651165
v -0.763006 5.129404 -10.651174
v -1.099962 5.129404 -10.651174
v -0.763006 5.236651 -10.651168
v -1.099962 5.236651 -10.651169
v 1.097083 4.892852 -10.651170
v 0.792307 4.892852 -10.651170
v -0.763006 4.892852 -10.651174
v -1.099962 4.892852 -10.651174
vt 0.604679 0.070701
vt 0.105131 0.070691
vt 0.105138 0.059114
vt 0.604686 0.059123
vt 0.734594 0.944354
vt 0.714330 0.944354
vt 0.714330 0.069956
vt 0.734595 0.069956
vt 0.926085 0.944355
vt 0.867733 0.944354
vt 0.867734 0.069959
vt 0.926086 0.069961
vt 0.137508 0.619757
vt 0.137509 0.658659
vt 0.068609 0.658659
vt 0.068609 0.619757
vt 0.655977 0.069956
vt 0.655977 0.944354
vt 0.533495 0.863404
vt 0.533456 0.824503
vt 0.602355 0.824500
vt 0.602394 0.863402
vt 0.065708 0.863423
vt 0.065668 0.824521
vt 0.135070 0.824518
vt 0.135109 0.863420
vt 0.605295 0.619757
vt 0.605295 0.658659
vt 0.535894 0.658659
vt 0.535894 0.619757
vt 0.847321 0.944354
vt 0.847321 0.069959
vt 0.605343 0.440578
vt 0.105837 0.440614
vt 0.105810 0.428954
vt 0.605315 0.428918
vt 0.605295 0.346564
vt 0.605585 0.273204
vt 0.612872 0.273203
vt 0.612580 0.346563
vt 0.145066 0.619756
vt 0.145067 0.658658
vt 0.831683 0.944353
vt 0.831684 0.069959
vt 0.105198 0.346578
vt 0.105212 0.355556
vt 0.097924 0.355557
vt 0.097912 0.346579
vt 0.604975 0.154008
vt 0.604941 0.144087
vt 0.612229 0.144084
vt 0.612259 0.154008
vt 0.751883 0.069956
vt 0.751883 0.057285
vt 0.831684 0.057288
vt 0.751883 0.944354
vt 0.605552 0.227366
vt 0.105155 0.227421
vt 0.104764 0.154051
vt 0.105235 0.273232
vt 0.097949 0.273232
vt 0.605283 0.355537
vt 0.612569 0.355539
vt 0.612616 0.428920
vt 0.104764 0.144122
vt 0.097476 0.154051
vt 0.097472 0.144122
vt 0.751883 0.957025
vt 0.734595 0.957025
vt 0.142628 0.824521
vt 0.142668 0.863423
vt 0.528336 0.619756
vt 0.528336 0.658658
vt 0.475168 0.658658
vt 0.475168 0.619756
vt 0.203848 0.619756
vt 0.145066 0.533952
vt 0.203847 0.533952
vt 0.203848 0.658658
vt 0.475168 0.533952
vt 0.528335 0.533952
vt 0.098508 0.428954
vt 0.847321 0.057288
vt 0.097826 0.070691
vt 0.097868 0.227421
vt 0.734595 0.057285
vt 0.195796 0.824519
vt 0.195835 0.863420
vt 0.467155 0.863410
vt 0.467116 0.824508
vt 0.525897 0.824506
vt 0.525937 0.863408
vt 0.467029 0.738704
vt 0.525810 0.738702
vt 0.142541 0.738717
vt 0.195709 0.738715
vt 0.831683 0.957025
vt 0.611980 0.070697
vt 0.847321 0.957025
vt 0.612841 0.227367
vn 0.0000 -1.0000 0.0000
vn 0.0000 1.0000 0.0000
vn 1.0000 0.0000 0.0000
vn -0.0000 0.0000 1.0000
vn -1.0000 -0.0000 -0.0000
vn 0.0000 0.0000 -1.0000
vn -0.0000 -0.0001 1.0000
usemtl Material
s off
f 169/301/14 170/302/14 155/303/14 156/304/14
f 171/305/15 160/306/15 159/307/15 172/308/15
f 153/309/16 157/310/16 158/311/16 154/312/16
f 170/313/17 172/314/17 159/315/17 155/316/17
f 155/317/18 159/307/18 160/306/18 156/318/18
f 171/319/19 169/320/19 156/321/19 160/322/19
f 157/323/19 153/324/19 161/325/19 163/326/19
f 154/327/20 158/328/20 164/329/20 162/330/20
f 157/310/15 163/331/15 164/332/15 158/311/15
f 153/333/14 154/334/14 162/335/14 161/336/14
f 179/337/18 165/338/18 199/339/18 206/340/18
f 172/314/18 170/313/18 190/341/18 192/342/18
f 163/331/15 167/343/15 168/344/15 164/332/15
f 180/345/14 177/346/14 193/347/14 194/348/14
f 181/349/14 182/350/14 208/351/14 207/352/14
f 168/344/15 176/353/15 191/354/15 188/355/15
f 175/356/15 171/305/15 172/308/15 176/353/15
f 173/357/16 174/358/16 183/359/16 181/349/16
f 165/338/14 166/360/14 174/358/14 173/357/14
f 167/343/15 175/356/15 176/353/15 168/344/15
f 166/360/18 180/345/18 194/348/18 187/361/18
f 161/336/16 178/362/16 205/363/16 197/364/16
f 178/362/14 177/346/14 180/345/14 179/337/14
f 181/349/14 183/359/14 184/365/14 182/350/14
f 166/360/18 165/338/18 179/337/18 180/345/18
f 184/365/14 183/359/14 195/366/14 196/367/14
f 161/336/16 162/335/16 177/346/16 178/362/16
f 171/305/15 175/356/15 203/368/15 204/369/15
f 170/302/18 169/301/18 182/350/18 184/365/18
f 163/326/16 161/325/16 197/370/16 198/371/16
f 186/372/17 185/373/17 188/374/17 187/375/17
f 189/376/17 190/341/17 196/377/17 195/378/17
f 189/376/17 191/379/17 192/342/17 190/341/17
f 187/375/17 188/374/17 191/379/17 189/376/17
f 186/372/17 187/375/17 194/380/17 193/381/17
f 177/346/16 162/335/16 186/382/16 193/347/16
f 164/332/15 168/344/15 188/355/15 185/383/15
f 170/302/18 184/365/18 196/367/18 190/384/18
f 174/358/14 166/360/14 187/361/14 189/385/14
f 162/330/16 164/329/16 185/373/16 186/372/16
f 176/353/15 172/308/15 192/386/15 191/354/15
f 183/359/16 174/358/16 189/385/16 195/366/16
f 198/371/19 197/370/19 199/387/19 200/388/19
f 203/389/19 201/390/19 202/391/19 204/392/19
f 200/388/19 199/387/19 201/390/19 203/389/19
f 202/391/19 201/390/19 207/393/19 208/394/19
f 199/387/19 197/370/19 205/395/19 206/396/19
f 175/356/15 167/343/15 200/397/15 203/368/15
f 178/362/14 179/337/14 206/340/14 205/363/14
f 182/350/18 169/301/18 202/398/18 208/351/18
f 169/320/18 171/319/18 204/392/18 202/391/18
f 167/343/15 163/331/15 198/399/15 200/397/15
f 173/357/16 181/349/16 207/352/16 201/400/16
f 165/338/14 173/357/14 201/400/14 199/339/14
o 2ndShelfBrace_Cube.027
v 1.498034 4.954675 10.918001
v 1.498034 5.254675 10.918001
v 1.498034 4.954675 -10.918001
v 1.498034 5.254675 -10.918001
v 1.578033 4.954675 10.918001
v 1.578033 5.254675 10.918001
v 1.578033 4.954675 -10.918001
v 1.578033 5.254675 -10.918001
v 1.498034 4.954675 10.481281
v 1.498034 5.254675 10.481281
v 1.578033 4.954675 10.481281
v 1.578033 5.254675 10.481281
v 1.498034 5.254675 -10.490016
v 1.578033 4.954675 -10.490016
v 1.498034 4.954675 -10.490016
v 1.578033 5.254675 -10.490016
v 1.498034 4.954675 3.665610
v 1.578033 5.254675 3.665610
v 1.498034 5.254675 3.665610
v 1.578033 4.954675 3.665610
v 1.498034 5.254675 3.315551
v 1.578033 4.954675 3.315551
v 1.498034 4.954675 3.315551
v 1.578033 5.254675 3.315551
v 1.498034 5.254675 -3.667029
v 1.578033 4.954675 -3.667029
v 1.498034 4.954675 -3.667028
v 1.578033 5.254675 -3.667028
v 1.498034 4.954675 -3.296941
v 1.578033 5.254675 -3.296941
v 1.498034 5.254675 -3.296942
v 1.578033 4.954675 -3.296942
v 1.498034 4.654675 10.481281
v 1.498034 4.654675 10.918001
v 1.578033 4.654675 10.918001
v 1.578033 4.654675 10.481281
v 1.498034 4.754675 3.315551
v 1.498034 4.754675 3.665610
v 1.578033 4.754675 3.665610
v 1.578033 4.754675 3.315551
v 1.578033 4.754675 -3.296942
v 1.578033 4.754675 -3.667029
v 1.498034 4.754675 -3.667028
v 1.498034 4.754675 -3.296941
v 1.578033 4.654675 -10.918001
v 1.498034 4.654675 -10.918001
v 1.578033 4.654675 -10.490016
v 1.498034 4.654675 -10.490016
v -1.498034 4.954675 10.918001
v -1.498034 5.254675 10.918001
v -1.498034 4.954675 -10.918001
v -1.498034 5.254675 -10.918001
v -1.578033 4.954675 10.918001
v -1.578033 5.254675 10.918001
v -1.578033 4.954675 -10.918001
v -1.578033 5.254675 -10.918001
v -1.498034 4.954675 10.481281
v -1.498034 5.254675 10.481281
v -1.578033 4.954675 10.481281
v -1.578033 5.254675 10.481281
v -1.498034 5.254675 -10.490016
v -1.578033 4.954675 -10.490016
v -1.498034 4.954675 -10.490016
v -1.578033 5.254675 -10.490016
v -1.498034 4.954675 3.665610
v -1.578033 5.254675 3.665610
v -1.498034 5.254675 3.665610
v -1.578033 4.954675 3.665610
v -1.498034 5.254675 3.315551
v -1.578033 4.954675 3.315551
v -1.498034 4.954675 3.315551
v -1.578033 5.254675 3.315551
v -1.498034 5.254675 -3.667029
v -1.578033 4.954675 -3.667029
v -1.498034 4.954675 -3.667028
v -1.578033 5.254675 -3.667028
v -1.498034 4.954675 -3.296941
v -1.578033 5.254675 -3.296941
v -1.498034 5.254675 -3.296942
v -1.578033 4.954675 -3.296942
v -1.498034 4.654675 10.481281
v -1.498034 4.654675 10.918001
v -1.578033 4.654675 10.918001
v -1.578033 4.654675 10.481281
v -1.498034 4.754675 3.315551
v -1.498034 4.754675 3.665610
v -1.578033 4.754675 3.665610
v -1.578033 4.754675 3.315551
v -1.578033 4.754675 -3.296942
v -1.578033 4.754675 -3.667029
v -1.498034 4.754675 -3.667028
v -1.498034 4.754675 -3.296941
v -1.578033 4.654675 -10.918001
v -1.498034 4.654675 -10.918001
v -1.578033 4.654675 -10.490016
v -1.498034 4.654675 -10.490016
vt 0.932809 0.132082
vt 0.932809 0.058487
vt 0.950118 0.058487
vt 0.950119 0.132082
vt 0.832989 0.458595
vt 0.832987 0.554269
vt 0.787064 0.554268
vt 0.787065 0.458595
vt 0.617151 0.458595
vt 0.617151 0.554269
vt 0.594189 0.554269
vt 0.594190 0.458595
vt 0.548265 0.554269
vt 0.548266 0.458595
vt 0.663074 0.458595
vt 0.617151 0.362921
vt 0.663075 0.362921
vt 0.617151 0.561923
vt 0.594189 0.561923
vt 0.454249 0.468947
vt 0.454249 0.476601
vt 0.095896 0.476601
vt 0.095896 0.468947
vt 0.454249 0.365619
vt 0.454249 0.373273
vt 0.095896 0.373273
vt 0.095896 0.365619
vt 0.066973 0.132082
vt 0.066973 0.058487
vt 0.084636 0.058487
vt 0.084636 0.132082
vt 0.764562 0.554268
vt 0.764562 0.458595
vt 0.787066 0.362921
vt 0.832989 0.362921
vt 0.787064 0.561922
vt 0.764562 0.561922
vt 0.656857 0.132082
vt 0.656857 0.058487
vt 0.360292 0.058487
vt 0.360292 0.132082
vt 0.958049 0.437057
vt 0.958049 0.532726
vt 0.939645 0.532726
vt 0.939643 0.437057
vt 1.003973 0.437057
vt 0.958049 0.373273
vt 1.003973 0.373273
vt 0.958049 0.540379
vt 0.939645 0.540379
vt 0.553253 0.303001
vt 0.553253 0.310655
vt 0.205583 0.310655
vt 0.205583 0.303001
vt 0.553253 0.199673
vt 0.553253 0.207327
vt 0.205583 0.207327
vt 0.205583 0.199674
vt 0.374450 0.058487
vt 0.374451 0.132082
vt 0.931451 0.207327
vt 0.931451 0.303001
vt 0.572712 0.303001
vt 0.572711 0.207327
vt 0.931451 0.199673
vt 0.572711 0.199673
vt 0.931451 0.310655
vt 0.572712 0.310655
vt 0.641889 0.132082
vt 0.641889 0.058487
vt 0.656858 0.181145
vt 0.641890 0.181145
vt 0.617151 0.355267
vt 0.594190 0.362921
vt 0.594190 0.355267
vt 0.084636 0.205676
vt 0.066974 0.205676
vt 0.548267 0.362921
vt 0.958049 0.365619
vt 0.939643 0.373273
vt 0.939643 0.365619
vt 0.374450 0.181149
vt 0.360291 0.181149
vt 0.893719 0.437057
vt 0.893720 0.373273
vt 0.572713 0.135892
vt 0.572713 0.143546
vt 0.553254 0.143546
vt 0.553254 0.135892
vt 0.618635 0.207328
vt 0.618635 0.143546
vt 0.507332 0.207328
vt 0.507331 0.143546
vt 0.787066 0.355267
vt 0.764563 0.362921
vt 0.764563 0.355267
vt 0.950119 0.205679
vt 0.932809 0.205679
vt 0.718639 0.458595
vt 0.718639 0.362921
vt 0.932809 0.132082
vt 0.950119 0.132082
vt 0.950118 0.058487
vt 0.932809 0.058487
vt 0.832989 0.458595
vt 0.787065 0.458595
vt 0.787064 0.554268
vt 0.832987 0.554269
vt 0.617151 0.458595
vt 0.594190 0.458595
vt 0.594189 0.554269
vt 0.617151 0.554269
vt 0.548266 0.458595
vt 0.548265 0.554269
vt 0.663074 0.458595
vt 0.663075 0.362921
vt 0.617151 0.362921
vt 0.594189 0.561923
vt 0.617151 0.561923
vt 0.454249 0.468947
vt 0.095896 0.468947
vt 0.095896 0.476601
vt 0.454249 0.476601
vt 0.454249 0.365619
vt 0.095896 0.365619
vt 0.095896 0.373273
vt 0.454249 0.373273
vt 0.066973 0.132082
vt 0.084636 0.132082
vt 0.084636 0.058487
vt 0.066973 0.058487
vt 0.764562 0.458595
vt 0.764562 0.554268
vt 0.832989 0.362921
vt 0.787066 0.362921
vt 0.764562 0.561922
vt 0.787064 0.561922
vt 0.656857 0.132082
vt 0.656857 0.058487
vt 0.360292 0.132082
vt 0.360292 0.058487
vt 0.958049 0.437057
vt 0.939643 0.437057
vt 0.939645 0.532726
vt 0.958049 0.532726
vt 1.003973 0.437057
vt 1.003973 0.373273
vt 0.958049 0.373273
vt 0.939645 0.540379
vt 0.958049 0.540379
vt 0.553253 0.303001
vt 0.205583 0.303001
vt 0.205583 0.310655
vt 0.553253 0.310655
vt 0.553253 0.199673
vt 0.205583 0.199674
vt 0.205583 0.207327
vt 0.553253 0.207327
vt 0.374451 0.132082
vt 0.374450 0.058487
vt 0.931451 0.207327
vt 0.572711 0.207327
vt 0.572712 0.303001
vt 0.931451 0.303001
vt 0.931451 0.199673
vt 0.572711 0.199673
vt 0.572712 0.310655
vt 0.931451 0.310655
vt 0.641889 0.132082
vt 0.641889 0.058487
vt 0.641890 0.181145
vt 0.656858 0.181145
vt 0.617151 0.355267
vt 0.594190 0.355267
vt 0.594190 0.362921
vt 0.066974 0.205676
vt 0.084636 0.205676
vt 0.548267 0.362921
vt 0.958049 0.365619
vt 0.939643 0.365619
vt 0.939643 0.373273
vt 0.360291 0.181149
vt 0.374450 0.181149
vt 0.893720 0.373273
vt 0.893719 0.437057
vt 0.572713 0.135892
vt 0.553254 0.135892
vt 0.553254 0.143546
vt 0.572713 0.143546
vt 0.618635 0.207328
vt 0.618635 0.143546
vt 0.507331 0.143546
vt 0.507332 0.207328
vt 0.787066 0.355267
vt 0.764563 0.355267
vt 0.764563 0.362921
vt 0.932809 0.205679
vt 0.950119 0.205679
vt 0.718639 0.362921
vt 0.718639 0.458595
vn -1.0000 0.0000 0.0000
vn 0.0000 0.0000 -1.0000
vn 1.0000 0.0000 0.0000
vn 0.0000 0.0000 1.0000
vn 0.0000 1.0000 0.0000
vn 0.0000 -1.0000 0.0000
usemtl None
s off
f 223/401/21 221/402/21 212/403/21 211/404/21
f 211/405/22 212/406/22 216/407/22 215/408/22
f 219/409/23 220/410/23 214/411/23 213/412/23
f 213/412/24 214/411/24 210/413/24 209/414/24
f 217/415/22 219/409/22 244/416/22 241/417/22
f 220/410/25 218/418/25 210/419/25 214/411/25
f 226/420/25 227/421/25 218/422/25 220/423/25
f 225/424/26 228/425/26 219/426/26 217/427/26
f 228/425/23 226/420/23 220/423/23 219/426/23
f 209/428/21 210/429/21 218/430/21 217/431/21
f 215/408/23 216/407/23 224/432/23 222/433/23
f 211/405/22 215/408/22 253/434/22 254/435/22
f 216/407/25 212/436/25 221/437/25 224/432/25
f 235/438/21 233/439/21 221/402/21 223/401/21
f 217/431/21 218/430/21 227/440/21 225/441/21
f 230/442/23 232/443/23 226/444/23 228/445/23
f 231/446/22 230/442/22 248/447/22 245/448/22
f 232/443/25 229/449/25 227/450/25 226/444/25
f 238/451/25 239/452/25 229/453/25 232/454/25
f 237/455/26 240/456/26 230/457/26 231/458/26
f 240/456/23 238/451/23 232/454/23 230/457/23
f 225/441/21 227/440/21 229/459/21 231/460/21
f 222/461/23 224/462/23 236/463/23 234/464/23
f 223/465/26 222/461/26 234/464/26 235/466/26
f 224/462/25 221/467/25 233/468/25 236/463/25
f 237/469/21 239/470/21 233/439/21 235/438/21
f 231/460/21 229/459/21 239/470/21 237/469/21
f 234/464/23 236/463/23 238/451/23 240/456/23
f 237/469/21 235/438/21 251/471/21 252/472/21
f 236/463/25 233/468/25 239/452/25 238/451/25
f 241/473/26 244/416/26 243/474/26 242/475/26
f 209/428/21 217/431/21 241/476/21 242/477/21
f 219/409/23 213/412/23 243/474/23 244/416/23
f 213/412/24 209/414/24 242/478/24 243/474/24
f 245/479/26 248/447/26 247/480/26 246/481/26
f 225/441/21 231/460/21 245/482/21 246/483/21
f 230/442/23 228/445/23 247/480/23 248/447/23
f 228/445/24 225/484/24 246/485/24 247/480/24
f 251/486/26 250/487/26 249/488/26 252/489/26
f 235/490/22 234/464/22 250/487/22 251/491/22
f 240/456/24 237/492/24 252/493/24 249/488/24
f 234/464/23 240/456/23 249/488/23 250/487/23
f 254/494/26 253/434/26 255/495/26 256/496/26
f 223/401/21 211/404/21 254/497/21 256/498/21
f 215/408/23 222/433/23 255/495/23 253/434/23
f 222/433/24 223/499/24 256/500/24 255/495/24
f 271/501/23 259/502/23 260/503/23 269/504/23
f 259/505/22 263/506/22 264/507/22 260/508/22
f 267/509/21 261/510/21 262/511/21 268/512/21
f 261/510/24 257/513/24 258/514/24 262/511/24
f 265/515/22 289/516/22 292/517/22 267/509/22
f 268/512/25 262/511/25 258/518/25 266/519/25
f 274/520/25 268/521/25 266/522/25 275/523/25
f 273/524/26 265/525/26 267/526/26 276/527/26
f 276/527/21 267/526/21 268/521/21 274/520/21
f 257/528/23 265/529/23 266/530/23 258/531/23
f 263/506/21 270/532/21 272/533/21 264/507/21
f 259/505/22 302/534/22 301/535/22 263/506/22
f 264/507/25 272/533/25 269/536/25 260/537/25
f 283/538/23 271/501/23 269/504/23 281/539/23
f 265/529/23 273/540/23 275/541/23 266/530/23
f 278/542/21 276/543/21 274/544/21 280/545/21
f 279/546/22 293/547/22 296/548/22 278/542/22
f 280/545/25 274/544/25 275/549/25 277/550/25
f 286/551/25 280/552/25 277/553/25 287/554/25
f 285/555/26 279/556/26 278/557/26 288/558/26
f 288/558/21 278/557/21 280/552/21 286/551/21
f 273/540/23 279/559/23 277/560/23 275/541/23
f 270/561/21 282/562/21 284/563/21 272/564/21
f 271/565/26 283/566/26 282/562/26 270/561/26
f 272/564/25 284/563/25 281/567/25 269/568/25
f 285/569/23 283/538/23 281/539/23 287/570/23
f 279/559/23 285/569/23 287/570/23 277/560/23
f 282/562/21 288/558/21 286/551/21 284/563/21
f 285/569/23 300/571/23 299/572/23 283/538/23
f 284/563/25 286/551/25 287/554/25 281/567/25
f 289/573/26 290/574/26 291/575/26 292/517/26
f 257/528/23 290/576/23 289/577/23 265/529/23
f 267/509/21 292/517/21 291/575/21 261/510/21
f 261/510/24 291/575/24 290/578/24 257/513/24
f 293/579/26 294/580/26 295/581/26 296/548/26
f 273/540/23 294/582/23 293/583/23 279/559/23
f 278/542/21 296/548/21 295/581/21 276/543/21
f 276/543/24 295/581/24 294/584/24 273/585/24
f 299/586/26 300/587/26 297/588/26 298/589/26
f 283/590/22 299/591/22 298/589/22 282/562/22
f 288/558/24 297/588/24 300/592/24 285/593/24
f 282/562/21 298/589/21 297/588/21 288/558/21
f 302/594/26 304/595/26 303/596/26 301/535/26
f 271/501/23 304/597/23 302/598/23 259/502/23
f 263/506/21 301/535/21 303/596/21 270/532/21
f 270/532/24 303/596/24 304/599/24 271/600/24
o 4thShelfBrace_Cube.026
v 1.498034 14.954675 10.918001
v 1.498034 15.254675 10.918001
v 1.498034 14.954675 -10.918001
v 1.498034 15.254675 -10.918001
v 1.578033 14.954675 10.918001
v 1.578033 15.254675 10.918001
v 1.578033 14.954675 -10.918001
v 1.578033 15.254675 -10.918001
v 1.498034 14.954675 10.481281
v 1.498034 15.254675 10.481281
v 1.578033 14.954675 10.481281
v 1.578033 15.254675 10.481281
v 1.498034 15.254675 -10.490016
v 1.578033 14.954675 -10.490016
v 1.498034 14.954675 -10.490016
v 1.578033 15.254675 -10.490016
v 1.498034 14.954675 3.665610
v 1.578033 15.254675 3.665610
v 1.498034 15.254675 3.665610
v 1.578033 14.954675 3.665610
v 1.498034 15.254675 3.315551
v 1.578033 14.954675 3.315551
v 1.498034 14.954675 3.315551
v 1.578033 15.254675 3.315551
v 1.498034 15.254675 -3.667029
v 1.578033 14.954675 -3.667029
v 1.498034 14.954675 -3.667028
v 1.578033 15.254675 -3.667028
v 1.498034 14.954675 -3.296941
v 1.578033 15.254675 -3.296941
v 1.498034 15.254675 -3.296942
v 1.578033 14.954675 -3.296942
v 1.498034 14.654675 10.481281
v 1.498034 14.654675 10.918001
v 1.578033 14.654675 10.918001
v 1.578033 14.654675 10.481281
v 1.498034 14.754675 3.315551
v 1.498034 14.754675 3.665610
v 1.578033 14.754675 3.665610
v 1.578033 14.754675 3.315551
v 1.578033 14.754675 -3.296942
v 1.578033 14.754675 -3.667029
v 1.498034 14.754675 -3.667028
v 1.498034 14.754675 -3.296941
v 1.578033 14.654675 -10.918001
v 1.498034 14.654675 -10.918001
v 1.578033 14.654675 -10.490016
v 1.498034 14.654675 -10.490016
v -1.498034 14.954675 10.918001
v -1.498034 15.254675 10.918001
v -1.498034 14.954675 -10.918001
v -1.498034 15.254675 -10.918001
v -1.578033 14.954675 10.918001
v -1.578033 15.254675 10.918001
v -1.578033 14.954675 -10.918001
v -1.578033 15.254675 -10.918001
v -1.498034 14.954675 10.481281
v -1.498034 15.254675 10.481281
v -1.578033 14.954675 10.481281
v -1.578033 15.254675 10.481281
v -1.498034 15.254675 -10.490016
v -1.578033 14.954675 -10.490016
v -1.498034 14.954675 -10.490016
v -1.578033 15.254675 -10.490016
v -1.498034 14.954675 3.665610
v -1.578033 15.254675 3.665610
v -1.498034 15.254675 3.665610
v -1.578033 14.954675 3.665610
v -1.498034 15.254675 3.315551
v -1.578033 14.954675 3.315551
v -1.498034 14.954675 3.315551
v -1.578033 15.254675 3.315551
v -1.498034 15.254675 -3.667029
v -1.578033 14.954675 -3.667029
v -1.498034 14.954675 -3.667028
v -1.578033 15.254675 -3.667028
v -1.498034 14.954675 -3.296941
v -1.578033 15.254675 -3.296941
v -1.498034 15.254675 -3.296942
v -1.578033 14.954675 -3.296942
v -1.498034 14.654675 10.481281
v -1.498034 14.654675 10.918001
v -1.578033 14.654675 10.918001
v -1.578033 14.654675 10.481281
v -1.498034 14.754675 3.315551
v -1.498034 14.754675 3.665610
v -1.578033 14.754675 3.665610
v -1.578033 14.754675 3.315551
v -1.578033 14.754675 -3.296942
v -1.578033 14.754675 -3.667029
v -1.498034 14.754675 -3.667028
v -1.498034 14.754675 -3.296941
v -1.578033 14.654675 -10.918001
v -1.498034 14.654675 -10.918001
v -1.578033 14.654675 -10.490016
v -1.498034 14.654675 -10.490016
vt 0.932809 0.132082
vt 0.932809 0.058487
vt 0.950118 0.058487
vt 0.950119 0.132082
vt 0.832989 0.458595
vt 0.832987 0.554269
vt 0.787064 0.554268
vt 0.787065 0.458595
vt 0.617151 0.458595
vt 0.617151 0.554269
vt 0.594189 0.554269
vt 0.594190 0.458595
vt 0.548265 0.554269
vt 0.548266 0.458595
vt 0.663074 0.458595
vt 0.617151 0.362921
vt 0.663075 0.362921
vt 0.617151 0.561923
vt 0.594189 0.561923
vt 0.454249 0.468947
vt 0.454249 0.476601
vt 0.095896 0.476601
vt 0.095896 0.468947
vt 0.454249 0.365619
vt 0.454249 0.373273
vt 0.095896 0.373273
vt 0.095896 0.365619
vt 0.066973 0.132082
vt 0.066973 0.058487
vt 0.084636 0.058487
vt 0.084636 0.132082
vt 0.764562 0.554268
vt 0.764562 0.458595
vt 0.787066 0.362921
vt 0.832989 0.362921
vt 0.787064 0.561922
vt 0.764562 0.561922
vt 0.656857 0.132082
vt 0.656857 0.058487
vt 0.360292 0.058487
vt 0.360292 0.132082
vt 0.958049 0.437057
vt 0.958049 0.532726
vt 0.939645 0.532726
vt 0.939643 0.437057
vt 1.003973 0.437057
vt 0.958049 0.373273
vt 1.003973 0.373273
vt 0.958049 0.540379
vt 0.939645 0.540379
vt 0.553253 0.303001
vt 0.553253 0.310655
vt 0.205583 0.310655
vt 0.205583 0.303001
vt 0.553253 0.199673
vt 0.553253 0.207327
vt 0.205583 0.207327
vt 0.205583 0.199674
vt 0.374450 0.058487
vt 0.374451 0.132082
vt 0.931451 0.207327
vt 0.931451 0.303001
vt 0.572712 0.303001
vt 0.572711 0.207327
vt 0.931451 0.199673
vt 0.572711 0.199673
vt 0.931451 0.310655
vt 0.572712 0.310655
vt 0.641889 0.132082
vt 0.641889 0.058487
vt 0.656858 0.181145
vt 0.641890 0.181145
vt 0.617151 0.355267
vt 0.594190 0.362921
vt 0.594190 0.355267
vt 0.084636 0.205676
vt 0.066974 0.205676
vt 0.548267 0.362921
vt 0.958049 0.365619
vt 0.939643 0.373273
vt 0.939643 0.365619
vt 0.374450 0.181149
vt 0.360291 0.181149
vt 0.893719 0.437057
vt 0.893720 0.373273
vt 0.572713 0.135892
vt 0.572713 0.143546
vt 0.553254 0.143546
vt 0.553254 0.135892
vt 0.618635 0.207328
vt 0.618635 0.143546
vt 0.507332 0.207328
vt 0.507331 0.143546
vt 0.787066 0.355267
vt 0.764563 0.362921
vt 0.764563 0.355267
vt 0.950119 0.205679
vt 0.932809 0.205679
vt 0.718639 0.458595
vt 0.718639 0.362921
vt 0.932809 0.132082
vt 0.950119 0.132082
vt 0.950118 0.058487
vt 0.932809 0.058487
vt 0.832989 0.458595
vt 0.787065 0.458595
vt 0.787064 0.554268
vt 0.832987 0.554269
vt 0.617151 0.458595
vt 0.594190 0.458595
vt 0.594189 0.554269
vt 0.617151 0.554269
vt 0.548266 0.458595
vt 0.548265 0.554269
vt 0.663074 0.458595
vt 0.663075 0.362921
vt 0.617151 0.362921
vt 0.594189 0.561923
vt 0.617151 0.561923
vt 0.454249 0.468947
vt 0.095896 0.468947
vt 0.095896 0.476601
vt 0.454249 0.476601
vt 0.454249 0.365619
vt 0.095896 0.365619
vt 0.095896 0.373273
vt 0.454249 0.373273
vt 0.066973 0.132082
vt 0.084636 0.132082
vt 0.084636 0.058487
vt 0.066973 0.058487
vt 0.764562 0.458595
vt 0.764562 0.554268
vt 0.832989 0.362921
vt 0.787066 0.362921
vt 0.764562 0.561922
vt 0.787064 0.561922
vt 0.656857 0.132082
vt 0.656857 0.058487
vt 0.360292 0.132082
vt 0.360292 0.058487
vt 0.958049 0.437057
vt 0.939643 0.437057
vt 0.939645 0.532726
vt 0.958049 0.532726
vt 1.003973 0.437057
vt 1.003973 0.373273
vt 0.958049 0.373273
vt 0.939645 0.540379
vt 0.958049 0.540379
vt 0.553253 0.303001
vt 0.205583 0.303001
vt 0.205583 0.310655
vt 0.553253 0.310655
vt 0.553253 0.199673
vt 0.205583 0.199674
vt 0.205583 0.207327
vt 0.553253 0.207327
vt 0.374451 0.132082
vt 0.374450 0.058487
vt 0.931451 0.207327
vt 0.572711 0.207327
vt 0.572712 0.303001
vt 0.931451 0.303001
vt 0.931451 0.199673
vt 0.572711 0.199673
vt 0.572712 0.310655
vt 0.931451 0.310655
vt 0.641889 0.132082
vt 0.641889 0.058487
vt 0.641890 0.181145
vt 0.656858 0.181145
vt 0.617151 0.355267
vt 0.594190 0.355267
vt 0.594190 0.362921
vt 0.066974 0.205676
vt 0.084636 0.205676
vt 0.548267 0.362921
vt 0.958049 0.365619
vt 0.939643 0.365619
vt 0.939643 0.373273
vt 0.360291 0.181149
vt 0.374450 0.181149
vt 0.893720 0.373273
vt 0.893719 0.437057
vt 0.572713 0.135892
vt 0.553254 0.135892
vt 0.553254 0.143546
vt 0.572713 0.143546
vt 0.618635 0.207328
vt 0.618635 0.143546
vt 0.507331 0.143546
vt 0.507332 0.207328
vt 0.787066 0.355267
vt 0.764563 0.355267
vt 0.764563 0.362921
vt 0.932809 0.205679
vt 0.950119 0.205679
vt 0.718639 0.362921
vt 0.718639 0.458595
vn -1.0000 0.0000 0.0000
vn 0.0000 0.0000 -1.0000
vn 1.0000 0.0000 0.0000
vn 0.0000 0.0000 1.0000
vn 0.0000 1.0000 0.0000
vn 0.0000 -1.0000 0.0000
usemtl None
s off
f 319/601/27 317/602/27 308/603/27 307/604/27
f 307/605/28 308/606/28 312/607/28 311/608/28
f 315/609/29 316/610/29 310/611/29 309/612/29
f 309/612/30 310/611/30 306/613/30 305/614/30
f 313/615/28 315/609/28 340/616/28 337/617/28
f 316/610/31 314/618/31 306/619/31 310/611/31
f 322/620/31 323/621/31 314/622/31 316/623/31
f 321/624/32 324/625/32 315/626/32 313/627/32
f 324/625/29 322/620/29 316/623/29 315/626/29
f 305/628/27 306/629/27 314/630/27 313/631/27
f 311/608/29 312/607/29 320/632/29 318/633/29
f 307/605/28 311/608/28 349/634/28 350/635/28
f 312/607/31 308/636/31 317/637/31 320/632/31
f 331/638/27 329/639/27 317/602/27 319/601/27
f 313/631/27 314/630/27 323/640/27 321/641/27
f 326/642/29 328/643/29 322/644/29 324/645/29
f 327/646/28 326/642/28 344/647/28 341/648/28
f 328/643/31 325/649/31 323/650/31 322/644/31
f 334/651/31 335/652/31 325/653/31 328/654/31
f 333/655/32 336/656/32 326/657/32 327/658/32
f 336/656/29 334/651/29 328/654/29 326/657/29
f 321/641/27 323/640/27 325/659/27 327/660/27
f 318/661/29 320/662/29 332/663/29 330/664/29
f 319/665/32 318/661/32 330/664/32 331/666/32
f 320/662/31 317/667/31 329/668/31 332/663/31
f 333/669/27 335/670/27 329/639/27 331/638/27
f 327/660/27 325/659/27 335/670/27 333/669/27
f 330/664/29 332/663/29 334/651/29 336/656/29
f 333/669/27 331/638/27 347/671/27 348/672/27
f 332/663/31 329/668/31 335/652/31 334/651/31
f 337/673/32 340/616/32 339/674/32 338/675/32
f 305/628/27 313/631/27 337/676/27 338/677/27
f 315/609/29 309/612/29 339/674/29 340/616/29
f 309/612/30 305/614/30 338/678/30 339/674/30
f 341/679/32 344/647/32 343/680/32 342/681/32
f 321/641/27 327/660/27 341/682/27 342/683/27
f 326/642/29 324/645/29 343/680/29 344/647/29
f 324/645/30 321/684/30 342/685/30 343/680/30
f 347/686/32 346/687/32 345/688/32 348/689/32
f 331/690/28 330/664/28 346/687/28 347/691/28
f 336/656/30 333/692/30 348/693/30 345/688/30
f 330/664/29 336/656/29 345/688/29 346/687/29
f 350/694/32 349/634/32 351/695/32 352/696/32
f 319/601/27 307/604/27 350/697/27 352/698/27
f 311/608/29 318/633/29 351/695/29 349/634/29
f 318/633/30 319/699/30 352/700/30 351/695/30
f 367/701/29 355/702/29 356/703/29 365/704/29
f 355/705/28 359/706/28 360/707/28 356/708/28
f 363/709/27 357/710/27 358/711/27 364/712/27
f 357/710/30 353/713/30 354/714/30 358/711/30
f 361/715/28 385/716/28 388/717/28 363/709/28
f 364/712/31 358/711/31 354/718/31 362/719/31
f 370/720/31 364/721/31 362/722/31 371/723/31
f 369/724/32 361/725/32 363/726/32 372/727/32
f 372/727/27 363/726/27 364/721/27 370/720/27
f 353/728/29 361/729/29 362/730/29 354/731/29
f 359/706/27 366/732/27 368/733/27 360/707/27
f 355/705/28 398/734/28 397/735/28 359/706/28
f 360/707/31 368/733/31 365/736/31 356/737/31
f 379/738/29 367/701/29 365/704/29 377/739/29
f 361/729/29 369/740/29 371/741/29 362/730/29
f 374/742/27 372/743/27 370/744/27 376/745/27
f 375/746/28 389/747/28 392/748/28 374/742/28
f 376/745/31 370/744/31 371/749/31 373/750/31
f 382/751/31 376/752/31 373/753/31 383/754/31
f 381/755/32 375/756/32 374/757/32 384/758/32
f 384/758/27 374/757/27 376/752/27 382/751/27
f 369/740/29 375/759/29 373/760/29 371/741/29
f 366/761/27 378/762/27 380/763/27 368/764/27
f 367/765/32 379/766/32 378/762/32 366/761/32
f 368/764/31 380/763/31 377/767/31 365/768/31
f 381/769/29 379/738/29 377/739/29 383/770/29
f 375/759/29 381/769/29 383/770/29 373/760/29
f 378/762/27 384/758/27 382/751/27 380/763/27
f 381/769/29 396/771/29 395/772/29 379/738/29
f 380/763/31 382/751/31 383/754/31 377/767/31
f 385/773/32 386/774/32 387/775/32 388/717/32
f 353/728/29 386/776/29 385/777/29 361/729/29
f 363/709/27 388/717/27 387/775/27 357/710/27
f 357/710/30 387/775/30 386/778/30 353/713/30
f 389/779/32 390/780/32 391/781/32 392/748/32
f 369/740/29 390/782/29 389/783/29 375/759/29
f 374/742/27 392/748/27 391/781/27 372/743/27
f 372/743/30 391/781/30 390/784/30 369/785/30
f 395/786/32 396/787/32 393/788/32 394/789/32
f 379/790/28 395/791/28 394/789/28 378/762/28
f 384/758/30 393/788/30 396/792/30 381/793/30
f 378/762/27 394/789/27 393/788/27 384/758/27
f 398/794/32 400/795/32 399/796/32 397/735/32
f 367/701/29 400/797/29 398/798/29 355/702/29
f 359/706/27 397/735/27 399/796/27 366/732/27
f 366/732/30 399/796/30 400/799/30 367/800/30
o 4thShelf_Cube.025
v 1.494919 15.129395 -10.351169
v 1.494919 15.129395 10.351170
v -1.494919 15.129395 10.351168
v -1.494918 15.129395 -10.351173
v 1.494920 15.236643 -10.351164
v 1.494918 15.236643 10.351175
v -1.494919 15.236643 10.351166
v -1.494919 15.236643 -10.351170
v 1.097083 15.129395 -10.351170
v 1.097082 15.129395 10.351169
v 1.097083 15.236643 -10.351165
v 1.097082 15.236643 10.351174
v 0.792307 15.129395 -10.351170
v 0.792307 15.129395 10.351169
v 0.792308 15.236643 -10.351165
v 0.792306 15.236643 10.351173
v -1.099962 15.129395 -10.351173
v -1.099963 15.129395 10.351168
v -1.099962 15.236643 -10.351169
v -1.099963 15.236643 10.351167
v -0.763006 15.129395 -10.351173
v -0.763007 15.129395 10.351168
v -0.763006 15.236643 -10.351168
v -0.763007 15.236643 10.351168
v 1.097083 14.892843 10.351169
v 1.097083 14.892843 -10.351170
v 0.792307 14.892843 -10.351170
v 0.792307 14.892843 10.351169
v -0.763006 14.892843 -10.351173
v -1.099962 14.892843 -10.351173
v -0.763007 14.892843 10.351168
v -1.099963 14.892843 10.351168
v 1.097081 15.236640 10.651174
v 1.097082 15.129393 10.651169
v 0.792307 15.129393 10.651169
v 0.792306 15.236640 10.651173
v -0.763007 15.129393 10.651168
v -1.099963 15.129393 10.651168
v -0.763007 15.236640 10.651168
v -1.099964 15.236640 10.651166
v 1.097082 14.892841 10.651169
v 0.792307 14.892841 10.651169
v -0.763007 14.892841 10.651168
v -1.099963 14.892841 10.651168
v 1.097083 15.129404 -10.651170
v 1.097084 15.236650 -10.651165
v 0.792307 15.129404 -10.651170
v 0.792308 15.236650 -10.651165
v -0.763006 15.129404 -10.651174
v -1.099962 15.129404 -10.651174
v -0.763006 15.236650 -10.651168
v -1.099962 15.236650 -10.651169
v 1.097083 14.892852 -10.651170
v 0.792307 14.892852 -10.651170
v -0.763006 14.892852 -10.651174
v -1.099962 14.892852 -10.651174
vt 0.604679 0.070701
vt 0.105131 0.070691
vt 0.105138 0.059114
vt 0.604686 0.059123
vt 0.734594 0.944354
vt 0.714330 0.944354
vt 0.714330 0.069956
vt 0.734595 0.069956
vt 0.926085 0.944355
vt 0.867733 0.944354
vt 0.867734 0.069959
vt 0.926086 0.069961
vt 0.137508 0.619757
vt 0.137509 0.658659
vt 0.068609 0.658659
vt 0.068609 0.619757
vt 0.655977 0.069956
vt 0.655977 0.944354
vt 0.533495 0.863404
vt 0.533456 0.824503
vt 0.602355 0.824500
vt 0.602394 0.863402
vt 0.065708 0.863423
vt 0.065668 0.824521
vt 0.135070 0.824518
vt 0.135109 0.863420
vt 0.605295 0.619757
vt 0.605295 0.658659
vt 0.535894 0.658659
vt 0.535894 0.619757
vt 0.847321 0.944354
vt 0.847321 0.069959
vt 0.605343 0.440578
vt 0.105837 0.440614
vt 0.105810 0.428954
vt 0.605315 0.428918
vt 0.605295 0.346564
vt 0.605585 0.273204
vt 0.612872 0.273203
vt 0.612580 0.346563
vt 0.145066 0.619756
vt 0.145067 0.658658
vt 0.831683 0.944353
vt 0.831684 0.069959
vt 0.105198 0.346578
vt 0.105212 0.355556
vt 0.097924 0.355557
vt 0.097912 0.346579
vt 0.604975 0.154008
vt 0.604941 0.144087
vt 0.612229 0.144084
vt 0.612259 0.154008
vt 0.751883 0.069956
vt 0.751883 0.057285
vt 0.831684 0.057288
vt 0.751883 0.944354
vt 0.605552 0.227366
vt 0.105155 0.227421
vt 0.104764 0.154051
vt 0.105235 0.273232
vt 0.097949 0.273232
vt 0.605283 0.355537
vt 0.612569 0.355539
vt 0.612616 0.428920
vt 0.104764 0.144122
vt 0.097476 0.154051
vt 0.097472 0.144122
vt 0.751883 0.957025
vt 0.734595 0.957025
vt 0.142628 0.824521
vt 0.142668 0.863423
vt 0.528336 0.619756
vt 0.528336 0.658658
vt 0.475168 0.658658
vt 0.475168 0.619756
vt 0.203848 0.619756
vt 0.145066 0.533952
vt 0.203847 0.533952
vt 0.203848 0.658658
vt 0.475168 0.533952
vt 0.528335 0.533952
vt 0.098508 0.428954
vt 0.847321 0.057288
vt 0.097826 0.070691
vt 0.097868 0.227421
vt 0.734595 0.057285
vt 0.195796 0.824519
vt 0.195835 0.863420
vt 0.467155 0.863410
vt 0.467116 0.824508
vt 0.525897 0.824506
vt 0.525937 0.863408
vt 0.467029 0.738704
vt 0.525810 0.738702
vt 0.142541 0.738717
vt 0.195709 0.738715
vt 0.831683 0.957025
vt 0.611980 0.070697
vt 0.847321 0.957025
vt 0.612841 0.227367
vn 0.0000 -1.0000 0.0000
vn 0.0000 1.0000 0.0000
vn 1.0000 0.0000 0.0000
vn -0.0000 0.0000 1.0000
vn -1.0000 -0.0000 -0.0000
vn 0.0000 0.0000 -1.0000
vn 0.0000 -0.0001 1.0000
usemtl Material
s off
f 417/801/33 418/802/33 403/803/33 404/804/33
f 419/805/34 408/806/34 407/807/34 420/808/34
f 401/809/35 405/810/35 406/811/35 402/812/35
f 418/813/36 420/814/36 407/815/36 403/816/36
f 403/817/37 407/807/37 408/806/37 404/818/37
f 419/819/38 417/820/38 404/821/38 408/822/38
f 405/823/38 401/824/38 409/825/38 411/826/38
f 402/827/39 406/828/39 412/829/39 410/830/39
f 405/810/34 411/831/34 412/832/34 406/811/34
f 401/833/33 402/834/33 410/835/33 409/836/33
f 427/837/37 413/838/37 447/839/37 454/840/37
f 420/814/37 418/813/37 438/841/37 440/842/37
f 411/831/34 415/843/34 416/844/34 412/832/34
f 428/845/33 425/846/33 441/847/33 442/848/33
f 429/849/33 430/850/33 456/851/33 455/852/33
f 416/844/34 424/853/34 439/854/34 436/855/34
f 423/856/34 419/805/34 420/808/34 424/853/34
f 421/857/35 422/858/35 431/859/35 429/849/35
f 413/838/33 414/860/33 422/858/33 421/857/33
f 415/843/34 423/856/34 424/853/34 416/844/34
f 414/860/37 428/845/37 442/848/37 435/861/37
f 409/836/35 426/862/35 453/863/35 445/864/35
f 426/862/33 425/846/33 428/845/33 427/837/33
f 429/849/33 431/859/33 432/865/33 430/850/33
f 414/860/37 413/838/37 427/837/37 428/845/37
f 432/865/33 431/859/33 443/866/33 444/867/33
f 409/836/35 410/835/35 425/846/35 426/862/35
f 419/805/34 423/856/34 451/868/34 452/869/34
f 418/802/37 417/801/37 430/850/37 432/865/37
f 411/826/35 409/825/35 445/870/35 446/871/35
f 434/872/36 433/873/36 436/874/36 435/875/36
f 437/876/36 438/841/36 444/877/36 443/878/36
f 437/876/36 439/879/36 440/842/36 438/841/36
f 435/875/36 436/874/36 439/879/36 437/876/36
f 434/872/36 435/875/36 442/880/36 441/881/36
f 425/846/35 410/835/35 434/882/35 441/847/35
f 412/832/34 416/844/34 436/855/34 433/883/34
f 418/802/37 432/865/37 444/867/37 438/884/37
f 422/858/33 414/860/33 435/861/33 437/885/33
f 410/830/35 412/829/35 433/873/35 434/872/35
f 424/853/34 420/808/34 440/886/34 439/854/34
f 431/859/35 422/858/35 437/885/35 443/866/35
f 446/871/38 445/870/38 447/887/38 448/888/38
f 451/889/38 449/890/38 450/891/38 452/892/38
f 448/888/38 447/887/38 449/890/38 451/889/38
f 450/891/38 449/890/38 455/893/38 456/894/38
f 447/887/38 445/870/38 453/895/38 454/896/38
f 423/856/34 415/843/34 448/897/34 451/868/34
f 426/862/33 427/837/33 454/840/33 453/863/33
f 430/850/37 417/801/37 450/898/37 456/851/37
f 417/820/37 419/819/37 452/892/37 450/891/37
f 415/843/34 411/831/34 446/899/34 448/897/34
f 421/857/35 429/849/35 455/852/35 449/900/35
f 413/838/33 421/857/33 449/900/33 447/839/33
o RightBrace_Cube.024
v -1.400000 0.000000 -10.954214
v -1.400000 17.000000 -10.954214
v -1.400000 0.000000 -10.366124
v -1.400000 17.000000 -10.366124
v -1.500000 0.000000 -10.954214
v -1.500000 17.000000 -10.954214
v -1.500000 0.000000 -10.366124
v -1.500000 17.000000 -10.366124
v -1.400000 0.000000 -10.859672
v -1.400000 17.000000 -10.859672
v -1.500000 0.000000 -10.859672
v -1.500000 17.000000 -10.859672
v -1.400000 17.000000 -10.687581
v -1.500000 0.000000 -10.687581
v -1.400000 0.000000 -10.687581
v -1.500000 17.000000 -10.687581
v -1.100000 0.000000 -10.859672
v -1.100000 0.000000 -10.954214
v -1.100000 17.000000 -10.954214
v -1.100000 17.000000 -10.687581
v -1.100000 17.000000 -10.366124
v -1.100000 0.000000 -10.366124
v -1.100000 17.000000 -10.859672
v -1.100000 0.000000 -10.687581
v 1.400000 0.000000 -10.954214
v 1.400000 17.000000 -10.954214
v 1.400000 0.000000 -10.366124
v 1.400000 17.000000 -10.366124
v 1.500000 0.000000 -10.954214
v 1.500000 17.000000 -10.954214
v 1.500000 0.000000 -10.366124
v 1.500000 17.000000 -10.366124
v 1.400000 0.000000 -10.859671
v 1.400000 17.000000 -10.859671
v 1.500000 0.000000 -10.859671
v 1.500000 17.000000 -10.859671
v 1.400000 17.000000 -10.687581
v 1.500000 0.000000 -10.687581
v 1.400000 0.000000 -10.687581
v 1.500000 17.000000 -10.687581
v 1.100000 0.000000 -10.859671
v 1.100000 0.000000 -10.954214
v 1.100000 17.000000 -10.954214
v 1.100000 17.000000 -10.687581
v 1.100000 17.000000 -10.366124
v 1.100000 0.000000 -10.366124
v 1.100000 17.000000 -10.859671
v 1.100000 0.000000 -10.687581
vt 0.857222 0.665042
vt 0.948387 0.665042
vt 0.948387 0.981537
vt 0.857222 0.981537
vt 0.527362 0.060810
vt 0.527362 0.947702
vt 0.473187 0.947822
vt 0.473187 0.060930
vt 0.364837 0.061185
vt 0.364837 0.948078
vt 0.310663 0.948212
vt 0.310663 0.061319
vt 0.256487 0.948331
vt 0.256487 0.061439
vt 0.888547 0.140042
vt 0.888547 0.034543
vt 0.915359 0.034543
vt 0.915359 0.140042
vt 0.808418 0.559543
vt 0.808418 0.665042
vt 0.781606 0.665042
vt 0.781606 0.559543
vt 0.857222 0.559543
vt 0.839742 0.140041
vt 0.839742 0.034543
vt 0.419012 0.061053
vt 0.419012 0.947946
vt 0.808418 0.981537
vt 0.781606 0.981537
vt 0.748578 0.140042
vt 0.748578 0.034543
vt 0.948387 0.559543
vt 0.092742 0.061573
vt 0.092742 0.948466
vt 0.038568 0.948598
vt 0.038568 0.061705
vt 0.636316 0.060686
vt 0.636329 0.947579
vt 0.582154 0.947702
vt 0.582141 0.060810
vt 0.201695 0.061439
vt 0.201708 0.948331
vt 0.147534 0.948466
vt 0.147521 0.061573
vt 0.839742 0.456537
vt 0.748578 0.456537
vt 0.915359 0.456537
vt 0.888547 0.456537
vt 0.691108 0.060686
vt 0.691108 0.947579
vt 0.857222 0.665042
vt 0.857222 0.981537
vt 0.948387 0.981537
vt 0.948387 0.665042
vt 0.527362 0.060810
vt 0.473187 0.060930
vt 0.473187 0.947822
vt 0.527362 0.947702
vt 0.364837 0.061185
vt 0.310663 0.061319
vt 0.310663 0.948212
vt 0.364837 0.948078
vt 0.256487 0.061439
vt 0.256487 0.948331
vt 0.888547 0.140042
vt 0.915359 0.140042
vt 0.915359 0.034543
vt 0.888547 0.034543
vt 0.808418 0.559543
vt 0.781606 0.559543
vt 0.781606 0.665042
vt 0.808418 0.665042
vt 0.857222 0.559543
vt 0.839742 0.140041
vt 0.839742 0.034543
vt 0.419012 0.061053
vt 0.419012 0.947946
vt 0.781606 0.981537
vt 0.808418 0.981537
vt 0.748578 0.140042
vt 0.748578 0.034543
vt 0.948387 0.559543
vt 0.092742 0.061573
vt 0.038568 0.061705
vt 0.038568 0.948598
vt 0.092742 0.948466
vt 0.636316 0.060686
vt 0.582141 0.060810
vt 0.582154 0.947702
vt 0.636329 0.947579
vt 0.201695 0.061439
vt 0.147521 0.061573
vt 0.147534 0.948466
vt 0.201708 0.948331
vt 0.748578 0.456537
vt 0.839742 0.456537
vt 0.888547 0.456537
vt 0.915359 0.456537
vt 0.691108 0.060686
vt 0.691108 0.947579
vn 0.0000 1.0000 -0.0000
vn 0.0000 0.0000 1.0000
vn -1.0000 0.0000 0.0000
vn 0.0000 0.0000 -1.0000
vn 0.0000 -1.0000 0.0000
vn 1.0000 0.0000 0.0000
usemtl None_Blue.png
s off
f 469/901/40 460/902/40 477/903/40 476/904/40
f 459/905/41 460/906/41 464/907/41 463/908/41
f 467/909/42 468/910/42 462/911/42 461/912/42
f 461/912/43 462/911/43 458/913/43 457/914/43
f 465/915/44 467/916/44 461/917/44 457/918/44
f 468/919/40 466/920/40 458/921/40 462/922/40
f 472/923/40 469/901/40 466/920/40 468/919/40
f 471/924/44 470/925/44 467/916/44 465/915/44
f 470/926/42 472/927/42 468/910/42 467/909/42
f 458/921/40 466/920/40 479/928/40 475/929/40
f 463/908/42 464/907/42 472/927/42 470/926/42
f 459/930/44 463/931/44 470/925/44 471/924/44
f 464/932/40 460/902/40 469/901/40 472/923/40
f 465/933/45 466/934/45 469/935/45 471/936/45
f 480/937/45 476/938/45 477/939/45 478/940/45
f 474/941/45 475/942/45 479/943/45 473/944/45
f 459/930/44 471/924/44 480/945/44 478/946/44
f 465/915/44 457/918/44 474/947/44 473/948/44
f 471/949/43 469/950/43 476/938/43 480/937/43
f 460/906/41 459/905/41 478/940/41 477/939/41
f 457/914/43 458/913/43 475/942/43 474/941/43
f 466/934/41 465/933/41 473/944/41 479/943/41
f 493/951/40 500/952/40 501/953/40 484/954/40
f 483/955/41 487/956/41 488/957/41 484/958/41
f 491/959/45 485/960/45 486/961/45 492/962/45
f 485/960/43 481/963/43 482/964/43 486/961/43
f 489/965/44 481/966/44 485/967/44 491/968/44
f 492/969/40 486/970/40 482/971/40 490/972/40
f 496/973/40 492/969/40 490/972/40 493/951/40
f 495/974/44 489/965/44 491/968/44 494/975/44
f 494/976/45 491/959/45 492/962/45 496/977/45
f 482/971/40 499/978/40 503/979/40 490/972/40
f 487/956/45 494/976/45 496/977/45 488/957/45
f 483/980/44 495/974/44 494/975/44 487/981/44
f 488/982/40 496/973/40 493/951/40 484/954/40
f 489/983/42 495/984/42 493/985/42 490/986/42
f 504/987/42 502/988/42 501/989/42 500/990/42
f 498/991/42 497/992/42 503/993/42 499/994/42
f 483/980/44 502/995/44 504/996/44 495/974/44
f 489/965/44 497/997/44 498/998/44 481/966/44
f 495/999/43 504/987/43 500/990/43 493/1000/43
f 484/958/41 501/989/41 502/988/41 483/955/41
f 481/963/43 498/991/43 499/994/43 482/964/43
f 490/986/41 503/993/41 497/992/41 489/983/41
o 1stShelf_Cube.023
v 1.494919 1.129395 -10.351169
v 1.494919 1.129395 10.351170
v -1.494919 1.129395 10.351168
v -1.494918 1.129395 -10.351173
v 1.494920 1.236642 -10.351164
v 1.494918 1.236642 10.351175
v -1.494919 1.236642 10.351166
v -1.494919 1.236642 -10.351170
v 1.097083 1.129395 -10.351170
v 1.097082 1.129395 10.351169
v 1.097083 1.236642 -10.351165
v 1.097082 1.236642 10.351174
v 0.792307 1.129395 -10.351170
v 0.792307 1.129395 10.351169
v 0.792308 1.236642 -10.351165
v 0.792306 1.236642 10.351173
v -1.099962 1.129395 -10.351173
v -1.099963 1.129395 10.351168
v -1.099962 1.236642 -10.351169
v -1.099963 1.236642 10.351167
v -0.763006 1.129395 -10.351173
v -0.763007 1.129395 10.351168
v -0.763006 1.236642 -10.351168
v -0.763007 1.236642 10.351168
v 1.097083 0.892843 10.351169
v 1.097083 0.892843 -10.351170
v 0.792307 0.892843 -10.351170
v 0.792307 0.892843 10.351169
v -0.763006 0.892843 -10.351173
v -1.099962 0.892843 -10.351173
v -0.763007 0.892843 10.351168
v -1.099963 0.892843 10.351168
v 1.097081 1.236640 10.651174
v 1.097082 1.129393 10.651169
v 0.792307 1.129393 10.651169
v 0.792306 1.236640 10.651173
v -0.763007 1.129393 10.651168
v -1.099963 1.129393 10.651168
v -0.763007 1.236640 10.651168
v -1.099964 1.236640 10.651166
v 1.097082 0.892841 10.651169
v 0.792307 0.892841 10.651169
v -0.763007 0.892841 10.651168
v -1.099963 0.892841 10.651168
v 1.097083 1.129404 -10.651170
v 1.097084 1.236651 -10.651165
v 0.792307 1.129404 -10.651170
v 0.792308 1.236651 -10.651165
v -0.763006 1.129404 -10.651174
v -1.099962 1.129404 -10.651174
v -0.763006 1.236651 -10.651168
v -1.099962 1.236651 -10.651169
v 1.097083 0.892852 -10.651170
v 0.792307 0.892852 -10.651170
v -0.763006 0.892852 -10.651174
v -1.099962 0.892852 -10.651174
vt 0.604679 0.070701
vt 0.105131 0.070691
vt 0.105138 0.059114
vt 0.604686 0.059123
vt 0.734594 0.944354
vt 0.714330 0.944354
vt 0.714330 0.069956
vt 0.734595 0.069956
vt 0.926085 0.944355
vt 0.867733 0.944354
vt 0.867734 0.069959
vt 0.926086 0.069961
vt 0.137508 0.619757
vt 0.137509 0.658659
vt 0.068609 0.658659
vt 0.068609 0.619757
vt 0.655977 0.069956
vt 0.655977 0.944354
vt 0.533495 0.863404
vt 0.533456 0.824503
vt 0.602355 0.824500
vt 0.602394 0.863402
vt 0.065708 0.863423
vt 0.065668 0.824521
vt 0.135070 0.824518
vt 0.135109 0.863420
vt 0.605295 0.619757
vt 0.605295 0.658659
vt 0.535894 0.658659
vt 0.535894 0.619757
vt 0.847321 0.944354
vt 0.847321 0.069959
vt 0.605343 0.440578
vt 0.105837 0.440614
vt 0.105810 0.428954
vt 0.605315 0.428918
vt 0.605295 0.346564
vt 0.605585 0.273204
vt 0.612872 0.273203
vt 0.612580 0.346563
vt 0.145066 0.619756
vt 0.145067 0.658658
vt 0.831683 0.944353
vt 0.831684 0.069959
vt 0.105198 0.346578
vt 0.105212 0.355556
vt 0.097924 0.355557
vt 0.097912 0.346579
vt 0.604975 0.154008
vt 0.604941 0.144087
vt 0.612229 0.144084
vt 0.612259 0.154008
vt 0.751883 0.069956
vt 0.751883 0.057285
vt 0.831684 0.057288
vt 0.751883 0.944354
vt 0.605552 0.227366
vt 0.105155 0.227421
vt 0.104764 0.154051
vt 0.105235 0.273232
vt 0.097949 0.273232
vt 0.605283 0.355537
vt 0.612569 0.355539
vt 0.612616 0.428920
vt 0.104764 0.144122
vt 0.097476 0.154051
vt 0.097472 0.144122
vt 0.751883 0.957025
vt 0.734595 0.957025
vt 0.142628 0.824521
vt 0.142668 0.863423
vt 0.528336 0.619756
vt 0.528336 0.658658
vt 0.475168 0.658658
vt 0.475168 0.619756
vt 0.203848 0.619756
vt 0.145066 0.533952
vt 0.203847 0.533952
vt 0.203848 0.658658
vt 0.475168 0.533952
vt 0.528335 0.533952
vt 0.098508 0.428954
vt 0.847321 0.057288
vt 0.097826 0.070691
vt 0.097868 0.227421
vt 0.734595 0.057285
vt 0.195796 0.824519
vt 0.195835 0.863420
vt 0.467155 0.863410
vt 0.467116 0.824508
vt 0.525897 0.824506
vt 0.525937 0.863408
vt 0.467029 0.738704
vt 0.525810 0.738702
vt 0.142541 0.738717
vt 0.195709 0.738715
vt 0.831683 0.957025
vt 0.611980 0.070697
vt 0.847321 0.957025
vt 0.612841 0.227367
vn 0.0000 -1.0000 0.0000
vn 0.0000 1.0000 0.0000
vn 1.0000 0.0000 0.0000
vn -0.0000 0.0000 1.0000
vn -1.0000 -0.0000 -0.0000
vn 0.0000 0.0000 -1.0000
vn -0.0000 -0.0001 1.0000
usemtl Material
s off
f 521/1001/46 522/1002/46 507/1003/46 508/1004/46
f 523/1005/47 512/1006/47 511/1007/47 524/1008/47
f 505/1009/48 509/1010/48 510/1011/48 506/1012/48
f 522/1013/49 524/1014/49 511/1015/49 507/1016/49
f 507/1017/50 511/1007/50 512/1006/50 508/1018/50
f 523/1019/51 521/1020/51 508/1021/51 512/1022/51
f 509/1023/51 505/1024/51 513/1025/51 515/1026/51
f 506/1027/52 510/1028/52 516/1029/52 514/1030/52
f 509/1010/47 515/1031/47 516/1032/47 510/1011/47
f 505/1033/46 506/1034/46 514/1035/46 513/1036/46
f 531/1037/50 517/1038/50 551/1039/50 558/1040/50
f 524/1014/50 522/1013/50 542/1041/50 544/1042/50
f 515/1031/47 519/1043/47 520/1044/47 516/1032/47
f 532/1045/46 529/1046/46 545/1047/46 546/1048/46
f 533/1049/46 534/1050/46 560/1051/46 559/1052/46
f 520/1044/47 528/1053/47 543/1054/47 540/1055/47
f 527/1056/47 523/1005/47 524/1008/47 528/1053/47
f 525/1057/48 526/1058/48 535/1059/48 533/1049/48
f 517/1038/46 518/1060/46 526/1058/46 525/1057/46
f 519/1043/47 527/1056/47 528/1053/47 520/1044/47
f 518/1060/50 532/1045/50 546/1048/50 539/1061/50
f 513/1036/48 530/1062/48 557/1063/48 549/1064/48
f 530/1062/46 529/1046/46 532/1045/46 531/1037/46
f 533/1049/46 535/1059/46 536/1065/46 534/1050/46
f 518/1060/50 517/1038/50 531/1037/50 532/1045/50
f 536/1065/46 535/1059/46 547/1066/46 548/1067/46
f 513/1036/48 514/1035/48 529/1046/48 530/1062/48
f 523/1005/47 527/1056/47 555/1068/47 556/1069/47
f 522/1002/50 521/1001/50 534/1050/50 536/1065/50
f 515/1026/48 513/1025/48 549/1070/48 550/1071/48
f 538/1072/49 537/1073/49 540/1074/49 539/1075/49
f 541/1076/49 542/1041/49 548/1077/49 547/1078/49
f 541/1076/49 543/1079/49 544/1042/49 542/1041/49
f 539/1075/49 540/1074/49 543/1079/49 541/1076/49
f 538/1072/49 539/1075/49 546/1080/49 545/1081/49
f 529/1046/48 514/1035/48 538/1082/48 545/1047/48
f 516/1032/47 520/1044/47 540/1055/47 537/1083/47
f 522/1002/50 536/1065/50 548/1067/50 542/1084/50
f 526/1058/46 518/1060/46 539/1061/46 541/1085/46
f 514/1030/48 516/1029/48 537/1073/48 538/1072/48
f 528/1053/47 524/1008/47 544/1086/47 543/1054/47
f 535/1059/48 526/1058/48 541/1085/48 547/1066/48
f 550/1071/51 549/1070/51 551/1087/51 552/1088/51
f 555/1089/51 553/1090/51 554/1091/51 556/1092/51
f 552/1088/51 551/1087/51 553/1090/51 555/1089/51
f 554/1091/51 553/1090/51 559/1093/51 560/1094/51
f 551/1087/51 549/1070/51 557/1095/51 558/1096/51
f 527/1056/47 519/1043/47 552/1097/47 555/1068/47
f 530/1062/46 531/1037/46 558/1040/46 557/1063/46
f 534/1050/50 521/1001/50 554/1098/50 560/1051/50
f 521/1020/50 523/1019/50 556/1092/50 554/1091/50
f 519/1043/47 515/1031/47 550/1099/47 552/1097/47
f 525/1057/48 533/1049/48 559/1052/48 553/1100/48
f 517/1038/46 525/1057/46 553/1100/46 551/1039/46
o 1stShelfBrace_Cube.017
v 1.498034 0.954675 10.918001
v 1.498034 1.254675 10.918001
v 1.498034 0.954675 -10.918001
v 1.498034 1.254675 -10.918001
v 1.578033 0.954675 10.918001
v 1.578033 1.254675 10.918001
v 1.578033 0.954675 -10.918001
v 1.578033 1.254675 -10.918001
v 1.498034 0.954675 10.481281
v 1.498034 1.254675 10.481281
v 1.578033 0.954675 10.481281
v 1.578033 1.254675 10.481281
v 1.498034 1.254675 -10.490016
v 1.578033 0.954675 -10.490016
v 1.498034 0.954675 -10.490016
v 1.578033 1.254675 -10.490016
v 1.498034 0.954675 3.665610
v 1.578033 1.254675 3.665610
v 1.498034 1.254675 3.665610
v 1.578033 0.954675 3.665610
v 1.498034 1.254675 3.315551
v 1.578033 0.954675 3.315551
v 1.498034 0.954675 3.315551
v 1.578033 1.254675 3.315551
v 1.498034 1.254675 -3.667029
v 1.578033 0.954675 -3.667029
v 1.498034 0.954675 -3.667028
v 1.578033 1.254675 -3.667028
v 1.498034 0.954675 -3.296941
v 1.578033 1.254675 -3.296941
v 1.498034 1.254675 -3.296942
v 1.578033 0.954675 -3.296942
v 1.498034 0.654675 10.481281
v 1.498034 0.654675 10.918001
v 1.578033 0.654675 10.918001
v 1.578033 0.654675 10.481281
v 1.498034 0.754675 3.315551
v 1.498034 0.754675 3.665610
v 1.578033 0.754675 3.665610
v 1.578033 0.754675 3.315551
v 1.578033 0.754675 -3.296942
v 1.578033 0.754675 -3.667029
v 1.498034 0.754675 -3.667028
v 1.498034 0.754675 -3.296941
v 1.578033 0.654675 -10.918001
v 1.498034 0.654675 -10.918001
v 1.578033 0.654675 -10.490016
v 1.498034 0.654675 -10.490016
v -1.498034 0.954675 10.918001
v -1.498034 1.254675 10.918001
v -1.498034 0.954675 -10.918001
v -1.498034 1.254675 -10.918001
v -1.578033 0.954675 10.918001
v -1.578033 1.254675 10.918001
v -1.578033 0.954675 -10.918001
v -1.578033 1.254675 -10.918001
v -1.498034 0.954675 10.481281
v -1.498034 1.254675 10.481281
v -1.578033 0.954675 10.481281
v -1.578033 1.254675 10.481281
v -1.498034 1.254675 -10.490016
v -1.578033 0.954675 -10.490016
v -1.498034 0.954675 -10.490016
v -1.578033 1.254675 -10.490016
v -1.498034 0.954675 3.665610
v -1.578033 1.254675 3.665610
v -1.498034 1.254675 3.665610
v -1.578033 0.954675 3.665610
v -1.498034 1.254675 3.315551
v -1.578033 0.954675 3.315551
v -1.498034 0.954675 3.315551
v -1.578033 1.254675 3.315551
v -1.498034 1.254675 -3.667029
v -1.578033 0.954675 -3.667029
v -1.498034 0.954675 -3.667028
v -1.578033 1.254675 -3.667028
v -1.498034 0.954675 -3.296941
v -1.578033 1.254675 -3.296941
v -1.498034 1.254675 -3.296942
v -1.578033 0.954675 -3.296942
v -1.498034 0.654675 10.481281
v -1.498034 0.654675 10.918001
v -1.578033 0.654675 10.918001
v -1.578033 0.654675 10.481281
v -1.498034 0.754675 3.315551
v -1.498034 0.754675 3.665610
v -1.578033 0.754675 3.665610
v -1.578033 0.754675 3.315551
v -1.578033 0.754675 -3.296942
v -1.578033 0.754675 -3.667029
v -1.498034 0.754675 -3.667028
v -1.498034 0.754675 -3.296941
v -1.578033 0.654675 -10.918001
v -1.498034 0.654675 -10.918001
v -1.578033 0.654675 -10.490016
v -1.498034 0.654675 -10.490016
vt 0.932809 0.132082
vt 0.932809 0.058487
vt 0.950118 0.058487
vt 0.950119 0.132082
vt 0.832989 0.458595
vt 0.832987 0.554269
vt 0.787064 0.554268
vt 0.787065 0.458595
vt 0.617151 0.458595
vt 0.617151 0.554269
vt 0.594189 0.554269
vt 0.594190 0.458595
vt 0.548265 0.554269
vt 0.548266 0.458595
vt 0.663074 0.458595
vt 0.617151 0.362921
vt 0.663075 0.362921
vt 0.617151 0.561923
vt 0.594189 0.561923
vt 0.454249 0.468947
vt 0.454249 0.476601
vt 0.095896 0.476601
vt 0.095896 0.468947
vt 0.454249 0.365619
vt 0.454249 0.373273
vt 0.095896 0.373273
vt 0.095896 0.365619
vt 0.066973 0.132082
vt 0.066973 0.058487
vt 0.084636 0.058487
vt 0.084636 0.132082
vt 0.764562 0.554268
vt 0.764562 0.458595
vt 0.787066 0.362921
vt 0.832989 0.362921
vt 0.787064 0.561922
vt 0.764562 0.561922
vt 0.656857 0.132082
vt 0.656857 0.058487
vt 0.360292 0.058487
vt 0.360292 0.132082
vt 0.958049 0.437057
vt 0.958049 0.532726
vt 0.939645 0.532726
vt 0.939643 0.437057
vt 1.003973 0.437057
vt 0.958049 0.373273
vt 1.003973 0.373273
vt 0.958049 0.540379
vt 0.939645 0.540379
vt 0.553253 0.303001
vt 0.553253 0.310655
vt 0.205583 0.310655
vt 0.205583 0.303001
vt 0.553253 0.199673
vt 0.553253 0.207327
vt 0.205583 0.207327
vt 0.205583 0.199674
vt 0.374450 0.058487
vt 0.374451 0.132082
vt 0.931451 0.207327
vt 0.931451 0.303001
vt 0.572712 0.303001
vt 0.572711 0.207327
vt 0.931451 0.199673
vt 0.572711 0.199673
vt 0.931451 0.310655
vt 0.572712 0.310655
vt 0.641889 0.132082
vt 0.641889 0.058487
vt 0.656858 0.181145
vt 0.641890 0.181145
vt 0.617151 0.355267
vt 0.594190 0.362921
vt 0.594190 0.355267
vt 0.084636 0.205676
vt 0.066974 0.205676
vt 0.548267 0.362921
vt 0.958049 0.365619
vt 0.939643 0.373273
vt 0.939643 0.365619
vt 0.374450 0.181149
vt 0.360291 0.181149
vt 0.893719 0.437057
vt 0.893720 0.373273
vt 0.572713 0.135892
vt 0.572713 0.143546
vt 0.553254 0.143546
vt 0.553254 0.135892
vt 0.618635 0.207328
vt 0.618635 0.143546
vt 0.507332 0.207328
vt 0.507331 0.143546
vt 0.787066 0.355267
vt 0.764563 0.362921
vt 0.764563 0.355267
vt 0.950119 0.205679
vt 0.932809 0.205679
vt 0.718639 0.458595
vt 0.718639 0.362921
vt 0.932809 0.132082
vt 0.950119 0.132082
vt 0.950118 0.058487
vt 0.932809 0.058487
vt 0.832989 0.458595
vt 0.787065 0.458595
vt 0.787064 0.554268
vt 0.832987 0.554269
vt 0.617151 0.458595
vt 0.594190 0.458595
vt 0.594189 0.554269
vt 0.617151 0.554269
vt 0.548266 0.458595
vt 0.548265 0.554269
vt 0.663074 0.458595
vt 0.663075 0.362921
vt 0.617151 0.362921
vt 0.594189 0.561923
vt 0.617151 0.561923
vt 0.454249 0.468947
vt 0.095896 0.468947
vt 0.095896 0.476601
vt 0.454249 0.476601
vt 0.454249 0.365619
vt 0.095896 0.365619
vt 0.095896 0.373273
vt 0.454249 0.373273
vt 0.066973 0.132082
vt 0.084636 0.132082
vt 0.084636 0.058487
vt 0.066973 0.058487
vt 0.764562 0.458595
vt 0.764562 0.554268
vt 0.832989 0.362921
vt 0.787066 0.362921
vt 0.764562 0.561922
vt 0.787064 0.561922
vt 0.656857 0.132082
vt 0.656857 0.058487
vt 0.360292 0.132082
vt 0.360292 0.058487
vt 0.958049 0.437057
vt 0.939643 0.437057
vt 0.939645 0.532726
vt 0.958049 0.532726
vt 1.003973 0.437057
vt 1.003973 0.373273
vt 0.958049 0.373273
vt 0.939645 0.540379
vt 0.958049 0.540379
vt 0.553253 0.303001
vt 0.205583 0.303001
vt 0.205583 0.310655
vt 0.553253 0.310655
vt 0.553253 0.199673
vt 0.205583 0.199674
vt 0.205583 0.207327
vt 0.553253 0.207327
vt 0.374451 0.132082
vt 0.374450 0.058487
vt 0.931451 0.207327
vt 0.572711 0.207327
vt 0.572712 0.303001
vt 0.931451 0.303001
vt 0.931451 0.199673
vt 0.572711 0.199673
vt 0.572712 0.310655
vt 0.931451 0.310655
vt 0.641889 0.132082
vt 0.641889 0.058487
vt 0.641890 0.181145
vt 0.656858 0.181145
vt 0.617151 0.355267
vt 0.594190 0.355267
vt 0.594190 0.362921
vt 0.066974 0.205676
vt 0.084636 0.205676
vt 0.548267 0.362921
vt 0.958049 0.365619
vt 0.939643 0.365619
vt 0.939643 0.373273
vt 0.360291 0.181149
vt 0.374450 0.181149
vt 0.893720 0.373273
vt 0.893719 0.437057
vt 0.572713 0.135892
vt 0.553254 0.135892
vt 0.553254 0.143546
vt 0.572713 0.143546
vt 0.618635 0.207328
vt 0.618635 0.143546
vt 0.507331 0.143546
vt 0.507332 0.207328
vt 0.787066 0.355267
vt 0.764563 0.355267
vt 0.764563 0.362921
vt 0.932809 0.205679
vt 0.950119 0.205679
vt 0.718639 0.362921
vt 0.718639 0.458595
vn -1.0000 0.0000 0.0000
vn 0.0000 0.0000 -1.0000
vn 1.0000 0.0000 0.0000
vn 0.0000 0.0000 1.0000
vn 0.0000 1.0000 0.0000
vn 0.0000 -1.0000 0.0000
usemtl None
s off
f 575/1101/53 573/1102/53 564/1103/53 563/1104/53
f 563/1105/54 564/1106/54 568/1107/54 567/1108/54
f 571/1109/55 572/1110/55 566/1111/55 565/1112/55
f 565/1112/56 566/1111/56 562/1113/56 561/1114/56
f 569/1115/54 571/1109/54 596/1116/54 593/1117/54
f 572/1110/57 570/1118/57 562/1119/57 566/1111/57
f 578/1120/57 579/1121/57 570/1122/57 572/1123/57
f 577/1124/58 580/1125/58 571/1126/58 569/1127/58
f 580/1125/55 578/1120/55 572/1123/55 571/1126/55
f 561/1128/53 562/1129/53 570/1130/53 569/1131/53
f 567/1108/55 568/1107/55 576/1132/55 574/1133/55
f 563/1105/54 567/1108/54 605/1134/54 606/1135/54
f 568/1107/57 564/1136/57 573/1137/57 576/1132/57
f 587/1138/53 585/1139/53 573/1102/53 575/1101/53
f 569/1131/53 570/1130/53 579/1140/53 577/1141/53
f 582/1142/55 584/1143/55 578/1144/55 580/1145/55
f 583/1146/54 582/1142/54 600/1147/54 597/1148/54
f 584/1143/57 581/1149/57 579/1150/57 578/1144/57
f 590/1151/57 591/1152/57 581/1153/57 584/1154/57
f 589/1155/58 592/1156/58 582/1157/58 583/1158/58
f 592/1156/55 590/1151/55 584/1154/55 582/1157/55
f 577/1141/53 579/1140/53 581/1159/53 583/1160/53
f 574/1161/55 576/1162/55 588/1163/55 586/1164/55
f 575/1165/58 574/1161/58 586/1164/58 587/1166/58
f 576/1162/57 573/1167/57 585/1168/57 588/1163/57
f 589/1169/53 591/1170/53 585/1139/53 587/1138/53
f 583/1160/53 581/1159/53 591/1170/53 589/1169/53
f 586/1164/55 588/1163/55 590/1151/55 592/1156/55
f 589/1169/53 587/1138/53 603/1171/53 604/1172/53
f 588/1163/57 585/1168/57 591/1152/57 590/1151/57
f 593/1173/58 596/1116/58 595/1174/58 594/1175/58
f 561/1128/53 569/1131/53 593/1176/53 594/1177/53
f 571/1109/55 565/1112/55 595/1174/55 596/1116/55
f 565/1112/56 561/1114/56 594/1178/56 595/1174/56
f 597/1179/58 600/1147/58 599/1180/58 598/1181/58
f 577/1141/53 583/1160/53 597/1182/53 598/1183/53
f 582/1142/55 580/1145/55 599/1180/55 600/1147/55
f 580/1145/56 577/1184/56 598/1185/56 599/1180/56
f 603/1186/58 602/1187/58 601/1188/58 604/1189/58
f 587/1190/54 586/1164/54 602/1187/54 603/1191/54
f 592/1156/56 589/1192/56 604/1193/56 601/1188/56
f 586/1164/55 592/1156/55 601/1188/55 602/1187/55
f 606/1194/58 605/1134/58 607/1195/58 608/1196/58
f 575/1101/53 563/1104/53 606/1197/53 608/1198/53
f 567/1108/55 574/1133/55 607/1195/55 605/1134/55
f 574/1133/56 575/1199/56 608/1200/56 607/1195/56
f 623/1201/55 611/1202/55 612/1203/55 621/1204/55
f 611/1205/54 615/1206/54 616/1207/54 612/1208/54
f 619/1209/53 613/1210/53 614/1211/53 620/1212/53
f 613/1210/56 609/1213/56 610/1214/56 614/1211/56
f 617/1215/54 641/1216/54 644/1217/54 619/1209/54
f 620/1212/57 614/1211/57 610/1218/57 618/1219/57
f 626/1220/57 620/1221/57 618/1222/57 627/1223/57
f 625/1224/58 617/1225/58 619/1226/58 628/1227/58
f 628/1227/53 619/1226/53 620/1221/53 626/1220/53
f 609/1228/55 617/1229/55 618/1230/55 610/1231/55
f 615/1206/53 622/1232/53 624/1233/53 616/1207/53
f 611/1205/54 654/1234/54 653/1235/54 615/1206/54
f 616/1207/57 624/1233/57 621/1236/57 612/1237/57
f 635/1238/55 623/1201/55 621/1204/55 633/1239/55
f 617/1229/55 625/1240/55 627/1241/55 618/1230/55
f 630/1242/53 628/1243/53 626/1244/53 632/1245/53
f 631/1246/54 645/1247/54 648/1248/54 630/1242/54
f 632/1245/57 626/1244/57 627/1249/57 629/1250/57
f 638/1251/57 632/1252/57 629/1253/57 639/1254/57
f 637/1255/58 631/1256/58 630/1257/58 640/1258/58
f 640/1258/53 630/1257/53 632/1252/53 638/1251/53
f 625/1240/55 631/1259/55 629/1260/55 627/1241/55
f 622/1261/53 634/1262/53 636/1263/53 624/1264/53
f 623/1265/58 635/1266/58 634/1262/58 622/1261/58
f 624/1264/57 636/1263/57 633/1267/57 621/1268/57
f 637/1269/55 635/1238/55 633/1239/55 639/1270/55
f 631/1259/55 637/1269/55 639/1270/55 629/1260/55
f 634/1262/53 640/1258/53 638/1251/53 636/1263/53
f 637/1269/55 652/1271/55 651/1272/55 635/1238/55
f 636/1263/57 638/1251/57 639/1254/57 633/1267/57
f 641/1273/58 642/1274/58 643/1275/58 644/1217/58
f 609/1228/55 642/1276/55 641/1277/55 617/1229/55
f 619/1209/53 644/1217/53 643/1275/53 613/1210/53
f 613/1210/56 643/1275/56 642/1278/56 609/1213/56
f 645/1279/58 646/1280/58 647/1281/58 648/1248/58
f 625/1240/55 646/1282/55 645/1283/55 631/1259/55
f 630/1242/53 648/1248/53 647/1281/53 628/1243/53
f 628/1243/56 647/1281/56 646/1284/56 625/1285/56
f 651/1286/58 652/1287/58 649/1288/58 650/1289/58
f 635/1290/54 651/1291/54 650/1289/54 634/1262/54
f 640/1258/56 649/1288/56 652/1292/56 637/1293/56
f 634/1262/53 650/1289/53 649/1288/53 640/1258/53
f 654/1294/58 656/1295/58 655/1296/58 653/1235/58
f 623/1201/55 656/1297/55 654/1298/55 611/1202/55
f 615/1206/53 653/1235/53 655/1296/53 622/1232/53
f 622/1232/56 655/1296/56 656/1299/56 623/1300/56
o LeftBrace_Cube.015
v 1.400000 0.000000 10.954215
v 1.400000 17.000000 10.954215
v 1.400000 0.000000 10.366125
v 1.400000 17.000000 10.366125
v 1.500000 0.000000 10.954215
v 1.500000 17.000000 10.954215
v 1.500000 0.000000 10.366125
v 1.500000 17.000000 10.366125
v 1.400000 0.000000 10.859673
v 1.400000 17.000000 10.859673
v 1.500000 0.000000 10.859673
v 1.500000 17.000000 10.859673
v 1.400000 17.000000 10.687582
v 1.500000 0.000000 10.687582
v 1.400000 0.000000 10.687582
v 1.500000 17.000000 10.687582
v 1.100000 0.000000 10.859673
v 1.100000 0.000000 10.954215
v 1.100000 17.000000 10.954215
v 1.100000 17.000000 10.687582
v 1.100000 17.000000 10.366125
v 1.100000 0.000000 10.366125
v 1.100000 17.000000 10.859673
v 1.100000 0.000000 10.687582
v -1.400000 0.000000 10.954215
v -1.400000 17.000000 10.954215
v -1.400000 0.000000 10.366125
v -1.400000 17.000000 10.366125
v -1.500000 0.000000 10.954215
v -1.500000 17.000000 10.954215
v -1.500000 0.000000 10.366125
v -1.500000 17.000000 10.366125
v -1.400000 0.000000 10.859673
v -1.400000 17.000000 10.859673
v -1.500000 0.000000 10.859673
v -1.500000 17.000000 10.859673
v -1.400000 17.000000 10.687582
v -1.500000 0.000000 10.687582
v -1.400000 0.000000 10.687582
v -1.500000 17.000000 10.687582
v -1.100000 0.000000 10.859673
v -1.100000 0.000000 10.954215
v -1.100000 17.000000 10.954215
v -1.100000 17.000000 10.687582
v -1.100000 17.000000 10.366125
v -1.100000 0.000000 10.366125
v -1.100000 17.000000 10.859673
v -1.100000 0.000000 10.687582
vt 0.857222 0.665042
vt 0.948387 0.665042
vt 0.948387 0.981537
vt 0.857222 0.981537
vt 0.527362 0.060810
vt 0.527362 0.947702
vt 0.473187 0.947822
vt 0.473187 0.060930
vt 0.364837 0.061185
vt 0.364837 0.948078
vt 0.310663 0.948212
vt 0.310663 0.061319
vt 0.256487 0.948331
vt 0.256487 0.061439
vt 0.888547 0.140042
vt 0.888547 0.034543
vt 0.915359 0.034543
vt 0.915359 0.140042
vt 0.808418 0.559543
vt 0.808418 0.665042
vt 0.781606 0.665042
vt 0.781606 0.559543
vt 0.857222 0.559543
vt 0.839742 0.140041
vt 0.839742 0.034543
vt 0.419012 0.061053
vt 0.419012 0.947946
vt 0.808418 0.981537
vt 0.781606 0.981537
vt 0.748578 0.140042
vt 0.748578 0.034543
vt 0.948387 0.559543
vt 0.092742 0.061573
vt 0.092742 0.948466
vt 0.038568 0.948598
vt 0.038568 0.061705
vt 0.636316 0.060686
vt 0.636329 0.947579
vt 0.582154 0.947702
vt 0.582141 0.060810
vt 0.201695 0.061439
vt 0.201708 0.948331
vt 0.147534 0.948466
vt 0.147521 0.061573
vt 0.839742 0.456537
vt 0.748578 0.456537
vt 0.915359 0.456537
vt 0.888547 0.456537
vt 0.691108 0.060686
vt 0.691108 0.947579
vt 0.857222 0.665042
vt 0.857222 0.981537
vt 0.948387 0.981537
vt 0.948387 0.665042
vt 0.527362 0.060810
vt 0.473187 0.060930
vt 0.473187 0.947822
vt 0.527362 0.947702
vt 0.364837 0.061185
vt 0.310663 0.061319
vt 0.310663 0.948212
vt 0.364837 0.948078
vt 0.256487 0.061439
vt 0.256487 0.948331
vt 0.888547 0.140042
vt 0.915359 0.140042
vt 0.915359 0.034543
vt 0.888547 0.034543
vt 0.808418 0.559543
vt 0.781606 0.559543
vt 0.781606 0.665042
vt 0.808418 0.665042
vt 0.857222 0.559543
vt 0.839742 0.140041
vt 0.839742 0.034543
vt 0.419012 0.061053
vt 0.419012 0.947946
vt 0.781606 0.981537
vt 0.808418 0.981537
vt 0.748578 0.140042
vt 0.748578 0.034543
vt 0.948387 0.559543
vt 0.092742 0.061573
vt 0.038568 0.061705
vt 0.038568 0.948598
vt 0.092742 0.948466
vt 0.636316 0.060686
vt 0.582141 0.060810
vt 0.582154 0.947702
vt 0.636329 0.947579
vt 0.201695 0.061439
vt 0.147521 0.061573
vt 0.147534 0.948466
vt 0.201708 0.948331
vt 0.748578 0.456537
vt 0.839742 0.456537
vt 0.888547 0.456537
vt 0.915359 0.456537
vt 0.691108 0.060686
vt 0.691108 0.947579
vn 0.0000 1.0000 0.0000
vn 0.0000 0.0000 -1.0000
vn 1.0000 0.0000 0.0000
vn 0.0000 0.0000 1.0000
vn 0.0000 -1.0000 0.0000
vn -1.0000 0.0000 0.0000
usemtl None_Blue.png
s off
f 669/1301/59 660/1302/59 677/1303/59 676/1304/59
f 659/1305/60 660/1306/60 664/1307/60 663/1308/60
f 667/1309/61 668/1310/61 662/1311/61 661/1312/61
f 661/1312/62 662/1311/62 658/1313/62 657/1314/62
f 665/1315/63 667/1316/63 661/1317/63 657/1318/63
f 668/1319/59 666/1320/59 658/1321/59 662/1322/59
f 672/1323/59 669/1301/59 666/1320/59 668/1319/59
f 671/1324/63 670/1325/63 667/1316/63 665/1315/63
f 670/1326/61 672/1327/61 668/1310/61 667/1309/61
f 658/1321/59 666/1320/59 679/1328/59 675/1329/59
f 663/1308/61 664/1307/61 672/1327/61 670/1326/61
f 659/1330/63 663/1331/63 670/1325/63 671/1324/63
f 664/1332/59 660/1302/59 669/1301/59 672/1323/59
f 665/1333/64 666/1334/64 669/1335/64 671/1336/64
f 680/1337/64 676/1338/64 677/1339/64 678/1340/64
f 674/1341/64 675/1342/64 679/1343/64 673/1344/64
f 659/1330/63 671/1324/63 680/1345/63 678/1346/63
f 665/1315/63 657/1318/63 674/1347/63 673/1348/63
f 671/1349/62 669/1350/62 676/1338/62 680/1337/62
f 660/1306/60 659/1305/60 678/1340/60 677/1339/60
f 657/1314/62 658/1313/62 675/1342/62 674/1341/62
f 666/1334/60 665/1333/60 673/1344/60 679/1343/60
f 693/1351/59 700/1352/59 701/1353/59 684/1354/59
f 683/1355/60 687/1356/60 688/1357/60 684/1358/60
f 691/1359/64 685/1360/64 686/1361/64 692/1362/64
f 685/1360/62 681/1363/62 682/1364/62 686/1361/62
f 689/1365/63 681/1366/63 685/1367/63 691/1368/63
f 692/1369/59 686/1370/59 682/1371/59 690/1372/59
f 696/1373/59 692/1369/59 690/1372/59 693/1351/59
f 695/1374/63 689/1365/63 691/1368/63 694/1375/63
f 694/1376/64 691/1359/64 692/1362/64 696/1377/64
f 682/1371/59 699/1378/59 703/1379/59 690/1372/59
f 687/1356/64 694/1376/64 696/1377/64 688/1357/64
f 683/1380/63 695/1374/63 694/1375/63 687/1381/63
f 688/1382/59 696/1373/59 693/1351/59 684/1354/59
f 689/1383/61 695/1384/61 693/1385/61 690/1386/61
f 704/1387/61 702/1388/61 701/1389/61 700/1390/61
f 698/1391/61 697/1392/61 703/1393/61 699/1394/61
f 683/1380/63 702/1395/63 704/1396/63 695/1374/63
f 689/1365/63 697/1397/63 698/1398/63 681/1366/63
f 695/1399/62 704/1387/62 700/1390/62 693/1400/62
f 684/1358/60 701/1389/60 702/1388/60 683/1355/60
f 681/1363/62 698/1391/62 699/1394/62 682/1364/62
f 690/1386/60 703/1393/60 697/1392/60 689/1383/60
o MiddleSupports_Cube.014
v 1.501158 0.000000 3.269627
v 1.501158 16.129839 3.269627
v 1.501158 0.000000 3.709736
v 1.501158 16.129839 3.709736
v 1.055462 0.000000 3.269627
v 1.055462 16.129839 3.269627
v 1.055462 0.000000 3.709736
v 1.055462 16.129839 3.709736
v -1.501158 0.000000 3.269627
v -1.501158 16.129839 3.269627
v -1.501158 0.000000 3.709736
v -1.501158 16.129839 3.709736
v -1.055462 0.000000 3.269627
v -1.055462 16.129839 3.269627
v -1.055462 0.000000 3.709736
v -1.055462 16.129839 3.709736
v 1.501158 0.000000 -3.269627
v 1.501158 16.129839 -3.269627
v 1.501158 0.000000 -3.709736
v 1.501158 16.129839 -3.709736
v 1.055462 0.000000 -3.269627
v 1.055462 16.129839 -3.269627
v 1.055462 0.000000 -3.709736
v 1.055462 16.129839 -3.709736
v -1.501158 0.000000 -3.269627
v -1.501158 16.129839 -3.269627
v -1.501158 0.000000 -3.709736
v -1.501158 16.129839 -3.709736
v -1.055462 0.000000 -3.269627
v -1.055462 16.129839 -3.269627
v -1.055462 0.000000 -3.709736
v -1.055462 16.129839 -3.709736
vt 0.918674 0.019427
vt 0.918674 0.975971
vt 0.875000 0.975972
vt 0.875000 0.019426
vt 0.818693 0.975972
vt 0.818693 0.019426
vt 0.775019 0.975972
vt 0.775019 0.019427
vt 0.974981 0.019426
vt 0.974981 0.975972
vt 0.368896 0.570701
vt 0.368896 0.964851
vt 0.063181 0.964851
vt 0.063181 0.570701
vt 0.412978 0.964384
vt 0.412978 0.570234
vt 0.718693 0.570234
vt 0.718693 0.964384
vt 0.918674 0.019427
vt 0.875000 0.019426
vt 0.875000 0.975972
vt 0.918674 0.975971
vt 0.818693 0.019426
vt 0.818693 0.975972
vt 0.775019 0.019427
vt 0.775019 0.975972
vt 0.974981 0.019426
vt 0.974981 0.975972
vt 0.368896 0.570701
vt 0.063181 0.570701
vt 0.063181 0.964851
vt 0.368896 0.964851
vt 0.412978 0.964384
vt 0.718693 0.964384
vt 0.718693 0.570234
vt 0.412978 0.570234
vt 0.918674 0.019427
vt 0.875000 0.019426
vt 0.875000 0.975972
vt 0.918674 0.975971
vt 0.818693 0.019426
vt 0.818693 0.975972
vt 0.775019 0.019427
vt 0.775019 0.975972
vt 0.974981 0.019426
vt 0.974981 0.975972
vt 0.368896 0.570701
vt 0.063181 0.570701
vt 0.063181 0.964851
vt 0.368896 0.964851
vt 0.412978 0.964384
vt 0.718693 0.964384
vt 0.718693 0.570234
vt 0.412978 0.570234
vt 0.918674 0.019427
vt 0.918674 0.975971
vt 0.875000 0.975972
vt 0.875000 0.019426
vt 0.818693 0.975972
vt 0.818693 0.019426
vt 0.775019 0.975972
vt 0.775019 0.019427
vt 0.974981 0.019426
vt 0.974981 0.975972
vt 0.368896 0.570701
vt 0.368896 0.964851
vt 0.063181 0.964851
vt 0.063181 0.570701
vt 0.412978 0.964384
vt 0.412978 0.570234
vt 0.718693 0.570234
vt 0.718693 0.964384
vn 1.0000 0.0000 0.0000
vn 0.0000 0.0000 1.0000
vn -1.0000 0.0000 0.0000
vn 0.0000 0.0000 -1.0000
vn 0.0000 -1.0000 0.0000
vn 0.0000 1.0000 0.0000
usemtl None_Blue.png
s off
f 705/1401/65 706/1402/65 708/1403/65 707/1404/65
f 707/1404/66 708/1403/66 712/1405/66 711/1406/66
f 711/1406/67 712/1405/67 710/1407/67 709/1408/67
f 709/1409/68 710/1410/68 706/1402/68 705/1401/68
f 707/1411/69 711/1412/69 709/1413/69 705/1414/69
f 712/1415/70 708/1416/70 706/1417/70 710/1418/70
f 713/1419/67 715/1420/67 716/1421/67 714/1422/67
f 715/1420/66 719/1423/66 720/1424/66 716/1421/66
f 719/1423/65 717/1425/65 718/1426/65 720/1424/65
f 717/1427/68 713/1419/68 714/1422/68 718/1428/68
f 715/1429/69 713/1430/69 717/1431/69 719/1432/69
f 720/1433/70 718/1434/70 714/1435/70 716/1436/70
f 721/1437/65 723/1438/65 724/1439/65 722/1440/65
f 723/1438/68 727/1441/68 728/1442/68 724/1439/68
f 727/1441/67 725/1443/67 726/1444/67 728/1442/67
f 725/1445/66 721/1437/66 722/1440/66 726/1446/66
f 723/1447/69 721/1448/69 725/1449/69 727/1450/69
f 728/1451/70 726/1452/70 722/1453/70 724/1454/70
f 729/1455/67 730/1456/67 732/1457/67 731/1458/67
f 731/1458/68 732/1457/68 736/1459/68 735/1460/68
f 735/1460/65 736/1459/65 734/1461/65 733/1462/65
f 733/1463/66 734/1464/66 730/1456/66 729/1455/66
f 731/1465/69 735/1466/69 733/1467/69 729/1468/69
f 736/1469/70 732/1470/70 730/1471/70 734/1472/70
o Supports_Cube.009
v -1.399508 0.110474 10.857314
v -1.399508 0.282334 10.857314
v -1.399508 0.110474 10.685455
v -1.399508 0.282334 10.685455
v 1.278148 0.110474 10.857314
v 1.278148 0.282334 10.857314
v 1.278148 0.110474 10.685455
v 1.278148 0.282334 10.685455
v -1.399508 8.110475 10.857314
v -1.399508 8.282334 10.857314
v -1.399508 8.110475 10.685455
v -1.399508 8.282334 10.685455
v 1.278148 8.110475 10.857314
v 1.278148 8.282334 10.857314
v 1.278148 8.110475 10.685455
v 1.278148 8.282334 10.685455
v -1.398328 13.412404 10.857314
v -1.276805 13.533928 10.857314
v -1.398328 13.412404 10.685454
v -1.276805 13.533928 10.685454
v 1.288678 10.725400 10.857314
v 1.410201 10.846922 10.857314
v 1.288678 10.725400 10.685454
v 1.410201 10.846922 10.685454
v -1.283953 13.355459 10.857314
v -1.405476 13.476982 10.857314
v -1.283953 13.355459 10.685454
v -1.405476 13.476982 10.685454
v 1.403053 16.042465 10.857314
v 1.281530 16.163988 10.857314
v 1.403053 16.042465 10.685454
v 1.281530 16.163988 10.685454
v -1.399508 16.033354 10.857314
v -1.399508 16.205214 10.857314
v -1.399508 16.033354 10.685454
v -1.399508 16.205214 10.685454
v 1.278148 16.033354 10.857314
v 1.278148 16.205214 10.857314
v 1.278148 16.033354 10.685454
v 1.278148 16.205214 10.685454
v -1.283953 8.093027 10.857314
v -1.405476 8.214550 10.857314
v -1.283953 8.093027 10.685455
v -1.405476 8.214550 10.685455
v 1.403052 10.780031 10.857314
v 1.281529 10.901555 10.857314
v 1.403052 10.780031 10.685455
v 1.281529 10.901555 10.685455
v -1.417461 8.149973 10.857314
v -1.295938 8.271497 10.857314
v -1.417461 8.149973 10.685455
v -1.295938 8.271497 10.685455
v 1.269545 5.462967 10.857314
v 1.391068 5.584491 10.857314
v 1.269545 5.462967 10.685455
v 1.391068 5.584491 10.685455
v -1.283954 2.867113 10.857314
v -1.405477 2.988636 10.857314
v -1.283954 2.867113 10.685455
v -1.405477 2.988636 10.685455
v 1.403052 5.554119 10.857314
v 1.281529 5.675642 10.857314
v 1.403052 5.554119 10.685455
v 1.281529 5.675642 10.685455
v -1.403334 2.900212 10.857314
v -1.281811 3.021734 10.857314
v -1.403334 2.900212 10.685455
v -1.281811 3.021734 10.685455
v 1.283671 0.213206 10.857314
v 1.405195 0.334729 10.857314
v 1.283671 0.213206 10.685455
v 1.405195 0.334729 10.685455
v -1.399508 0.110474 -10.857314
v -1.399508 0.282334 -10.857314
v -1.399508 0.110474 -10.685455
v -1.399508 0.282334 -10.685455
v 1.278148 0.110474 -10.857314
v 1.278148 0.282334 -10.857314
v 1.278148 0.110474 -10.685455
v 1.278148 0.282334 -10.685455
v -1.399508 8.110475 -10.857314
v -1.399508 8.282334 -10.857314
v -1.399508 8.110475 -10.685455
v -1.399508 8.282334 -10.685455
v 1.278148 8.110475 -10.857314
v 1.278148 8.282334 -10.857314
v 1.278148 8.110475 -10.685455
v 1.278148 8.282334 -10.685455
v -1.398328 13.412404 -10.857314
v -1.276805 13.533928 -10.857314
v -1.398328 13.412404 -10.685454
v -1.276805 13.533928 -10.685454
v 1.288678 10.725400 -10.857314
v 1.410201 10.846922 -10.857314
v 1.288678 10.725400 -10.685454
v 1.410201 10.846922 -10.685454
v -1.283953 13.355459 -10.857314
v -1.405476 13.476982 -10.857314
v -1.283953 13.355459 -10.685454
v -1.405476 13.476982 -10.685454
v 1.403053 16.042465 -10.857314
v 1.281530 16.163988 -10.857314
v 1.403053 16.042465 -10.685454
v 1.281530 16.163988 -10.685454
v -1.399508 16.033354 -10.857314
v -1.399508 16.205214 -10.857314
v -1.399508 16.033354 -10.685454
v -1.399508 16.205214 -10.685454
v 1.278148 16.033354 -10.857314
v 1.278148 16.205214 -10.857314
v 1.278148 16.033354 -10.685454
v 1.278148 16.205214 -10.685454
v -1.283953 8.093027 -10.857314
v -1.405476 8.214550 -10.857314
v -1.283953 8.093027 -10.685455
v -1.405476 8.214550 -10.685455
v 1.403052 10.780031 -10.857314
v 1.281529 10.901555 -10.857314
v 1.403052 10.780031 -10.685455
v 1.281529 10.901555 -10.685455
v -1.417461 8.149973 -10.857314
v -1.295938 8.271497 -10.857314
v -1.417461 8.149973 -10.685455
v -1.295938 8.271497 -10.685455
v 1.269545 5.462967 -10.857314
v 1.391068 5.584491 -10.857314
v 1.269545 5.462967 -10.685455
v 1.391068 5.584491 -10.685455
v -1.283954 2.867113 -10.857314
v -1.405477 2.988636 -10.857314
v -1.283954 2.867113 -10.685455
v -1.405477 2.988636 -10.685455
v 1.403052 5.554119 -10.857314
v 1.281529 5.675642 -10.857314
v 1.403052 5.554119 -10.685455
v 1.281529 5.675642 -10.685455
v -1.403334 2.900212 -10.857314
v -1.281811 3.021734 -10.857314
v -1.403334 2.900212 -10.685455
v -1.281811 3.021734 -10.685455
v 1.283671 0.213206 -10.857314
v 1.405195 0.334729 -10.857314
v 1.283671 0.213206 -10.685455
v 1.405195 0.334729 -10.685455
vt 0.032914 0.845532
vt 0.032914 0.811854
vt 0.598698 0.811854
vt 0.598698 0.845532
vt 0.598698 0.879209
vt 0.598698 0.912887
vt 0.032914 0.912887
vt 0.032914 0.879209
vt 0.598698 0.946564
vt 0.032914 0.946564
vt 0.032916 0.575528
vt 0.032914 0.541850
vt 0.598698 0.541850
vt 0.598701 0.575528
vt 0.598701 0.609205
vt 0.598701 0.642883
vt 0.032916 0.642883
vt 0.032916 0.609205
vt 0.598698 0.676561
vt 0.032914 0.676560
vt 0.821045 0.517327
vt 0.789555 0.516866
vt 0.789555 0.026216
vt 0.821045 0.026677
vt 0.852362 0.026677
vt 0.879341 0.026938
vt 0.879341 0.517579
vt 0.852363 0.517327
vt 0.910658 0.026938
vt 0.910658 0.517579
vt 0.261458 0.021277
vt 0.293510 0.020667
vt 0.293510 0.511339
vt 0.261458 0.511925
vt 0.230141 0.511925
vt 0.203163 0.512214
vt 0.201268 0.021568
vt 0.230140 0.021278
vt 0.171845 0.512215
vt 0.169951 0.021568
vt 0.032914 0.710530
vt 0.032914 0.676852
vt 0.598698 0.676852
vt 0.598698 0.710530
vt 0.598698 0.744207
vt 0.598698 0.777885
vt 0.032914 0.777885
vt 0.032914 0.744207
vt 0.598698 0.811563
vt 0.032914 0.811563
vt 0.410402 0.021277
vt 0.442454 0.020670
vt 0.442453 0.511339
vt 0.410401 0.511925
vt 0.379084 0.511925
vt 0.352106 0.512215
vt 0.350211 0.021567
vt 0.379085 0.021277
vt 0.320789 0.512215
vt 0.318894 0.021567
vt 0.525822 0.517317
vt 0.494332 0.516854
vt 0.494333 0.026215
vt 0.525822 0.026677
vt 0.557138 0.026677
vt 0.584116 0.026939
vt 0.584116 0.517604
vt 0.557138 0.517317
vt 0.615434 0.026939
vt 0.615434 0.517604
vt 0.119367 0.021277
vt 0.151419 0.020669
vt 0.151419 0.511377
vt 0.119367 0.511927
vt 0.088050 0.511927
vt 0.061072 0.512217
vt 0.059179 0.021568
vt 0.088050 0.021277
vt 0.029755 0.512217
vt 0.027862 0.021568
vt 0.673201 0.517331
vt 0.641710 0.516870
vt 0.641722 0.026217
vt 0.673213 0.026677
vt 0.704530 0.026678
vt 0.731507 0.026941
vt 0.731496 0.517584
vt 0.704518 0.517332
vt 0.762824 0.026941
vt 0.762813 0.517585
vt 0.032914 0.845532
vt 0.598698 0.845532
vt 0.598698 0.811854
vt 0.032914 0.811854
vt 0.598698 0.879209
vt 0.032914 0.879209
vt 0.032914 0.912887
vt 0.598698 0.912887
vt 0.598698 0.946564
vt 0.032914 0.946564
vt 0.032916 0.575528
vt 0.598701 0.575528
vt 0.598698 0.541850
vt 0.032914 0.541850
vt 0.598701 0.609205
vt 0.032916 0.609205
vt 0.032916 0.642883
vt 0.598701 0.642883
vt 0.598698 0.676561
vt 0.032914 0.676560
vt 0.821045 0.517327
vt 0.821045 0.026677
vt 0.789555 0.026216
vt 0.789555 0.516866
vt 0.852362 0.026677
vt 0.852363 0.517327
vt 0.879341 0.517579
vt 0.879341 0.026938
vt 0.910658 0.026938
vt 0.910658 0.517579
vt 0.261458 0.021277
vt 0.261458 0.511925
vt 0.293510 0.511339
vt 0.293510 0.020667
vt 0.230141 0.511925
vt 0.230140 0.021278
vt 0.201268 0.021568
vt 0.203163 0.512214
vt 0.171845 0.512215
vt 0.169951 0.021568
vt 0.032914 0.710530
vt 0.598698 0.710530
vt 0.598698 0.676852
vt 0.032914 0.676852
vt 0.598698 0.744207
vt 0.032914 0.744207
vt 0.032914 0.777885
vt 0.598698 0.777885
vt 0.598698 0.811563
vt 0.032914 0.811563
vt 0.410402 0.021277
vt 0.410401 0.511925
vt 0.442453 0.511339
vt 0.442454 0.020670
vt 0.379084 0.511925
vt 0.379085 0.021277
vt 0.350211 0.021567
vt 0.352106 0.512215
vt 0.320789 0.512215
vt 0.318894 0.021567
vt 0.525822 0.517317
vt 0.525822 0.026677
vt 0.494333 0.026215
vt 0.494332 0.516854
vt 0.557138 0.026677
vt 0.557138 0.517317
vt 0.584116 0.517604
vt 0.584116 0.026939
vt 0.615434 0.026939
vt 0.615434 0.517604
vt 0.119367 0.021277
vt 0.119367 0.511927
vt 0.151419 0.511377
vt 0.151419 0.020669
vt 0.088050 0.511927
vt 0.088050 0.021277
vt 0.059179 0.021568
vt 0.061072 0.512217
vt 0.029755 0.512217
vt 0.027862 0.021568
vt 0.673201 0.517331
vt 0.673213 0.026677
vt 0.641722 0.026217
vt 0.641710 0.516870
vt 0.704530 0.026678
vt 0.704518 0.517332
vt 0.731496 0.517584
vt 0.731507 0.026941
vt 0.762824 0.026941
vt 0.762813 0.517585
vn 0.0000 0.0000 -1.0000
vn 0.0000 0.0000 1.0000
vn 0.0000 -1.0000 0.0000
vn 0.0000 1.0000 0.0000
vn -0.7071 -0.7071 0.0000
vn 0.7071 0.7071 0.0000
vn 0.7071 -0.7071 0.0000
vn -0.7071 0.7071 0.0000
usemtl None_Blue.png
s off
f 739/1473/71 740/1474/71 744/1475/71 743/1476/71
f 741/1477/72 742/1478/72 738/1479/72 737/1480/72
f 739/1473/73 743/1476/73 741/1477/73 737/1480/73
f 744/1481/74 740/1482/74 738/1479/74 742/1478/74
f 747/1483/71 748/1484/71 752/1485/71 751/1486/71
f 749/1487/72 750/1488/72 746/1489/72 745/1490/72
f 747/1483/73 751/1486/73 749/1487/73 745/1490/73
f 752/1491/74 748/1492/74 746/1489/74 750/1488/74
f 755/1493/71 756/1494/71 760/1495/71 759/1496/71
f 757/1497/72 758/1498/72 754/1499/72 753/1500/72
f 755/1493/75 759/1496/75 757/1497/75 753/1500/75
f 760/1501/76 756/1502/76 754/1499/76 758/1498/76
f 763/1503/71 764/1504/71 768/1505/71 767/1506/71
f 765/1507/72 766/1508/72 762/1509/72 761/1510/72
f 763/1503/77 767/1506/77 765/1507/77 761/1510/77
f 768/1511/78 764/1512/78 762/1509/78 766/1508/78
f 771/1513/71 772/1514/71 776/1515/71 775/1516/71
f 773/1517/72 774/1518/72 770/1519/72 769/1520/72
f 771/1513/73 775/1516/73 773/1517/73 769/1520/73
f 776/1521/74 772/1522/74 770/1519/74 774/1518/74
f 779/1523/71 780/1524/71 784/1525/71 783/1526/71
f 781/1527/72 782/1528/72 778/1529/72 777/1530/72
f 779/1523/77 783/1526/77 781/1527/77 777/1530/77
f 784/1531/78 780/1532/78 778/1529/78 782/1528/78
f 787/1533/71 788/1534/71 792/1535/71 791/1536/71
f 789/1537/72 790/1538/72 786/1539/72 785/1540/72
f 787/1533/75 791/1536/75 789/1537/75 785/1540/75
f 792/1541/76 788/1542/76 786/1539/76 790/1538/76
f 795/1543/71 796/1544/71 800/1545/71 799/1546/71
f 797/1547/72 798/1548/72 794/1549/72 793/1550/72
f 795/1543/77 799/1546/77 797/1547/77 793/1550/77
f 800/1551/78 796/1552/78 794/1549/78 798/1548/78
f 803/1553/71 804/1554/71 808/1555/71 807/1556/71
f 805/1557/72 806/1558/72 802/1559/72 801/1560/72
f 803/1553/75 807/1556/75 805/1557/75 801/1560/75
f 808/1561/76 804/1562/76 802/1559/76 806/1558/76
f 811/1563/72 815/1564/72 816/1565/72 812/1566/72
f 813/1567/71 809/1568/71 810/1569/71 814/1570/71
f 811/1563/73 809/1568/73 813/1567/73 815/1564/73
f 816/1571/74 814/1570/74 810/1569/74 812/1572/74
f 819/1573/72 823/1574/72 824/1575/72 820/1576/72
f 821/1577/71 817/1578/71 818/1579/71 822/1580/71
f 819/1573/73 817/1578/73 821/1577/73 823/1574/73
f 824/1581/74 822/1580/74 818/1579/74 820/1582/74
f 827/1583/72 831/1584/72 832/1585/72 828/1586/72
f 829/1587/71 825/1588/71 826/1589/71 830/1590/71
f 827/1583/75 825/1588/75 829/1587/75 831/1584/75
f 832/1591/76 830/1590/76 826/1589/76 828/1592/76
f 835/1593/72 839/1594/72 840/1595/72 836/1596/72
f 837/1597/71 833/1598/71 834/1599/71 838/1600/71
f 835/1593/77 833/1598/77 837/1597/77 839/1594/77
f 840/1601/78 838/1600/78 834/1599/78 836/1602/78
f 843/1603/72 847/1604/72 848/1605/72 844/1606/72
f 845/1607/71 841/1608/71 842/1609/71 846/1610/71
f 843/1603/73 841/1608/73 845/1607/73 847/1604/73
f 848/1611/74 846/1610/74 842/1609/74 844/1612/74
f 851/1613/72 855/1614/72 856/1615/72 852/1616/72
f 853/1617/71 849/1618/71 850/1619/71 854/1620/71
f 851/1613/77 849/1618/77 853/1617/77 855/1614/77
f 856/1621/78 854/1620/78 850/1619/78 852/1622/78
f 859/1623/72 863/1624/72 864/1625/72 860/1626/72
f 861/1627/71 857/1628/71 858/1629/71 862/1630/71
f 859/1623/75 857/1628/75 861/1627/75 863/1624/75
f 864/1631/76 862/1630/76 858/1629/76 860/1632/76
f 867/1633/72 871/1634/72 872/1635/72 868/1636/72
f 869/1637/71 865/1638/71 866/1639/71 870/1640/71
f 867/1633/77 865/1638/77 869/1637/77 871/1634/77
f 872/1641/78 870/1640/78 866/1639/78 868/1642/78
f 875/1643/72 879/1644/72 880/1645/72 876/1646/72
f 877/1647/71 873/1648/71 874/1649/71 878/1650/71
f 875/1643/75 873/1648/75 877/1647/75 879/1644/75
f 880/1651/76 878/1650/76 874/1649/76 876/1652/76
