<?xml version="1.0"?>
<COLLADA xmlns="http://www.collada.org/2005/11/COLLADASchema" version="1.4.1">
  <asset>
    <contributor>
      <author>Assimp</author>
      <authoring_tool>Assimp Exporter</authoring_tool>
    </contributor>
    <created>2016-09-20T14:18:10</created>
    <modified>2016-09-20T14:18:10</modified>
    <unit name="meter" meter="1" />
    <up_axis>Y_UP</up_axis>
  </asset>
  <library_effects>
    <effect id="dust_pan_opt_DustPan-fx" name="dust_pan_opt_DustPan">
      <profile_COMMON>
        <technique sid="standard">
          <phong>
            <diffuse>
              <color sid="diffuse">0.121951   0.121951   0.121951   1</color>
            </diffuse>
          </phong>
        </technique>
      </profile_COMMON>
    </effect>
  </library_effects>
  <library_materials>
    <material id="dust_pan_opt_DustPan" name="dust_pan_opt_DustPan">
      <instance_effect url="#dust_pan_opt_DustPan-fx"/>
    </material>
  </library_materials>
  <library_geometries>
    <geometry id="meshId0" name="meshId0_name" >
      <mesh>
        <source id="meshId0-positions" name="meshId0-positions">
          <float_array id="meshId0-positions-array" count="2286"> -0.853706 -0.287628 0.957418 -0.851363 -0.28899 0.94614 -0.837012 -0.290331 0.965766 -0.837171 -0.288595 0.988631 -0.837398 -0.284451 0.996127 -0.85544 -0.283512 0.962452 -0.814374 -0.290517 0.968549 -0.814374 -0.288737 0.992123 -0.814308 -0.285254 0.999412 -0.837445 -0.27621 0.988057 -0.837398 -0.284451 0.996127 -0.814308 -0.285254 0.999412 -0.814111 -0.279076 0.989848 -0.856018 -0.275245 0.955289 -0.85544 -0.283512 0.962452 -0.837398 -0.284451 0.996127 -0.837445 -0.27621 0.988057 -0.838062 -0.151379 0.763004 -0.856018 -0.158103 0.761127 -0.813608 -0.268155 0.958346 -0.837489 -0.25537 -0.255579 -0.856018 -0.258824 -0.243566 -0.851363 0.163327 -0.236669 -0.837012 0.188645 -0.244061 -0.837409 -0.275025 -0.254281 -0.85544 -0.275703 -0.242621 -0.814374 -0.251913 -0.256914 -0.837489 -0.25537 -0.255579 -0.837012 0.188645 -0.244061 -0.814374 0.199784 -0.245962 -0.814374 -0.274198 -0.255579 -0.837409 -0.275025 -0.254281 -0.837171 -0.284526 -0.250388 -0.814374 -0.284675 -0.251575 -0.837171 -0.284526 -0.250388 -0.814374 -0.284675 -0.251575 -0.814374 -0.288485 -0.243566 -0.837012 -0.288215 -0.242621 -0.853706 -0.283785 -0.239785 -0.837171 -0.284526 -0.250388 -0.853706 -0.283785 -0.239785 -0.851363 -0.286312 -0.235954 -0.856018 -0.288612 0.763583 -0.837489 -0.291928 0.763583 -0.814374 -0.292296 0.763583 0.853706 -0.287628 0.957418 0.851363 -0.28899 0.94614 0.856018 -0.288612 0.763583 0.860916 -0.284929 0.763583 0.853706 -0.287628 0.957418 0.860916 -0.284929 0.763583 0.863364 -0.279438 0.763337 0.85544 -0.283512 0.962452 0.856018 -0.275245 0.955289 0.86418 -0.271807 0.762601 -0.860916 -0.284929 0.763583 -0.853706 -0.287628 0.957418 -0.863364 -0.279438 0.763337 -0.860916 -0.284929 0.763583 -0.86418 -0.271807 0.762601 0.837488 -0.25537 -0.255579 0.814373 -0.251913 -0.256914 0.814374 0.199784 -0.245962 0.837012 0.188645 -0.244061 0.837409 -0.275025 -0.254281 0.814373 -0.274198 -0.255579 0.856018 -0.258824 -0.243566 0.851363 0.163327 -0.236669 0.85544 -0.275703 -0.242621 0.837171 -0.284526 -0.250388 0.853706 -0.283785 -0.239785 0.837171 -0.284526 -0.250388 0.853706 -0.283785 -0.239785 0.851363 -0.286312 -0.235954 0.837012 -0.288215 -0.242621 0.814373 -0.284675 -0.251575 0.814373 -0.284675 -0.251575 0.814373 -0.288485 -0.243566 0.814374 -0.292296 0.763583 0.837488 -0.291928 0.763583 0.837012 -0.290331 0.965767 0.814374 -0.290517 0.968549 0.814111 -0.279098 0.989837 0.814308 -0.28526 0.999409 0.837398 -0.284452 0.996126 0.837445 -0.276213 0.988055 0.837398 -0.284452 0.996126 0.814308 -0.28526 0.999409 0.814373 -0.288737 0.992123 0.837171 -0.288595 0.988631 0.85544 -0.283512 0.962452 0.837445 -0.276213 0.988055 0.837398 -0.284452 0.996126 0.838062 -0.151435 0.762953 0.820105 -0.165315 0.759738 0.813607 -0.26825 0.958282 0.856018 -0.275245 0.955289 0.856018 -0.158103 0.761127 0.298535 -0.284675 -0.251575 0.298535 -0.288485 -0.243566 -0.298535 -0.288485 -0.243566 -0.298535 -0.284675 -0.251575 0.298535 -0.273855 -0.255579 0.298535 -0.284675 -0.251575 -0.298535 -0.284675 -0.251575 -0.298535 -0.273855 -0.255579 0.298535 -0.250543 -0.256914 -0.298535 -0.250543 -0.256914 0.298535 -0.292296 0.763583 0.298535 -0.290517 0.968549 -0.298535 -0.290517 0.968549 -0.298535 -0.292296 0.763583 0.298535 -0.283654 0.992199 0.298535 -0.280656 0.96874 -0.298535 -0.280656 0.96874 -0.298535 -0.283654 0.992199 0.298535 -0.286399 1 -0.298535 -0.286399 1 0.298535 -0.288737 0.992123 0.298535 -0.286399 1 -0.298535 -0.286399 1 -0.298535 -0.288737 0.992123 0.298535 -0.254137 0.737755 0.298535 -0.269039 0.793967 0.782717 -0.268521 0.796636 0.783052 -0.252492 0.738751 -0.298535 -0.269039 0.793967 -0.298535 -0.254137 0.737755 -0.856018 0.177298 -0.196522 -0.837445 0.209326 -0.200811 -0.837398 0.209418 -0.217713 -0.85544 0.176315 -0.21396 -0.837445 0.209326 -0.200811 -0.814111 0.200505 -0.205643 -0.814308 0.210779 -0.221097 -0.837398 0.209418 -0.217713 -0.837171 0.203069 -0.232553 -0.814374 0.209767 -0.23501 -0.814374 0.199784 -0.245962 -0.837012 0.188645 -0.244061 -0.853706 0.170793 -0.228075 -0.837171 0.203069 -0.232553 -0.853706 -0.287406 -0.227105 -0.858013 -0.284082 -0.228143 -0.85544 -0.288215 -0.212523 -0.86019 -0.284526 -0.212782 -0.858013 -0.284082 -0.228143 -0.86019 -0.284526 -0.212782 -0.862571 -0.276244 -0.213171 -0.86019 -0.276013 -0.2297 -0.856018 -0.288485 -0.194581 -0.860916 -0.284675 -0.194581 -0.860916 -0.284675 -0.194581 -0.863364 -0.276329 -0.194581 -0.86418 -0.260437 -0.194581 -0.863364 -0.260247 -0.213301 -0.860916 -0.259766 -0.230219 -0.837171 -0.290433 -0.2297 -0.837409 -0.291545 -0.213171 -0.814374 -0.290772 -0.230219 -0.814374 -0.291915 -0.213301 -0.837489 -0.291915 -0.194581 -0.814374 -0.292296 -0.194581 0.298535 -0.291915 -0.213301 0.298535 -0.292296 -0.194581 -0.298535 -0.292296 -0.194581 -0.298535 -0.291915 -0.213301 0.298535 -0.290772 -0.230219 -0.298535 -0.290772 -0.230219 0.856018 -0.288485 -0.194581 0.837488 -0.291915 -0.194581 0.837409 -0.291545 -0.213171 0.85544 -0.288215 -0.212523 0.814373 -0.292296 -0.194581 0.814373 -0.291915 -0.213301 0.837171 -0.290433 -0.2297 0.814373 -0.290772 -0.230219 0.853705 -0.287406 -0.227105 0.86418 -0.260437 -0.194581 0.863364 -0.276329 -0.194581 0.862571 -0.276244 -0.213171 0.863364 -0.260247 -0.213301 0.860916 -0.284675 -0.194581 0.86019 -0.284526 -0.212782 0.860916 -0.284675 -0.194581 0.86019 -0.284526 -0.212782 0.858013 -0.284082 -0.228143 0.86019 -0.276013 -0.2297 0.858013 -0.284082 -0.228143 0.853706 -0.283785 -0.239785 0.85544 -0.275703 -0.242621 0.860915 -0.259766 -0.230219 0.856018 -0.258824 -0.243566 0.814374 0.199784 -0.245962 0.814373 0.209767 -0.23501 0.837171 0.203069 -0.232553 0.837012 0.188645 -0.244061 0.814308 0.210779 -0.221097 0.837398 0.209418 -0.217713 0.814111 0.200505 -0.205643 0.837445 0.209326 -0.200811 0.837398 0.209418 -0.217713 0.837445 0.209326 -0.200811 0.856018 0.177298 -0.196522 0.85544 0.176315 -0.21396 0.837012 0.188645 -0.244061 0.837171 0.203069 -0.232553 0.853705 0.170793 -0.228075 0.851363 0.163327 -0.236669 -0.234989 0.213436 -0.245091 -0.136069 0.214349 -0.296392 -0.28749 0.207121 -0.264564 0.296434 0.209418 -0.225585 0.234989 0.213436 -0.245091 -0.296434 0.209418 -0.225585 0.298535 0.191391 -0.210677 -0.298535 0.191391 -0.210677 -0.856018 -0.158103 0.761127 -0.838062 -0.151379 0.763004 -0.838062 -0.137894 0.733187 -0.856018 -0.145494 0.732857 -0.820105 -0.164752 0.760252 -0.820105 -0.15235 0.731975 -0.820105 -0.106195 0.599201 -0.838062 -0.0868136 0.60032 -0.856018 -0.0974971 0.601257 -0.860916 -0.284675 0.601672 -0.856018 -0.288485 0.601672 -0.856018 -0.288517 0.733513 -0.860915 -0.284738 0.733513 -0.860916 -0.284675 0.601672 -0.860915 -0.284738 0.733513 -0.863364 -0.279131 0.733451 -0.863364 -0.278658 0.601672 -0.86418 -0.271379 0.733267 -0.856018 -0.145494 0.732857 -0.86418 -0.269752 0.601672 -0.856018 -0.0974971 0.601257 -0.837489 -0.291915 0.601672 -0.837489 -0.291918 0.733513 -0.814374 -0.292296 0.601672 -0.814374 -0.292296 0.733513 0.298535 -0.292296 0.733513 -0.298535 -0.292296 0.733513 0.298535 -0.292296 0.601672 -0.298535 -0.292296 0.601672 0.837488 -0.291918 0.733513 0.856018 -0.288517 0.733513 0.814373 -0.292296 0.733513 0.814374 -0.292296 0.601672 0.837488 -0.291915 0.601672 0.856018 -0.288485 0.601672 0.863364 -0.279131 0.733451 0.86418 -0.271379 0.733267 0.860915 -0.284738 0.733513 0.860915 -0.284738 0.733513 0.860916 -0.284675 0.601672 0.863364 -0.278658 0.601672 0.860916 -0.284675 0.601672 0.86418 -0.269752 0.601672 0.820105 -0.152787 0.731576 0.838062 -0.137938 0.733147 0.838062 -0.0868277 0.600308 0.820105 -0.106335 0.599072 0.856018 -0.145494 0.732857 0.856018 -0.0974971 0.601257 0.298535 -0.232047 0.596468 0.298535 -0.248095 0.721441 0.783052 -0.24633 0.722034 0.783052 -0.229719 0.596631 -0.856018 0.145637 -0.0817099 -0.856018 0.114221 0.00660415 -0.838062 0.138039 0.00160928 -0.838062 0.171396 -0.0873153 -0.838062 0.171396 -0.0873153 -0.838062 0.138039 0.00160928 -0.820105 0.0933303 -0.00338568 -0.820105 0.122867 -0.0929208 -0.838062 0.171396 -0.0873153 -0.820105 0.122867 -0.0929208 -0.856018 -0.288485 -0.0791619 -0.860916 -0.284675 -0.0791619 -0.860916 -0.284675 -0.0791619 -0.863364 -0.276597 -0.0791619 -0.856018 -0.288485 0.00887462 -0.860916 -0.284675 0.00887459 -0.860916 -0.284675 0.00887459 -0.863364 -0.276863 0.00887462 -0.86418 -0.262575 0.00887459 -0.86418 -0.26151 -0.0791619 -0.837489 -0.291915 -0.0791619 -0.814374 -0.292296 -0.0791619 -0.814374 -0.292296 0.00887462 -0.837489 -0.291915 0.00887462 0.298535 -0.292296 -0.0791619 0.298535 -0.292296 0.00887459 -0.298535 -0.292296 0.00887459 -0.298535 -0.292296 -0.0791619 0.856018 -0.288485 -0.0791619 0.856018 -0.288485 0.00887462 0.837488 -0.291915 0.00887462 0.837488 -0.291915 -0.0791619 0.814374 -0.292296 0.00887462 0.814374 -0.292296 -0.0791619 0.86418 -0.262575 0.00887459 0.863364 -0.276863 0.00887462 0.863364 -0.276597 -0.0791619 0.86418 -0.26151 -0.0791619 0.860916 -0.284675 0.00887459 0.860916 -0.284675 -0.0791619 0.860916 -0.284675 0.00887459 0.860916 -0.284675 -0.0791619 0.820105 0.122867 -0.0929208 0.838062 0.171396 -0.0873153 0.820105 0.122867 -0.0929208 0.820105 0.0933303 -0.00338568 0.838062 0.138039 0.00160928 0.838062 0.171396 -0.0873153 0.856018 0.145637 -0.0817099 0.856018 0.177298 -0.196522 0.838062 0.138039 0.00160928 0.856018 0.114221 0.00660415 0.298535 -0.189339 -0.0954686 0.298535 -0.122017 -0.180468 -0.298535 -0.122017 -0.180468 -0.298535 -0.189339 -0.0954686 0.298535 -0.194352 -0.00565609 -0.298535 -0.194352 -0.00565609 -0.813608 -0.268155 0.958346 -0.802943 -0.263561 0.807756 -0.806212 -0.235209 0.74489 -0.820105 -0.164752 0.760252 0.856018 -0.158103 0.761127 -0.806211 -0.228523 0.725623 -0.820105 -0.15235 0.731975 -0.806211 -0.208147 0.59761 -0.820105 -0.106195 0.599201 0.806211 -0.230445 0.723865 0.820105 -0.152787 0.731576 0.820105 -0.106335 0.599072 0.806211 -0.208767 0.597041 0.806211 -0.237689 0.742631 0.820105 -0.165315 0.759738 0.813607 -0.26825 0.958282 0.802942 -0.264523 0.806997 0.856018 -0.145494 0.732857 0.856018 -0.0974971 0.601257 -0.806212 -0.141077 -0.00565606 -0.806212 -0.131523 -0.0954686 0.806211 -0.131523 -0.0954686 0.806211 -0.141077 -0.00565606 0.856018 0.145637 -0.0817099 0.856018 0.114221 0.00660415 0.298535 0.191391 -0.210677 0.298535 -0.122017 -0.180468 0.782717 -0.117707 -0.179817 0.783824 0.192417 -0.210044 -0.298535 0.191391 -0.210677 -0.298535 -0.122017 -0.180468 -0.783052 -0.250745 0.740342 -0.782717 -0.268039 0.796976 -0.783857 -0.286249 0.999919 -0.783868 -0.288737 0.992123 -0.783868 -0.290517 0.96855 -0.7837 -0.279609 0.968089 -0.783824 -0.283053 0.991877 -0.783857 -0.286249 0.999919 -0.783868 -0.292296 0.763583 -0.783868 -0.292296 0.733513 -0.783868 -0.292296 0.601672 -0.783868 -0.292296 -0.0791619 -0.783868 -0.292296 -0.194581 -0.783868 -0.292296 0.00887462 -0.783868 -0.291915 -0.213301 -0.783868 -0.290772 -0.230219 -0.783868 -0.288485 -0.243566 -0.783868 -0.273844 -0.255579 -0.783868 -0.250496 -0.256914 -0.783868 -0.284675 -0.251575 -0.783868 -0.284675 -0.251575 -0.783857 0.209111 -0.223035 -0.783824 0.192417 -0.210044 -0.783868 0.203327 -0.246361 -0.783868 0.211184 -0.235808 -0.782717 -0.117707 -0.179817 -0.783824 0.192417 -0.210044 -0.783052 -0.183558 -0.0954686 -0.783052 -0.189024 -0.00565606 -0.782717 -0.117707 -0.179817 -0.298535 -0.248095 0.721441 -0.783052 -0.244976 0.723272 -0.298535 -0.232047 0.596468 -0.783052 -0.229282 0.597032 -0.136069 0.116165 -0.306862 -0.28749 0.207121 -0.264564 -0.136069 0.214349 -0.296392 -0.783868 0.203327 -0.246361 0.0366316 0.280292 -0.992886 0.067158 0.278259 -0.974645 0.067158 0.232179 -0.975679 0.0366316 0.234211 -0.99392 -4.68341e-08 0.234889 -1 -4.61098e-08 0.280969 -0.998966 -0.0366317 0.280292 -0.992886 -0.0366317 0.234211 -0.99392 -0.0671581 0.232179 -0.975679 -0.0671581 0.278259 -0.974645 0.111882 0.221734 -0.416328 0.136069 0.214349 -0.296391 0.136069 0.116165 -0.306862 0.111882 0.15909 -0.424688 0.101234 0.180935 -0.54128 0.101234 0.232142 -0.534715 0.0976844 0.21693 -0.838683 0.0976844 0.263199 -0.836944 0.0533877 0.202682 -0.495895 0.0458002 0.194084 -0.44552 -0.0458003 0.194084 -0.44552 -0.0533878 0.202682 -0.495895 -0.0595125 0.214279 -0.574262 0.0595124 0.214279 -0.574262 -0.0540046 0.252859 -0.815037 0.0540045 0.252858 -0.815037 -0.111882 0.15909 -0.424688 -0.136069 0.116165 -0.306862 -0.136069 0.214349 -0.296392 -0.111882 0.221734 -0.416328 -0.101234 0.232142 -0.534715 -0.101234 0.180935 -0.54128 -0.0976845 0.263199 -0.836944 -0.0976845 0.21693 -0.838683 -0.0533878 0.236574 -0.455964 -0.0458003 0.230971 -0.402134 0.0458002 0.230971 -0.402134 0.0533877 0.236574 -0.455964 0.0595124 0.24561 -0.542476 -0.0595125 0.24561 -0.542476 -0.0672813 0.267983 -0.755413 0.0672812 0.267983 -0.755413 0.0494121 0.27174 -0.821325 -0.0494122 0.27174 -0.821325 -0.0946318 0.269921 -0.899178 -0.0946318 0.223794 -0.900388 -0.0854739 0.274872 -0.944243 -0.0854739 0.228792 -0.945278 -0.0854739 0.274872 -0.944243 -0.0854739 0.228792 -0.945278 0.0946317 0.223794 -0.900388 0.0946317 0.269921 -0.899178 0.0854738 0.274872 -0.944243 0.0854738 0.228792 -0.945278 0.0854738 0.274872 -0.944243 0.0854738 0.228792 -0.945278 0.136069 0.116165 -0.306862 -0.0667252 0.169625 -0.386038 0.0667251 0.169625 -0.386038 0.0667251 0.169625 -0.386038 -0.0667252 0.169625 -0.386038 -0.136069 0.116165 -0.306862 -0.111882 0.15909 -0.424688 -0.0819292 0.18061 -0.46231 -0.101234 0.180935 -0.54128 -0.087979 0.19354 -0.558222 -0.0976845 0.21693 -0.838683 -0.091454 0.225844 -0.833109 -0.0682802 0.256188 -0.848661 0.0879789 0.19354 -0.558223 0.101234 0.180935 -0.54128 0.111882 0.15909 -0.424688 0.0819291 0.18061 -0.46231 0.136069 0.116165 -0.306862 -0.0946318 0.223794 -0.900388 -0.089192 0.232407 -0.893226 -0.0854739 0.228792 -0.945278 -0.0807478 0.237304 -0.938275 -0.0671581 0.232179 -0.975679 -0.0634447 0.240691 -0.969538 -0.0366317 0.234211 -0.99392 -0.0346062 0.242723 -0.988295 -4.68341e-08 0.234889 -1 -4.70755e-08 0.2434 -0.994548 0.0366316 0.234211 -0.99392 0.0346061 0.242723 -0.988295 0.067158 0.232179 -0.975679 0.0634446 0.240691 -0.969538 0.0854738 0.228792 -0.945278 0.0807477 0.237304 -0.938275 0.0946317 0.223794 -0.900388 0.0891919 0.232407 -0.893226 0.0976844 0.21693 -0.838683 0.0914539 0.225844 -0.833109 0.0682801 0.256187 -0.848661 0.072748 0.260219 -0.888378 0.0634446 0.240691 -0.969538 0.0807477 0.237304 -0.938275 0.0677819 0.264166 -0.926653 0.0532572 0.267419 -0.957947 0.0891919 0.232407 -0.893226 0.072748 0.260219 -0.888378 0.136069 0.214349 -0.296391 0.111882 0.221734 -0.416328 0.101234 0.232142 -0.534715 0.0976844 0.263199 -0.836944 -0.101234 0.232142 -0.534715 -0.111882 0.221734 -0.416328 0.0946317 0.269921 -0.899178 0.0807338 0.281637 -0.885947 0.0787518 0.275794 -0.830177 0.0854738 0.274872 -0.944243 0.0743166 0.286265 -0.929981 0.067158 0.278259 -0.974645 0.0583916 0.289616 -0.961785 0.0366316 0.280292 -0.992886 0.03185 0.291626 -0.980867 -4.61098e-08 0.280969 -0.998966 -4.5627e-08 0.292296 -0.987228 -0.0366317 0.280292 -0.992886 -0.03185 0.291626 -0.980867 -0.0671581 0.278259 -0.974645 -0.0583917 0.289616 -0.961785 -0.0854739 0.274872 -0.944243 -0.0743167 0.286265 -0.929981 -0.0946318 0.269921 -0.899178 -0.0807338 0.281637 -0.885947 -0.0976845 0.263199 -0.836944 -0.0787519 0.275794 -0.830177 -0.0480726 0.264548 -0.822191 0.0480726 0.264548 -0.822191 -0.0727481 0.260219 -0.888378 -0.0807478 0.237304 -0.938275 -0.0677819 0.264166 -0.926653 -0.0727481 0.260219 -0.888378 -0.089192 0.232407 -0.893226 -0.0634447 0.240691 -0.969538 -0.0532573 0.267419 -0.957947 -0.0677819 0.264166 -0.926653 -0.0611834 0.27515 -0.924657 -0.0655536 0.271409 -0.888493 -0.0532573 0.267419 -0.957947 -0.0480726 0.278269 -0.954795 -0.0611834 0.267667 -0.852328 -0.0346062 0.242723 -0.988295 -0.0290494 0.269371 -0.976723 -4.70755e-08 0.2434 -0.994548 -4.26093e-08 0.270022 -0.982982 -0.0290494 0.269371 -0.976723 -0.0346062 0.242723 -0.988295 0.0346061 0.242723 -0.988295 0.0290493 0.269371 -0.976723 0.0290493 0.269371 -0.976723 0.0346061 0.242723 -0.988295 0.0262214 0.28014 -0.972877 -3.85053e-08 0.280763 -0.978904 0.0480726 0.278269 -0.954795 0.0262214 0.28014 -0.972877 -0.0480726 0.278269 -0.954795 -0.0262215 0.28014 -0.972877 -0.0262215 0.28014 -0.972877 0.0611833 0.267667 -0.852328 0.0655535 0.271409 -0.888493 0.0480726 0.278269 -0.954795 0.0532572 0.267419 -0.957947 0.0677819 0.264166 -0.926653 0.0611833 0.27515 -0.924657 0.0628882 0.274894 -0.851782 0.0673802 0.278679 -0.88833 0.0628882 0.282464 -0.924878 0.0494121 0.285619 -0.955334 0.0269521 0.287511 -0.973608 -4.03159e-08 0.288142 -0.9797 -0.0269521 0.287511 -0.973608 -0.0494122 0.285619 -0.955334 -0.0628883 0.282464 -0.924878 -0.0673803 0.278679 -0.88833 -0.0628883 0.274894 -0.851782 0.0655535 0.271409 -0.888493 0.0611833 0.267667 -0.852328 0.0628882 0.274894 -0.851782 0.0673802 0.278679 -0.88833 0.0480726 0.264548 -0.822191 0.0494121 0.27174 -0.821325 0.0611833 0.27515 -0.924657 0.0628882 0.282464 -0.924878 0.0494121 0.285619 -0.955334 -0.0655536 0.271409 -0.888493 -0.0611834 0.27515 -0.924657 -0.0628883 0.282464 -0.924878 -0.0673803 0.278679 -0.88833 -0.0494122 0.285619 -0.955334 -0.0480726 0.264548 -0.822191 -0.0611834 0.267667 -0.852328 -0.0628883 0.274894 -0.851782 -0.0494122 0.27174 -0.821325 0.0269521 0.287511 -0.973608 0.0269521 0.287511 -0.973608 -4.03159e-08 0.288142 -0.9797 -0.0269521 0.287511 -0.973608 -0.0269521 0.287511 -0.973608 0.0494121 0.27174 -0.821325 0.0480726 0.264548 -0.822191 -0.0480726 0.264548 -0.822191 -0.0494122 0.27174 -0.821325 -0.782717 -0.117707 -0.179817 -0.783824 0.192417 -0.210044 -0.814111 0.200505 -0.205643 -0.783052 -0.183558 -0.0954686 -0.783052 -0.189024 -0.00565606 -0.806211 -0.228523 0.725623 -0.806212 -0.235209 0.74489 -0.806211 -0.208147 0.59761 -0.802943 -0.263561 0.807756 0.783868 -0.273844 -0.255579 0.783868 -0.250496 -0.256914 0.783868 -0.284675 -0.251575 0.783868 -0.288485 -0.243566 0.783868 -0.284675 -0.251575 0.783868 -0.290772 -0.230219 0.783868 -0.291915 -0.213301 0.783868 -0.292296 -0.194581 0.783868 -0.292296 -0.0791619 0.783868 -0.292296 0.00887462 0.783868 -0.292296 0.733513 0.783868 -0.292296 0.601672 0.783868 -0.292296 0.763583 0.783868 -0.290517 0.96855 0.783868 -0.288737 0.992123 0.783857 -0.286249 0.999921 0.783857 -0.286249 0.999921 0.783824 -0.283056 0.991883 0.7837 -0.27962 0.968102 0.802942 -0.264523 0.806997 0.806211 -0.237689 0.742631 0.806211 -0.230445 0.723865 0.806211 -0.208767 0.597041 0.783052 -0.183558 -0.0954686 0.783052 -0.189024 -0.00565606 0.782717 -0.117707 -0.179817 0.783052 -0.183558 -0.0954686 0.782717 -0.117707 -0.179817 0.783052 -0.189024 -0.00565606 0.814111 0.200505 -0.205643 0.783824 0.192417 -0.210044 0.783857 0.209111 -0.223035 0.783824 0.192417 -0.210044 0.783868 0.211184 -0.235808 0.783868 0.203327 -0.246361 0.28749 0.207121 -0.264564 0.783868 0.203327 -0.246361 0.28749 0.207121 -0.264564 0.298535 -0.202159 0.134227 -0.298535 -0.202159 0.134227 0.298535 -0.21173 0.298397 -0.298535 -0.21173 0.298397 0.298535 -0.222037 0.461072 -0.298535 -0.222037 0.461072 0.806211 -0.192182 0.461301 0.783052 -0.219051 0.461137 0.806211 -0.173785 0.298455 0.783052 -0.207936 0.298414 0.806211 -0.155958 0.134227 0.783052 -0.197539 0.134227 0.806211 -0.155958 0.134227 0.783052 -0.197539 0.134227 0.820105 0.0473273 0.136065 0.806211 -0.173785 0.298455 0.820105 -0.00682772 0.299948 0.820105 -0.0608201 0.462778 0.806211 -0.192182 0.461301 0.856018 0.0652912 0.144153 0.838062 0.0860846 0.140109 0.838062 0.0249866 0.302909 0.856018 0.00775592 0.305842 0.838062 0.0860846 0.140109 0.838062 0.0249866 0.302909 0.838062 -0.0358019 0.464734 0.820105 -0.00682772 0.299948 0.820105 -0.0608201 0.462778 0.856018 -0.0494764 0.466575 0.86418 -0.268124 0.467405 0.856018 -0.0494764 0.466575 0.86418 -0.266184 0.307173 0.856018 0.00775592 0.305842 0.86418 -0.264234 0.145991 0.856018 0.0652912 0.144153 0.863364 -0.278251 0.467405 0.863364 -0.277766 0.307173 0.860916 -0.284675 0.467405 0.856018 -0.288485 0.467405 0.860916 -0.284675 0.467405 0.856018 -0.288485 0.307173 0.860915 -0.284675 0.307173 0.860915 -0.284675 0.307173 0.860916 -0.284675 0.145991 0.863364 -0.277278 0.145991 0.856018 -0.288485 0.145991 0.860916 -0.284675 0.145991 0.837488 -0.291915 0.467405 0.837488 -0.291915 0.307173 0.814374 -0.292296 0.467405 0.814373 -0.292296 0.307173 0.837489 -0.291915 0.145991 0.814374 -0.292296 0.145991 0.783868 -0.292296 0.145991 0.783868 -0.292296 0.307173 0.298535 -0.292296 0.307173 0.298535 -0.292296 0.145991 0.783868 -0.292296 0.467405 0.298535 -0.292296 0.467405 -0.298535 -0.292296 0.145991 -0.298535 -0.292296 0.307173 -0.298535 -0.292296 0.467405 -0.783868 -0.292296 0.145991 -0.783868 -0.292296 0.307173 -0.783868 -0.292296 0.467405 -0.814374 -0.292296 0.145991 -0.814374 -0.292296 0.307173 -0.814374 -0.292296 0.467405 -0.856018 -0.288485 0.145991 -0.837489 -0.291915 0.145991 -0.837489 -0.291915 0.307173 -0.856018 -0.288485 0.307173 -0.837489 -0.291915 0.467405 -0.856018 -0.288485 0.467405 -0.863364 -0.277278 0.145991 -0.86418 -0.264234 0.145991 -0.863364 -0.277766 0.307173 -0.86418 -0.266184 0.307173 -0.856018 0.0652912 0.144153 -0.856018 0.00775595 0.305842 -0.860916 -0.284675 0.145991 -0.860916 -0.284675 0.145991 -0.860915 -0.284675 0.307173 -0.860915 -0.284675 0.307173 -0.860915 -0.284675 0.467405 -0.863364 -0.278251 0.467405 -0.860915 -0.284675 0.467405 -0.86418 -0.268124 0.467405 -0.856018 -0.0494764 0.466575 -0.838062 -0.0868136 0.60032 -0.838062 -0.0357962 0.464739 -0.838062 0.024988 0.30291 -0.838062 -0.0357962 0.464739 -0.820105 -0.0607638 0.46283 -0.820105 -0.00681363 0.299961 -0.838062 0.024988 0.30291 -0.838062 0.0860846 0.140109 -0.838062 0.024988 0.30291 -0.820105 -0.00681363 0.299961 -0.820105 0.0473273 0.136065 -0.838062 0.0860846 0.140109 -0.806212 -0.191934 0.461529 -0.820105 -0.0607638 0.46283 -0.806211 -0.173724 0.298511 -0.806212 -0.155958 0.134227 -0.783052 -0.207892 0.298454 -0.783052 -0.197539 0.134227 -0.806212 -0.155958 0.134227 -0.806211 -0.173724 0.298511 -0.783052 -0.197539 0.134227 -0.783052 -0.218876 0.461297 -0.806212 -0.191934 0.461529 0.136069 0.214349 -0.296391 </float_array>
          <technique_common>
            <accessor count="762" offset="0" source="#meshId0-positions-array" stride="3">
              <param name="X" type="float" />
              <param name="Y" type="float" />
              <param name="Z" type="float" />
            </accessor>
          </technique_common>
        </source>
        <source id="meshId0-normals" name="meshId0-normals">
          <float_array id="meshId0-normals-array" count="2286"> -0.789536 -0.610921 0.058379 -0.245075 -0.969469 0.00819757 -0.0480004 -0.998708 0.016656 -0.235287 -0.947109 0.21823 -0.51146 0.109978 0.85224 -0.972083 -0.141121 0.187453 -0.00542222 -0.99986 0.0158194 -0.0188595 -0.985418 0.169105 -0.0116997 0.149203 0.988737 -0.0941814 0.861553 0.498855 -0.51146 0.109978 0.85224 -0.0116997 0.149203 0.988737 0.123484 0.924088 0.361681 -0.819907 0.487469 0.300213 -0.972083 -0.141121 0.187453 -0.51146 0.109978 0.85224 -0.0941814 0.861553 0.498855 -0.0192616 0.879835 0.47489 -0.921585 0.34028 0.186789 0.516001 0.811642 0.273826 -0.303138 0.0198072 -0.952741 -0.735529 0.0164484 -0.677293 -0.709814 0.0265465 -0.703889 -0.192985 0.0481252 -0.980021 -0.273717 -0.165517 -0.947461 -0.709895 -0.155858 -0.686846 -0.0394273 0.0205696 -0.999011 -0.303138 0.0198072 -0.952741 -0.192985 0.0481252 -0.980021 -0.0385346 0.0502872 -0.997991 -0.0194484 -0.160449 -0.986852 -0.273717 -0.165517 -0.947461 -0.21784 -0.615655 -0.757307 -0.0161803 -0.641923 -0.766598 -0.21784 -0.615655 -0.757307 -0.0161803 -0.641923 -0.766598 -0.00962451 -0.961182 -0.275748 -0.102879 -0.954077 -0.28134 -0.611059 -0.54233 -0.576615 -0.21784 -0.615655 -0.757307 -0.611059 -0.54233 -0.576615 -0.293735 -0.922527 -0.250327 -0.246742 -0.969068 0.00506215 -0.0689548 -0.997602 0.00590757 -0.00558383 -0.999957 0.0074148 0.789531 -0.610928 0.0583771 0.245076 -0.969469 0.00819767 0.246742 -0.969068 0.0050622 0.78673 -0.617052 0.0173815 0.789531 -0.610928 0.0583771 0.78673 -0.617052 0.0173815 0.978191 -0.205409 0.0308196 0.972086 -0.14112 0.187442 0.819492 0.488018 0.300454 0.997739 0.0563241 0.0366561 -0.786733 -0.617049 0.0173815 -0.789536 -0.610921 0.058379 -0.978192 -0.205405 0.0308196 -0.786733 -0.617049 0.0173815 -0.997739 0.0563251 0.0366561 0.303137 0.0198072 -0.952741 0.039428 0.0205696 -0.999011 0.0385354 0.0502871 -0.997991 0.192985 0.0481254 -0.980021 0.273717 -0.165519 -0.947461 0.0194476 -0.16045 -0.986852 0.735531 0.0164483 -0.677292 0.709816 0.0265468 -0.703887 0.709893 -0.15586 -0.686848 0.217836 -0.615656 -0.757308 0.61106 -0.542325 -0.576618 0.217836 -0.615656 -0.757308 0.61106 -0.542325 -0.576618 0.293733 -0.922528 -0.250327 0.102879 -0.954077 -0.28134 0.0161804 -0.641923 -0.766598 0.0161804 -0.641923 -0.766598 0.00962484 -0.961182 -0.275747 0.0055838 -0.999957 0.00741479 0.0689548 -0.997602 0.00590757 0.0480006 -0.998708 0.0166562 0.00542219 -0.99986 0.0158194 -0.12297 0.924739 0.360189 0.011636 0.149768 0.988653 0.511322 0.1105 0.852256 0.0849913 0.862789 0.498369 0.511322 0.1105 0.852256 0.011636 0.149768 0.988653 0.0188541 -0.985434 0.169008 0.235284 -0.947124 0.21817 0.972086 -0.14112 0.187442 0.0849913 0.862789 0.498369 0.511322 0.1105 0.852256 0.00665666 0.880287 0.474395 -0.854536 0.470292 0.22044 -0.523046 0.80851 0.269694 0.819492 0.488018 0.300454 0.921429 0.340619 0.186943 1.1645e-06 -0.634514 -0.772912 -1.04126e-08 -0.961577 -0.274536 1.44536e-08 -0.961577 -0.274536 -1.16042e-06 -0.634513 -0.772912 1.72592e-06 -0.154495 -0.987993 1.1645e-06 -0.634514 -0.772912 -1.16042e-06 -0.634513 -0.772912 -1.72369e-06 -0.154495 -0.987993 0.0179466 -0.0441653 -0.998863 -0.0179466 -0.0441653 -0.998863 1.88903e-10 -0.999971 0.00757058 2.52939e-10 -0.999879 0.0155701 -4.67418e-10 -0.999879 0.0155701 -1.88903e-10 -0.999971 0.00757058 -0.00058242 0.982543 0.186037 -0.00076404 0.99728 0.0736982 0.000973123 0.997238 0.0742654 0.000586757 0.982532 0.186091 -0.000299641 -0.0011362 0.999999 0.000300059 -0.000887109 1 1.98464e-05 -0.991391 0.130934 -0.000299641 -0.0011362 0.999999 0.000300059 -0.000887109 1 -2.00013e-05 -0.99139 0.130942 -0.00149623 0.960228 0.279212 -0.000939935 0.993375 0.114917 -0.0172392 0.99297 0.117102 -0.0292253 0.958565 0.283372 0.00143462 0.993159 0.116764 0.00287855 0.959322 0.282298 -0.997358 0.0718491 0.0107115 0.164727 0.912949 0.37335 -0.601555 0.797222 -0.050678 -0.994932 0.0577581 -0.0823002 0.164727 0.912949 0.37335 0.890945 0.214332 0.400349 0.0720837 0.957583 0.278998 -0.601555 0.797222 -0.050678 -0.640554 0.635457 -0.431144 -0.147872 0.897943 -0.414527 -0.0385346 0.0502872 -0.997991 -0.192985 0.0481252 -0.980021 -0.978871 0.0496952 -0.19835 -0.640554 0.635457 -0.431144 -0.292214 -0.949367 -0.115386 -0.847846 -0.487529 -0.208502 -0.295808 -0.953987 -0.0490514 -0.858652 -0.505888 -0.082425 -0.847846 -0.487529 -0.208502 -0.858652 -0.505888 -0.082425 -0.987424 -0.129403 -0.0908237 -0.962401 -0.130805 -0.238065 -0.295453 -0.955352 -0.00316178 -0.854226 -0.519874 -0.00549127 -0.854226 -0.519874 -0.00549127 -0.990748 -0.135565 -0.0063326 -0.999856 0.0166655 -0.00311792 -0.996374 0.0153858 -0.0836752 -0.97713 0.0143525 -0.212156 -0.0857255 -0.989913 -0.112802 -0.0887799 -0.995113 -0.0432297 -0.00739135 -0.993593 -0.112778 -0.00700493 -0.999066 -0.0426381 -0.0909522 -0.995851 -0.00279478 -0.00709501 -0.999971 -0.00282445 -5.61442e-10 -0.999086 -0.042733 0 -0.999996 -0.00284088 3.67802e-11 -0.999996 -0.00284087 1.19765e-09 -0.999087 -0.042733 -6.57507e-10 -0.99364 -0.1126 4.18711e-09 -0.99364 -0.1126 0.295452 -0.955352 -0.00316181 0.0909519 -0.995851 -0.00279479 0.0887801 -0.995113 -0.04323 0.295808 -0.953987 -0.049052 0.00709499 -0.999971 -0.00282446 0.0070049 -0.999066 -0.0426382 0.0857248 -0.989913 -0.112802 0.00739142 -0.993593 -0.112778 0.292211 -0.949368 -0.115386 0.999856 0.0166656 -0.0031186 0.990748 -0.135565 -0.00633268 0.987424 -0.129404 -0.0908248 0.996374 0.015386 -0.0836798 0.854225 -0.519874 -0.00549147 0.85865 -0.505891 -0.0824258 0.854225 -0.519874 -0.00549147 0.85865 -0.505891 -0.0824258 0.847845 -0.487529 -0.208504 0.9624 -0.130803 -0.238069 0.847845 -0.487529 -0.208504 0.61106 -0.542325 -0.576618 0.709893 -0.15586 -0.686848 0.977131 0.0143526 -0.212154 0.735531 0.0164483 -0.677292 0.0385354 0.0502871 -0.997991 0.147872 0.897943 -0.414527 0.640556 0.635457 -0.431141 0.192985 0.0481254 -0.980021 -0.0720833 0.957583 0.278996 0.601555 0.797222 -0.0506801 -0.890945 0.214331 0.400348 -0.164727 0.912948 0.373351 0.601555 0.797222 -0.0506801 -0.164727 0.912948 0.373351 0.997358 0.071849 0.0107108 0.994932 0.0577586 -0.0823048 0.192985 0.0481254 -0.980021 0.640556 0.635457 -0.431141 0.978871 0.0496958 -0.19835 0.709816 0.0265468 -0.703887 -0.00907188 0.995658 0.0926481 -0.237305 0.960808 -0.1433 -0.0467005 0.0629542 -0.996923 -0.000656224 0.823079 0.567927 0.0090719 0.995658 0.0926485 0.000656243 0.823078 0.567927 -0.000875036 0.133718 0.991019 0.000875074 0.133718 0.991019 -0.921585 0.34028 0.186789 -0.0192616 0.879835 0.47489 0.214664 0.91242 0.348438 -0.987402 0.150659 0.0483728 0.846919 0.480714 0.227247 0.956585 0.276656 0.0916908 0.966591 0.245007 0.0753208 0.252161 0.90912 0.331536 -0.989481 0.138043 0.0432682 -0.800789 -0.598947 -0.000425716 -0.294732 -0.95558 -8.53248e-05 -0.293341 -0.956008 -0.000561286 -0.792176 -0.610291 -0.00112993 -0.800789 -0.598947 -0.000425716 -0.792176 -0.610291 -0.00112993 -0.973456 -0.228872 -0.00104483 -0.976957 -0.213433 -0.00069891 -0.998787 0.0481142 0.0104309 -0.987402 0.150659 0.0483728 -0.999144 0.0405235 0.00836512 -0.989481 0.138043 0.0432682 -0.0909392 -0.995856 -3.23698e-05 -0.0904699 -0.995899 -0.000212772 -0.00709203 -0.999975 -2.57648e-06 -0.00705512 -0.999975 -1.68914e-05 -8.09292e-10 -1 0 8.09292e-10 -1 0 -6.67069e-10 -1 0 6.67069e-10 -1 0 0.0904698 -0.995899 -0.000212781 0.29334 -0.956008 -0.000561293 0.00705512 -0.999975 -1.6895e-05 0.00709204 -0.999975 -2.5721e-06 0.0909392 -0.995856 -3.23642e-05 0.294731 -0.95558 -8.52885e-05 0.973455 -0.228875 -0.00104503 0.998787 0.0481139 0.010431 0.792174 -0.610294 -0.00113001 0.792174 -0.610294 -0.00113001 0.800789 -0.598947 -0.000425514 0.976957 -0.213433 -0.000698812 0.800789 -0.598947 -0.000425514 0.999144 0.0405233 0.00836506 -0.957338 0.273837 0.0922854 -0.223304 0.910273 0.348623 -0.257463 0.907652 0.331481 -0.966953 0.243523 0.0754846 0.987405 0.150635 0.0483805 0.989478 0.138057 0.043282 -0.00220151 0.994927 0.100574 -0.00190738 0.987863 0.155312 -0.0403245 0.986728 0.157292 -0.0468648 0.993602 0.102759 -0.998109 0.0591874 0.0165902 -0.997215 0.0711726 0.0222846 0.550806 0.785592 0.281885 0.259591 0.895193 0.362274 0.259591 0.895193 0.362274 0.550806 0.785592 0.281885 0.9925 0.117222 0.0346878 0.989416 0.121951 0.078639 0.259591 0.895193 0.362274 0.989416 0.121951 0.078639 -0.295282 -0.95541 -7.05578e-09 -0.851066 -0.525058 -0.000230082 -0.851066 -0.525058 -0.000230082 -0.990274 -0.139128 -0.00036586 -0.295282 -0.95541 6.66663e-15 -0.843755 -0.536728 -0.000270522 -0.843755 -0.536728 -0.000270522 -0.98898 -0.148049 -0.000447878 -0.999807 0.019253 0.00392148 -0.999845 0.0173255 0.00307973 -0.0911257 -0.995839 -1.10324e-08 -0.00710672 -0.999975 -8.60396e-09 -0.00710671 -0.999975 -2.59161e-09 -0.0911256 -0.995839 -3.32309e-09 -1.93016e-10 -1 3.39764e-09 -4.46068e-10 -1 0 4.46068e-10 -1 0 1.93016e-10 -1 2.27327e-09 0.295281 -0.95541 -9.01568e-08 0.295282 -0.95541 -2.01723e-08 0.0911256 -0.995839 -1.07193e-08 0.0911257 -0.995839 -4.7192e-08 0.00710669 -0.999975 8.64645e-10 0.0071067 -0.999975 -9.55824e-09 0.999807 0.0192531 0.0039215 0.98898 -0.148049 -0.000447878 0.990274 -0.139127 -0.00036586 0.999845 0.0173256 0.00307987 0.843755 -0.536728 -0.000270521 0.851066 -0.525059 -0.000230123 0.843755 -0.536728 -0.000270521 0.851066 -0.525059 -0.000230123 -0.989416 0.121951 0.0786396 -0.259589 0.895193 0.362275 -0.989416 0.121951 0.0786396 -0.9925 0.117222 0.0346877 -0.550805 0.785593 0.281884 -0.259589 0.895193 0.362275 0.998109 0.0591874 0.0165904 0.997358 0.071849 0.0107108 -0.550805 0.785593 0.281884 0.997215 0.0711729 0.0222848 -0.00463324 0.924465 0.381239 -0.0017025 0.290553 0.956857 0.00170253 0.290553 0.956857 0.00463324 0.924465 0.381239 -0.00480083 0.998371 0.0568512 0.00480083 0.998371 0.0568512 0.516001 0.811642 0.273826 0.88565 0.456583 0.084594 0.951624 0.290696 0.0995384 0.846919 0.480714 0.227247 0.921429 0.340619 0.186943 0.944541 0.321368 0.0675571 0.956585 0.276656 0.0916908 0.958485 0.281327 0.0464948 0.966591 0.245007 0.0753208 -0.945212 0.318758 0.070483 -0.957338 0.273837 0.0922854 -0.966953 0.243523 0.0754846 -0.958987 0.279402 0.0477342 -0.951689 0.29139 0.0968451 -0.854536 0.470292 0.22044 -0.523046 0.80851 0.269694 -0.888569 0.451761 0.0797301 0.987405 0.150635 0.0483805 0.989478 0.138057 0.043282 0.99112 0.131778 0.0177616 0.975396 0.134926 0.174348 -0.975396 0.134925 0.174348 -0.99112 0.131778 0.0177616 0.998109 0.0591874 0.0165904 0.997215 0.0711729 0.0222848 -0.000875036 0.133718 0.991019 -0.0017025 0.290553 0.956857 -0.0871174 0.286529 0.954102 -0.0969346 0.14076 0.985287 0.000875074 0.133718 0.991019 0.00170253 0.290553 0.956857 0.0340778 0.956302 0.290388 0.019014 0.992411 0.121486 0.00453656 0.0223621 0.99974 -0.000318065 -0.991061 0.133408 -1.51155e-09 -0.999879 0.0155701 0.0145045 0.996953 0.0766453 0.0119524 0.979454 0.201314 0.00453656 0.0223621 0.99974 -9.12512e-10 -0.999971 0.00757057 1.69817e-09 -1 3.74628e-10 1.39974e-09 -1 -2.27939e-10 4.05013e-10 -1 -2.9813e-10 0 -0.999996 -0.00284087 9.36002e-10 -1 0 0 -0.999086 -0.042733 -1.78284e-09 -0.99364 -0.1126 1.94041e-08 -0.961577 -0.274536 0.000102899 -0.154561 -0.987983 -0.0170839 0.00165256 -0.999853 7.03266e-05 -0.634691 -0.772766 7.03266e-05 -0.634691 -0.772766 0.00766444 0.834924 0.550311 0.0969343 0.14076 0.985287 -0.0184362 0.0403329 -0.999016 -0.0100567 0.991079 -0.132897 0.0871172 0.286529 0.954102 0.0969343 0.14076 0.985287 0.073584 0.923814 0.375702 0.102226 0.993005 0.0590852 0.0871172 0.286529 0.954102 0.00294124 0.988221 0.153004 0.0440122 0.987418 0.151884 0.00280241 0.995036 0.0994783 0.0487832 0.993775 0.10016 -0.0755818 -0.149296 -0.9859 -0.0467005 0.0629542 -0.996923 -0.237305 0.960808 -0.1433 -0.0184362 0.0403329 -0.999016 0.343648 0.221624 -0.912572 0.696283 0.240318 -0.676341 0.697947 -0.141455 -0.70204 0.334202 -0.12087 -0.934719 5.71855e-07 -0.109451 -0.993992 2.97161e-07 0.207342 -0.978268 -0.343648 0.221624 -0.912573 -0.334201 -0.12087 -0.934719 -0.697946 -0.141455 -0.702041 -0.696282 0.240319 -0.676342 0.841644 0.533798 -0.0818204 0.237305 0.960808 -0.1433 0.0755818 -0.149296 -0.9859 0.815142 -0.498689 -0.294707 0.96496 -0.250402 -0.0784342 0.878254 0.477768 0.0201921 0.985542 -0.165135 -0.0379176 0.980245 0.197669 0.00689152 -0.148719 -0.975496 -0.16214 -0.0955543 -0.953708 -0.285149 0.0955536 -0.953708 -0.285149 0.148719 -0.975496 -0.162139 0.188094 -0.97086 -0.148496 -0.188094 -0.97086 -0.148496 0.194145 -0.965512 -0.173475 -0.194145 -0.965512 -0.173475 -0.815142 -0.498689 -0.294707 -0.0755818 -0.149296 -0.9859 -0.237305 0.960808 -0.1433 -0.841645 0.533797 -0.0818208 -0.878254 0.477768 0.0201922 -0.964959 -0.250403 -0.0784342 -0.980245 0.197669 0.00689142 -0.985542 -0.165133 -0.0379173 -0.086367 0.991939 0.09272 -0.0307717 0.991167 0.129 0.0307719 0.991167 0.129001 0.0863669 0.991939 0.0927201 0.0920172 0.990427 0.102897 -0.0920173 0.990427 0.102897 -0.118569 0.988074 0.0982461 0.118569 0.988073 0.098246 -0.042813 0.99908 -0.00254192 0.0428125 0.99908 -0.00254167 -0.967893 0.235994 -0.086542 -0.981933 -0.146598 -0.119652 -0.917799 0.236699 -0.318777 -0.929132 -0.149545 -0.338157 -0.917799 0.236699 -0.318777 -0.929132 -0.149545 -0.338157 0.981933 -0.146598 -0.119652 0.967893 0.235995 -0.0865421 0.917799 0.236698 -0.318776 0.929132 -0.149544 -0.338157 0.917799 0.236698 -0.318776 0.929132 -0.149544 -0.338157 0.0755818 -0.149296 -0.9859 0.0818002 -0.873758 -0.479434 -0.0818006 -0.873758 -0.479433 -0.0818006 -0.873758 -0.479433 0.0818002 -0.873758 -0.479434 -0.0755818 -0.149296 -0.9859 -0.815142 -0.498689 -0.294707 0.460003 -0.869376 -0.180505 -0.964959 -0.250403 -0.0784342 0.609113 -0.785164 -0.111796 -0.985542 -0.165133 -0.0379173 0.660696 -0.743778 -0.101369 0.785362 -0.593856 -0.17476 -0.609113 -0.785164 -0.111796 0.96496 -0.250402 -0.0784342 0.815142 -0.498689 -0.294707 -0.460004 -0.869376 -0.180505 0.0755818 -0.149296 -0.9859 -0.981933 -0.146598 -0.119652 0.840127 -0.54239 -0.000603692 -0.929132 -0.149545 -0.338157 0.824754 -0.526003 0.207608 -0.697946 -0.141455 -0.702041 0.666525 -0.534318 0.519854 -0.334201 -0.12087 -0.934719 0.357309 -0.490568 0.794778 5.71855e-07 -0.109451 -0.993992 1.71501e-07 -0.458965 0.888454 0.334202 -0.12087 -0.934719 -0.357309 -0.490569 0.794778 0.697947 -0.141455 -0.70204 -0.666525 -0.534317 0.519855 0.929132 -0.149544 -0.338157 -0.824755 -0.526001 0.207609 0.981933 -0.146598 -0.119652 -0.840127 -0.542389 -0.000603611 0.985542 -0.165135 -0.0379176 -0.660696 -0.743778 -0.101369 -0.785362 -0.593856 -0.174761 -0.841016 -0.540623 -0.0204711 -0.666525 -0.534317 0.519855 -0.824755 -0.526001 0.207609 -0.842457 -0.50484 0.188157 -0.700907 -0.492522 0.515899 -0.840127 -0.542389 -0.000603611 -0.841016 -0.540623 -0.0204711 0.237305 0.960808 -0.1433 0.841644 0.533798 -0.0818204 0.878254 0.477768 0.0201921 0.980245 0.197669 0.00689152 -0.878254 0.477768 0.0201922 -0.841645 0.533797 -0.0818208 0.967893 0.235995 -0.0865421 0.376925 0.923331 0.0733989 0.225525 0.968313 0.107279 0.917799 0.236698 -0.318776 0.385891 0.922495 -0.00956502 0.696283 0.240318 -0.676341 0.311876 0.932939 -0.179886 0.343648 0.221624 -0.912572 0.169316 0.920602 -0.351885 2.97161e-07 0.207342 -0.978268 1.79119e-08 0.906111 -0.42304 -0.343648 0.221624 -0.912573 -0.169315 0.920604 -0.351882 -0.696282 0.240319 -0.676342 -0.311874 0.932939 -0.179884 -0.917799 0.236699 -0.318777 -0.385892 0.922495 -0.00956385 -0.967893 0.235994 -0.086542 -0.376926 0.923331 0.0733982 -0.980245 0.197669 0.00689142 -0.225525 0.968313 0.107279 0.222661 -0.386056 -0.8952 -0.222663 -0.386055 -0.8952 0.841016 -0.540624 -0.0204712 0.824754 -0.526003 0.207608 0.842457 -0.50484 0.188156 0.841016 -0.540624 -0.0204712 0.840127 -0.54239 -0.000603692 0.666525 -0.534318 0.519854 0.700907 -0.492523 0.515898 0.842457 -0.50484 0.188156 0.934797 -0.274573 0.225308 0.956516 -0.29054 -0.0257401 0.700907 -0.492523 0.515898 0.784323 -0.251845 0.566932 0.909231 -0.322979 -0.262649 0.357309 -0.490568 0.794778 0.381046 -0.437583 0.814448 1.71501e-07 -0.458965 0.888454 3.1633e-07 -0.404155 0.914691 0.381046 -0.437583 0.814448 0.357309 -0.490568 0.794778 -0.357309 -0.490569 0.794778 -0.381046 -0.437582 0.814448 -0.381046 -0.437582 0.814448 -0.357309 -0.490569 0.794778 -0.430051 -0.210694 0.877875 1.23769e-06 -0.191425 0.981507 -0.784323 -0.251841 0.566933 -0.430051 -0.210694 0.877875 0.784323 -0.251845 0.566932 0.430054 -0.210699 0.877872 0.430054 -0.210699 0.877872 -0.909231 -0.322978 -0.262649 -0.956516 -0.290541 -0.0257403 -0.784323 -0.251841 0.566933 -0.700907 -0.492522 0.515899 -0.842457 -0.50484 0.188157 -0.934797 -0.274573 0.225309 -0.351151 0.935953 0.0261684 -0.496111 0.862673 0.0983325 -0.533088 0.814405 0.229262 -0.463403 0.774031 0.431432 -0.280768 0.696293 0.660564 2.91387e-07 0.653732 0.756726 0.280766 0.696296 0.660562 0.463402 0.774033 0.43143 0.533086 0.814406 0.229262 0.496111 0.862673 0.0983323 0.351151 0.935953 0.0261687 -0.956516 -0.290541 -0.0257403 -0.909231 -0.322978 -0.262649 -0.351151 0.935953 0.0261684 -0.496111 0.862673 0.0983325 -0.222663 -0.386055 -0.8952 -0.042813 0.99908 -0.00254192 -0.934797 -0.274573 0.225309 -0.533088 0.814405 0.229262 -0.463403 0.774031 0.431432 0.956516 -0.29054 -0.0257401 0.934797 -0.274573 0.225308 0.533086 0.814406 0.229262 0.496111 0.862673 0.0983323 0.463402 0.774033 0.43143 0.222661 -0.386056 -0.8952 0.909231 -0.322979 -0.262649 0.351151 0.935953 0.0261687 0.0428125 0.99908 -0.00254167 -0.280768 0.696293 0.660564 -0.280768 0.696293 0.660564 2.91387e-07 0.653732 0.756726 0.280766 0.696296 0.660562 0.280766 0.696296 0.660562 -0.042813 0.99908 -0.00254192 -0.222663 -0.386055 -0.8952 0.222661 -0.386056 -0.8952 0.0428125 0.99908 -0.00254167 0.0871172 0.286529 0.954102 0.0969343 0.14076 0.985287 0.890945 0.214332 0.400349 0.073584 0.923814 0.375702 0.102226 0.993005 0.0590852 0.944541 0.321368 0.0675571 0.951624 0.290696 0.0995384 0.958485 0.281327 0.0464948 0.88565 0.456583 0.084594 -0.000102811 -0.154561 -0.987983 0.0170839 0.00165261 -0.999853 -7.02408e-05 -0.634693 -0.772765 -7.13005e-14 -0.961577 -0.274535 -7.02408e-05 -0.634693 -0.772765 6.3475e-14 -0.99364 -0.1126 -2.90246e-10 -0.999086 -0.042733 -7.71771e-11 -0.999996 -0.00284087 -4.05013e-10 -1 2.06118e-09 -9.36001e-10 -1 -2.04451e-17 -1.69817e-09 -1 3.74628e-10 -1.39974e-09 -1 -2.27939e-10 9.12512e-10 -0.999971 0.00757058 1.0615e-09 -0.999879 0.0155701 0.000317027 -0.991064 0.133386 -0.00449584 0.0219101 0.99975 -0.00449584 0.0219101 0.99975 -0.0118583 0.979496 0.201114 -0.0136706 0.99707 0.0752597 -0.888569 0.451761 0.0797301 -0.951689 0.29139 0.0968451 -0.945212 0.318758 0.070483 -0.958987 0.279402 0.0477342 -0.073584 0.923815 0.375702 -0.102226 0.993005 0.0590852 -0.0871174 0.286529 0.954102 -0.073584 0.923815 0.375702 -0.0871174 0.286529 0.954102 -0.102226 0.993005 0.0590852 -0.890945 0.214331 0.400348 -0.0969346 0.14076 0.985287 -0.00766435 0.834925 0.550311 -0.0969346 0.14076 0.985287 0.0100567 0.991079 -0.132897 0.0184362 0.0403327 -0.999016 0.0467004 0.0629542 -0.996923 0.0184362 0.0403327 -0.999016 0.0467004 0.0629542 -0.996923 -0.00420904 0.998297 0.058186 0.00422068 0.998299 0.0581522 -0.00350865 0.998081 0.0618156 0.003573 0.998089 0.0616898 -0.00282488 0.997606 0.0690896 0.00302118 0.997627 0.0687774 -0.974067 0.223963 0.0321615 -0.059809 0.995652 0.0714162 -0.983118 0.181253 0.0250103 -0.0743636 0.995166 0.0641432 -0.988303 0.151125 0.0204544 -0.0893384 0.994164 0.0604756 -0.988303 0.151125 0.0204544 -0.0893384 0.994164 0.0604756 -0.99068 0.130648 0.0385253 -0.983118 0.181253 0.0250103 -0.986997 0.154164 0.0455095 -0.980512 0.188342 0.0558886 -0.974067 0.223963 0.0321615 0.99678 0.0765771 0.0237816 -0.485146 0.823004 0.295463 -0.40859 0.858931 0.308695 0.995735 0.0881422 0.0272543 -0.485146 0.823004 0.295463 -0.40859 0.858931 0.308695 -0.329941 0.888165 0.319847 -0.986997 0.154164 0.0455095 -0.980512 0.188342 0.0558886 0.993885 0.105519 0.032524 0.999482 0.0315179 0.00643352 0.993885 0.105519 0.032524 0.999654 0.025759 0.00525234 0.995735 0.0881422 0.0272543 0.999753 0.0217575 0.00443363 0.99678 0.0765771 0.0237816 0.98143 -0.191819 -0.000580973 0.984774 -0.173841 -0.000526056 0.813461 -0.581619 -0.000293762 0.295281 -0.95541 -3.27578e-08 0.813461 -0.581619 -0.000293762 0.295282 -0.95541 1.38953e-08 0.82494 -0.565221 -0.000285061 0.82494 -0.565221 -0.000285061 0.835539 -0.549431 -0.000276762 0.987308 -0.158815 -0.000480322 0.295282 -0.95541 6.31001e-08 0.835539 -0.549431 -0.000276762 0.0911255 -0.995839 -2.5406e-09 0.0911255 -0.995839 8.14746e-09 0.0071067 -0.999975 -1.98136e-09 0.0071067 -0.999975 -1.37776e-16 0.0911255 -0.995839 1.1975e-08 0.0071067 -0.999975 2.60875e-09 -9.36002e-10 -1 -9.25906e-17 -9.36002e-10 -1 -1.14576e-16 -4.46068e-10 -1 0 -4.46068e-10 -1 0 -9.36001e-10 -1 1.56309e-17 -4.46068e-10 -1 0 4.46068e-10 -1 0 4.46068e-10 -1 0 4.46068e-10 -1 0 9.36001e-10 -1 -1.08022e-16 9.36001e-10 -1 -4.29659e-17 9.36002e-10 -1 -9.37852e-17 -0.0071067 -0.999975 1.48452e-16 -0.0071067 -0.999975 1.81544e-09 -0.0071067 -0.999975 -1.20294e-15 -0.295282 -0.95541 3.23406e-08 -0.0911255 -0.995839 6.66234e-15 -0.0911255 -0.995839 2.32786e-09 -0.295284 -0.95541 2.97668e-08 -0.0911256 -0.995839 3.85617e-16 -0.295284 -0.95541 -3.2758e-08 -0.987308 -0.158815 -0.000480322 -0.999753 0.0217575 0.00443373 -0.984773 -0.173843 -0.00052599 -0.999654 0.0257591 0.00525234 -0.99678 0.0765769 0.0237813 -0.995735 0.0881415 0.0272533 -0.835539 -0.549431 -0.000276791 -0.835539 -0.549431 -0.000276791 -0.824938 -0.565223 -0.00028491 -0.824938 -0.565223 -0.00028491 -0.813458 -0.581624 -0.000293814 -0.981429 -0.191823 -0.000581064 -0.813458 -0.581624 -0.000293814 -0.999482 0.0315181 0.00643362 -0.993886 0.105517 0.0325213 0.252161 0.90912 0.331536 0.328367 0.888727 0.319906 0.408137 0.859139 0.308715 0.328367 0.888727 0.319906 0.980462 0.188622 0.0558247 0.98699 0.154218 0.0454778 0.408137 0.859139 0.308715 0.485081 0.823041 0.295464 0.408137 0.859139 0.308715 0.98699 0.154218 0.0454778 0.99068 0.130652 0.038516 0.485081 0.823041 0.295464 0.973994 0.224326 0.0318506 0.980462 0.188622 0.0558247 0.983102 0.181358 0.0249052 0.988299 0.151152 0.0204308 0.0745737 0.99517 0.063843 0.0893742 0.994165 0.0603951 0.988299 0.151152 0.0204308 0.983102 0.181358 0.0249052 0.0893742 0.994165 0.0603951 0.0604516 0.995666 0.0706723 0.973994 0.224326 0.0318506 0.237305 0.960808 -0.1433 </float_array>
          <technique_common>
            <accessor count="762" offset="0" source="#meshId0-normals-array" stride="3">
              <param name="X" type="float" />
              <param name="Y" type="float" />
              <param name="Z" type="float" />
            </accessor>
          </technique_common>
        </source>
        <source id="meshId0-tangents" name="meshId0-tangents">
          <float_array id="meshId0-tangents-array" count="2286"> -0.0377496 0.143291 0.98896 -0.00195307 0.0089491 0.999958 -0.0016032 0.0167523 0.999858 -0.026703 0.230748 0.972647 0.687676 0.647095 0.329195 0.104535 0.454766 0.884455 -0.000148772 0.0158205 0.999875 -0.00189559 0.16917 0.985585 0.0383123 0.988146 -0.14866 0.993523 0.049337 0.102364 0.858967 0.0375408 0.510653 0.999835 -0.0120009 0.013642 0.991832 -0.126662 -0.0150092 0.495832 0.866783 -0.0532746 -0.131601 0.989339 0.0623602 0.401379 0.907511 0.123771 0.799169 0.364239 -0.478183 0.976824 0.117834 -0.178692 0.352318 0.935244 0.0345139 0.852927 -0.516361 -0.0767306 -0.0196869 0.99944 0.027042 -0.00343373 0.999602 0.0280047 0.0730687 0.996673 -0.0360951 0.317223 0.948218 -0.0159039 -0.341139 0.937744 -0.0652663 -0.245671 0.968754 0.0340866 -0.00147772 -0.999788 -0.0205273 -0.013425 -0.999774 -0.0165136 -0.00436118 -0.998829 -0.04819 -0.00100122 -0.998734 -0.050286 -0.000977343 -0.987036 0.160498 -0.0147661 -0.984242 0.176209 0.0639118 -0.783275 0.618381 0.00552285 -0.766744 0.641929 -0.101761 -0.757385 0.64499 -0.00741205 -0.7666 0.642082 0.000284943 -0.275763 0.961226 0.00347435 -0.283184 0.959059 -0.592332 0.796493 -0.121419 -0.705241 0.635682 -0.313916 -0.22368 -0.580446 0.782975 0.00521793 -0.263423 0.964666 0.000609748 0.00506841 0.999987 0.000253807 0.00590413 0.999983 1.75578e-05 0.00741482 0.999973 0.0377107 0.143236 0.98897 0.00202498 0.00896737 0.999958 -0.000610582 0.00506825 0.999987 -0.0111751 0.0139162 0.999841 0.611291 0.791291 0.013508 0.617079 0.786889 0.00439324 0.205558 0.978644 -0.00169714 0.132579 0.989508 0.0574094 -0.467726 0.872486 -0.141424 -0.0562636 0.998412 -0.00268097 0.0111743 0.0139172 0.999841 -0.611281 0.791298 0.0135587 -0.205553 0.978644 -0.00168884 -0.617076 0.786891 0.00439199 0.0562617 0.998412 -0.00275873 0.0119301 -0.999784 -0.0169894 0.00145017 -0.999788 -0.0205283 0.00100561 -0.998734 -0.0502857 0.00460131 -0.99883 -0.048143 0.015822 -0.984173 0.176504 0.00102124 -0.987035 0.160499 0.0271785 -0.999617 0.00523943 0.0056092 -0.999471 -0.0320382 0.0244321 -0.96917 0.245177 -0.0631292 -0.783205 0.618551 -0.155201 -0.796379 0.584545 0.101466 -0.757451 0.644959 0.223448 -0.580637 0.7829 -0.00476826 -0.26329 0.964705 -0.00339229 -0.283176 0.959062 -0.00556736 -0.766744 0.641928 0.00741065 -0.7666 0.642082 -0.000283331 -0.275763 0.961226 -1.88819e-05 0.0074148 0.999973 -0.000253946 0.00590411 0.999983 0.00161809 0.0167531 0.999858 0.000149027 0.0158204 0.999875 0.991868 0.126517 0.0138115 0.998403 0.0529168 -0.019767 0.85263 -0.189357 -0.486996 0.995952 -0.0882515 -0.0170652 -0.686409 0.649224 0.327645 -0.0384722 0.988055 -0.149225 0.00193646 0.169074 0.985602 0.0259421 0.230512 0.972724 -0.104529 0.454749 0.884464 -0.783986 0.366601 -0.500968 -0.400077 0.908289 0.122267 0.995807 0.0374492 -0.0834638 0.496436 0.864338 0.0804374 0.848506 0.5238 0.0753082 0.529366 -0.845449 -0.0706169 0.373992 -0.907965 -0.189022 5.47208e-07 -0.772912 0.634514 1.36236e-06 -0.274536 0.961577 4.63026e-08 -0.274536 0.961577 -5.45288e-07 -0.772912 0.634513 8.95631e-08 -0.987993 0.154495 -4.02674e-07 -0.772912 0.634514 4.01263e-07 -0.772912 0.634513 -8.94459e-08 -0.987993 0.154495 0.000166326 -0.999024 0.0441754 -0.000166456 -0.999024 0.0441754 -4.44337e-07 0.00757058 0.999971 -8.08241e-07 0.0155701 0.999879 -3.14792e-08 0.0155701 0.999879 -5.31066e-08 0.00757058 0.999971 1 0.000590863 1.00609e-05 1 0.000766336 -2.86862e-06 1 -0.000975348 -6.31489e-06 1 -0.00059521 -1.04452e-05 1 0.000499858 0.000300209 1 -0.000501594 -0.000300504 2.41907e-07 0.130934 0.991391 0.00100508 0.999999 0.00113688 -0.00100732 0.999999 0.00088788 -1.06053e-06 0.130942 0.99139 0.999999 0.00159447 -0.000124742 1 0.000952702 -5.61762e-05 0.999609 0.0196977 -0.0198692 0.994935 0.055174 -0.0840259 0.999999 -0.0014459 1.1831e-05 0.999995 -0.00302206 7.2934e-05 0.0718822 0.997409 0.00273432 0.719931 0.14745 -0.678202 0.797306 0.603116 0.0235521 0.0594931 0.998052 -0.0187846 0.968651 -0.221099 0.113271 0.412948 -0.74916 -0.517912 0.997395 -0.0699151 -0.0177294 0.798824 0.600062 -0.0425008 0.749495 0.63958 -0.170863 0.985629 0.168409 0.0132064 0.938829 0.343863 -0.0189235 0.886992 0.435605 -0.153275 0.058367 0.997567 -0.0381117 0.650398 0.74744 0.135339 0.0120319 -0.124292 0.992173 -0.0871764 -0.259706 0.961745 0.00466492 -0.0527915 0.998595 -0.0323995 -0.106919 0.99374 -0.489847 0.870697 -0.0440052 -0.506022 0.86227 -0.0208043 -0.130244 0.991476 0.00337015 -0.137293 0.990471 0.0108074 0.00334216 -0.00434309 0.999985 0.00395048 -0.0170523 0.999847 -0.519874 0.854242 -0.00147503 -0.135569 0.990768 0.000207452 0.0166653 0.999861 0.000103528 0.0152148 0.999881 0.00268103 0.0131882 0.999889 0.00690202 0.000826606 -0.113289 0.993562 0.000112118 -0.0434111 0.999057 4.37631e-05 -0.112781 0.99362 9.0915e-06 -0.0426393 0.99909 0.000669522 -0.00286756 0.999996 5.13554e-05 -0.00282489 0.999996 1.71212e-06 -0.042733 0.999087 -1.90457e-07 -0.00284087 0.999996 -1.14655e-08 -0.00284087 0.999996 1.28434e-06 -0.042733 0.999087 3.07952e-06 -0.1126 0.99364 1.25012e-06 -0.1126 0.99364 -0.00334168 -0.00434297 0.999985 -0.000669485 -0.00286756 0.999996 -0.000111913 -0.0434113 0.999057 -0.00466277 -0.0527914 0.998595 -5.18349e-05 -0.0028249 0.999996 -9.09796e-06 -0.0426393 0.999091 -0.000831159 -0.11329 0.993562 -4.46478e-05 -0.112781 0.99362 -0.0120324 -0.124292 0.992173 -0.0166654 0.999861 0.000102409 0.135569 0.990768 0.000207054 0.130245 0.991476 0.0033707 -0.0152164 0.999881 0.00266422 -0.00395272 -0.0170563 0.999847 0.0323998 -0.10692 0.99374 0.519874 0.854242 -0.00147509 0.506025 0.862268 -0.0208044 0.489847 0.870697 -0.0440087 0.137293 0.990472 0.0108106 0.0871772 -0.259707 0.961744 0.545906 0.816214 -0.189159 0.197626 0.98011 -0.0181514 -0.0132101 0.99989 0.00680191 -0.00431572 0.999799 0.0195937 0.94556 -0.324823 0.0201436 0.984936 -0.171692 -0.0205642 0.755316 -0.622644 0.204478 0.886989 -0.435611 0.153274 0.997246 0.074091 0.00335652 0.798814 -0.600745 0.0316443 0.378459 0.837686 0.393766 0.986017 0.14274 0.0860046 -0.79727 0.603134 0.0242768 -0.710887 0.152506 -0.686572 -0.0718681 0.997413 0.00141034 -0.059539 0.998039 -0.0193411 -0.3755 0.926386 -0.0284517 -0.647841 0.748633 0.140894 -0.0586076 0.997507 -0.0393116 -0.0964371 0.993542 -0.0597783 0.999955 0.00927197 -0.00172943 0.971429 0.235223 -0.0315512 0.998842 0.0145225 -0.0458733 1 0.00072979 9.78101e-05 0.999956 -0.00927198 0.00172924 1 -0.000729877 -9.77178e-05 0.999998 0.00205176 0.00060612 0.999998 -0.00205206 -0.000606119 0.373974 0.907285 0.192295 0.983541 -0.0686741 0.167126 0.975937 -0.21437 -0.0399029 0.154083 0.98503 0.0772962 0.509294 -0.856194 -0.0868937 0.282687 -0.957283 -0.0608028 0.248434 -0.967824 -0.0399643 0.957271 -0.284479 0.0519996 0.140362 0.988508 0.0561341 -0.000225516 -0.00040926 1 1.13538e-05 -9.2793e-05 1 0.000184071 -0.000643595 1 2.36252e-05 -0.00188212 0.999998 -0.598947 0.800789 -0.000111289 -0.610291 0.792177 -0.000288798 -0.228872 0.973456 3.68056e-05 -0.213433 0.976958 1.72471e-05 0.0481091 0.998842 -0.000735086 0.150638 0.988581 -0.00408925 0.0405205 0.999179 -0.000524906 0.138694 0.990258 0.0123959 -2.3357e-06 -3.22912e-05 1 -3.62942e-06 -0.000213318 1 -2.12621e-07 -2.57504e-06 1 -8.12251e-08 -1.68912e-05 1 -4.2781e-07 3.46223e-16 1 -3.43048e-08 -2.77626e-17 1 0 0 1 0 0 1 3.0607e-06 -0.000213379 1 -0.000200424 -0.000648619 1 -1.33758e-06 -1.69048e-05 1 4.69319e-07 -2.56884e-06 1 2.53329e-06 -3.22675e-05 1 5.09693e-06 -8.7681e-05 1 0.228875 0.973456 3.41556e-05 -0.0481092 0.998842 -0.000706779 -8.00176e-05 -0.00195544 0.999998 0.610295 0.792175 -0.000263549 0.598947 0.800789 -5.49885e-05 0.213433 0.976958 2.51045e-05 0.000281306 -0.000334332 1 -0.0405202 0.999179 -0.000543019 0.279882 0.958137 0.0603347 0.973788 0.224201 0.0383393 0.965722 0.253442 0.0561154 0.246978 0.968183 0.0403012 0.154079 -0.984989 -0.0778189 0.140361 -0.988534 -0.0556751 0.999997 0.0022148 -2.0517e-05 0.999998 0.00193748 -4.24884e-05 0.997657 0.0484671 -0.048278 0.997892 0.051193 -0.0398923 0.0592826 0.998227 0.00530355 0.0713512 0.997424 0.00732461 0.365515 0.0765817 -0.927649 0.758049 0.0435279 -0.650744 -0.812166 0.405335 -0.419631 -0.774509 0.606959 -0.178151 -0.11741 0.993078 0.00340941 -0.12253 0.992461 0.00256921 0.812567 -0.405192 0.418991 0.124299 -0.991913 -0.0256725 -2.08344e-09 -6.74116e-09 1 -0.000195815 -0.000120807 1 -0.525058 0.851066 -6.44486e-05 -0.139128 0.990274 1.21758e-05 1.96854e-15 6.36937e-15 1 -0.000228254 -0.000145197 1 -0.536728 0.843755 -6.88791e-05 -0.148049 0.98898 1.551e-05 0.0192526 0.999815 -0.000148052 0.0173252 0.99985 -0.000106183 -1.00534e-09 -1.09865e-08 1 -6.11459e-11 -8.60375e-09 1 -1.84178e-11 -2.59154e-09 1 -3.02818e-10 -3.30926e-09 1 -1.64701e-07 3.39764e-09 1 0 0 1 0 0 1 -4.38777e-19 2.27327e-09 1 -3.77e-07 -2.10881e-07 1 2.74067e-08 -1.26433e-08 1 -1.24002e-07 -2.21111e-08 1 -1.51028e-07 -6.12093e-08 1 -6.14477e-12 8.64623e-10 1 -2.89708e-07 -1.16174e-08 1 -0.0192527 0.999815 -0.000146804 0.148049 0.98898 1.52665e-05 0.139128 0.990274 1.21817e-05 -0.0173254 0.99985 -0.000104436 0.536729 0.843755 -6.98042e-05 0.525059 0.851066 -6.42336e-05 0.000228464 -0.000144866 1 0.000195534 -0.00012134 1 0.123574 0.992205 0.0160895 0.941097 0.150327 0.302883 0.122521 0.992463 0.00245196 0.11741 0.993078 0.003407 0.774915 0.6068 -0.17692 0.815337 0.404196 -0.41455 0.0593755 -0.998174 -0.011084 0.0719122 -0.997395 -0.00563844 0.359619 -0.0813948 0.929542 0.0715329 -0.997313 -0.0157979 0.999987 0.00514964 -0.000334383 0.999983 0.00586396 -1.37991e-06 0.999987 -0.0050651 -0.000241238 0.999987 -0.00505763 0.000111257 0.999988 0.00481054 -3.38404e-05 0.999988 -0.00481083 3.90599e-05 -0.772997 0.57895 -0.259407 -0.456314 0.889505 -0.0236246 -0.291066 0.956638 -0.0111049 -0.4767 0.875775 -0.0759973 -0.336575 0.940109 -0.053968 -0.321399 0.946883 -0.0107106 -0.276949 0.960835 -0.00977125 -0.281296 0.959593 -0.00735508 -0.245102 0.969463 -0.00811945 0.318808 0.947757 -0.0108467 0.274049 0.961657 -0.0106225 0.243539 0.969848 -0.00913453 0.279401 0.96015 -0.00682759 0.291672 0.956449 -0.0115485 0.466709 0.88152 -0.071456 0.771578 0.583596 -0.253145 0.451524 0.891988 -0.0220078 -0.150594 0.988585 -0.00450186 -0.138016 0.990422 -0.00395559 -0.131838 0.991269 0.00224251 -0.140231 0.989947 0.0184223 0.140284 0.989934 0.0187264 0.131839 0.991269 0.00231077 -0.0591846 0.998247 -0.000662155 -0.071166 0.997464 -0.00110519 3.36914e-05 0.991019 -0.133718 0.000342873 0.956859 -0.290553 0.0171004 0.958033 -0.286148 0.00435727 0.989999 -0.141005 -3.3294e-05 0.991019 -0.133718 -0.000342454 0.956859 -0.290553 0.99435 -0.0616706 0.086403 0.999606 -0.0213806 0.0182067 -0.0151843 0.999636 -0.0222908 -1.76064e-05 0.133408 0.991061 -2.22513e-06 0.0155701 0.999879 0.999846 -0.0152217 0.00878257 0.999897 -0.0133075 0.00537886 0.999903 -0.0132561 -0.00424079 2.436e-07 0.00757058 0.999971 -2.36047e-07 3.74628e-10 1 -3.961e-07 -2.2794e-10 1 1.20747e-19 -2.9813e-10 1 0 -0.00284088 0.999996 0 0 1 0 -0.042733 0.999087 -3.60856e-06 -0.1126 0.99364 1.69792e-06 -0.274536 0.961577 5.28159e-06 -0.987983 0.154561 -0.000303685 -0.999999 -0.00164761 4.7094e-05 -0.772766 0.634691 -2.4272e-05 -0.772766 0.634691 0.998537 -0.0358498 0.0404837 0.974602 -0.214221 -0.065279 0.998203 0.0577245 -0.0160907 0.999947 0.0102624 0.000862898 -0.0171004 0.958033 -0.286148 -0.00435715 0.989999 -0.141005 0.997279 -0.0698588 -0.0235485 0.994761 -0.102084 -0.00542821 0.996135 -0.035834 -0.0801937 0.999995 -0.00299424 0.000116009 0.9975 -0.0518482 0.0480214 0.999996 -0.00281888 2.49426e-05 0.997804 -0.0529859 0.0397354 -0.00326218 -0.988685 0.149968 -0.00254674 -0.998016 -0.0629039 -0.654982 -0.267191 -0.706829 -0.000495774 -0.999186 -0.0403307 0.0705471 -0.9751 -0.210244 0.160849 -0.970562 -0.179269 -0.111077 -0.989818 0.0890108 -0.0478768 -0.99264 0.111241 -1.44589e-07 -0.993992 0.109451 2.77774e-09 -0.978269 -0.207342 -0.070547 -0.9751 -0.210244 0.0478765 -0.992639 0.111242 0.111077 -0.989818 0.0890112 -0.16085 -0.970562 -0.179269 -0.531506 0.84561 0.0494461 -0.841628 0.277013 0.4636 -0.00977889 0.988569 -0.15045 0.466411 0.866756 -0.176617 0.249535 0.968142 -0.0208308 -0.477646 0.878486 -0.010812 0.165011 0.986271 -0.00638722 -0.197664 0.980269 -0.00138069 0.988022 -0.153407 0.0167165 0.993891 -0.107303 0.0258294 0.993891 0.107303 -0.0258325 0.987949 0.153678 -0.0184134 0.981156 0.192549 -0.0160819 0.981165 -0.19252 0.0158792 0.977261 0.205731 -0.0513397 0.977261 -0.205732 0.0513415 -0.46629 0.866754 -0.176948 0.0123323 0.988512 -0.150637 0.841259 0.277022 0.464265 0.531492 0.845611 0.0495872 0.477646 0.878486 -0.0108116 -0.249535 0.968142 -0.020838 0.197664 0.980269 -0.00138137 -0.16501 0.986271 -0.00639365 0.996234 0.086699 0.00044897 0.999523 0.0308395 0.00147242 0.999523 -0.0308397 -0.0014718 0.996221 -0.0868484 0.00116341 0.995635 -0.0931338 0.00609024 0.995646 0.0930595 -0.00536342 0.992702 0.120149 -0.0102975 0.992703 -0.120148 0.0102957 0.999083 0.0428131 -2.19974e-05 0.999083 -0.0428126 2.36571e-05 0.235083 0.971754 0.0207238 -0.145473 0.989196 -0.0181347 -0.216399 -0.971353 -0.0982114 0.147796 -0.98853 0.0310733 0.224101 0.971582 0.0762064 -0.139941 0.988754 -0.0527536 0.145474 0.989196 -0.0181207 -0.235084 0.971754 0.0207156 0.216397 -0.971353 -0.0982134 -0.147795 -0.98853 0.0310719 -0.224098 0.971582 0.0762132 0.139942 0.988754 -0.0527497 0.00326187 -0.988685 0.149968 -0.00752744 -0.481574 0.876373 0.00752578 -0.481573 0.876374 0.984567 -0.145519 0.0972184 0.984568 0.145517 -0.0972169 0.914985 0.382619 -0.128086 0.50805 -0.371095 -0.777286 0.884012 0.467462 0.00137227 -0.231207 0.952729 -0.197105 0.790496 0.612442 0.00567372 -0.1638 0.985839 -0.0359392 0.746432 0.665264 -0.016218 0.604272 0.796736 0.0081632 0.790455 -0.612499 -0.00504467 -0.231207 -0.952728 0.197109 0.508051 0.371101 0.777283 0.884003 -0.46748 -0.00126732 0.914985 -0.382619 0.128086 -0.133657 0.984919 -0.109865 0.54239 0.840127 1.07822e-06 -0.0234233 0.936529 -0.349807 0.540684 0.841053 -0.0170298 0.396006 0.740557 -0.542912 0.650835 0.757132 -0.0562643 0.828586 0.434959 -0.352499 0.865417 0.493927 -0.0841957 1 1.59428e-07 5.59809e-07 1 1.03711e-07 -1.31996e-07 0.828586 -0.43496 0.3525 0.865417 -0.493927 0.0841949 0.396004 -0.740559 0.542912 0.650835 -0.757132 0.056264 -0.0234235 -0.93653 0.349804 0.540683 -0.841054 0.0170312 -0.133655 -0.984918 0.109877 0.542389 -0.840128 7.0803e-06 -0.163803 -0.985839 0.0359178 0.746433 -0.665264 0.0162125 0.604254 -0.796751 -0.00802957 0.540739 -0.841191 -0.000145861 -0.621841 0.783107 0.00760764 -0.536291 0.843997 0.007873 -0.514116 0.85772 -0.000583927 -0.581272 0.813606 -0.0129836 -0.542389 0.840128 -3.44399e-05 -0.540726 0.841199 -0.000588255 0.971429 -0.235222 0.0315516 0.539393 -0.838314 0.0792817 0.478129 -0.87805 -0.0205028 0.197715 -0.980236 -0.00675326 0.478122 0.878072 0.0196989 0.539382 0.838356 -0.0789014 0.241833 -0.968169 0.0645454 0.926061 -0.377241 -0.0100467 0.973871 -0.227087 0.00242083 0.319506 -0.916934 0.239057 0.922541 -0.385895 0.00148815 0.597865 -0.715592 0.361227 0.949369 -0.313534 0.0198876 0.890773 -0.384638 0.242027 0.984896 -0.171167 0.0260931 0.999945 -0.0102308 -0.00216809 0.999996 -0.00116069 -0.00248605 0.887127 0.395402 -0.23804 0.984856 0.171552 -0.0250633 0.597866 0.715591 -0.361228 0.94937 0.313531 -0.0198945 0.319423 0.917048 -0.238731 0.922542 0.385894 -0.00164152 0.241611 0.968433 -0.0613417 0.9261 0.377075 0.0123482 0.197714 0.980238 0.00651975 0.973885 0.227035 -0.00191518 0.901478 0.431126 0.0382993 0.901477 -0.431128 -0.0383 0.54074 0.841189 0.000210276 0.536293 0.843995 0.00786692 0.514117 0.85772 -0.000585339 0.540727 0.841198 -0.000581967 0.54239 0.840127 -3.01495e-05 0.614259 0.788765 0.0231458 0.582552 0.812643 -0.0156426 0.51498 0.857182 -0.00589692 0.295155 0.953387 -0.062738 0.290808 0.956754 0.00724181 0.559922 0.82801 0.0297733 0.371133 0.922792 -0.103518 0.352627 0.932867 0.0735703 0.701856 0.702468 0.118057 0.660477 0.745263 0.0914023 -5.87112e-07 0.888454 0.458965 7.9357e-07 0.914691 0.404155 0.0242222 0.885329 0.464333 0.0414492 0.858443 0.511231 -0.0369983 0.857719 0.512785 -0.0292608 0.886174 0.462428 -0.638969 0.761314 0.110088 -0.708784 0.696588 0.111313 -0.0345647 0.975516 0.217196 1.23219e-06 0.981507 0.191425 -0.230097 0.966801 0.111141 -0.241434 0.96381 0.113046 0.229559 0.96684 0.111909 0.241429 0.963811 0.113054 0.0367914 0.975667 0.216148 0.352844 -0.93271 -0.074517 0.290811 -0.956752 -0.00736888 0.37113 -0.922792 0.103521 0.559922 -0.82801 -0.0297728 0.514921 -0.85722 0.00553209 0.29528 -0.953308 0.063356 0.936308 0.351146 0.00495391 0.867922 0.495884 0.0284691 0.843903 0.531171 0.0753997 0.880033 0.459076 0.121621 0.954901 0.271933 0.119231 0.99999 0.0033896 -0.00292864 0.954658 -0.273583 -0.117387 0.880036 -0.459064 -0.121641 0.843958 -0.530957 -0.0762786 0.86794 -0.495809 -0.029224 0.93631 -0.351133 -0.0054549 -0.290222 0.956835 -0.015439 -0.286568 0.94324 -0.167863 0.935261 0.351946 -0.0376913 0.857417 0.504605 -0.101046 0.155144 0.892518 -0.423488 0.999042 0.0428339 0.00895166 -0.251757 0.959685 0.124992 0.791657 0.575748 -0.204433 0.6986 0.618632 -0.359516 0.290221 0.956835 -0.0154652 0.251585 0.959644 0.125655 -0.791382 0.575813 -0.205313 -0.85741 0.504607 -0.101089 -0.69791 0.6188 -0.360566 -0.14862 0.894077 -0.422538 0.286808 0.9433 -0.16711 -0.935267 0.351945 -0.0375642 -0.999042 0.0428327 0.00894243 0.502933 0.692925 -0.516636 0.217765 0.716515 -0.662711 -5.04213e-07 0.756726 -0.653732 -0.217761 0.716511 -0.662715 -0.502911 0.692927 -0.516655 -0.328009 -0.0164587 -0.944531 0.125329 -0.921968 0.366426 -0.125239 -0.92197 0.36645 0.328593 -0.0164817 -0.944328 -0.135871 0.952211 -0.273555 -0.795943 0.605316 -0.00817053 -0.306348 0.934461 0.181478 -0.805708 0.27708 -0.523509 -0.989701 0.10751 -0.0945136 0.324756 -0.944633 -0.0469283 0.298306 -0.951714 -0.0724851 0.28279 -0.958758 -0.028501 0.462905 -0.882493 -0.0832171 -1.62979e-06 -0.987983 0.154561 0.000314458 -0.999999 -0.00164748 2.54395e-05 -0.772765 0.634693 2.204e-06 -0.274535 0.961577 -3.29865e-05 -0.772765 0.634693 4.62221e-07 -0.1126 0.99364 -2.51353e-07 -0.042733 0.999087 1.20054e-06 -0.00284088 0.999996 -2.13583e-07 2.06118e-09 1 -1.91366e-26 -2.04451e-17 1 6.36181e-19 3.74628e-10 1 1.94356e-07 -2.27939e-10 1 -6.16795e-07 0.00757058 0.999971 -1.37893e-06 0.0155701 0.999879 2.30362e-05 0.133386 0.991064 0.0152605 0.999645 -0.0218394 0.999905 0.0131524 0.00420829 0.999855 0.0140781 -0.00961062 0.999823 0.0146016 -0.0118334 0.457691 0.8848 0.0874512 0.299158 0.950969 0.0784966 0.322572 0.945146 0.0514472 0.280941 0.959281 0.0291812 0.803301 0.278157 -0.526628 0.989564 0.107577 -0.0958679 0.135871 0.952211 -0.273555 0.997281 0.0696777 0.0239943 0.996153 0.0342154 0.0806816 0.994761 0.102085 0.00541732 0.306345 0.934463 0.18147 0.795934 0.605328 -0.00817271 0.999566 0.0220608 -0.0195491 0.991016 0.105298 0.0824551 0.999942 -0.0104693 -0.00240582 0.996546 -0.081654 0.0150941 0.998842 -0.0145225 0.0458732 0.000487169 -0.999186 -0.0403306 0.00254671 -0.998016 -0.0629039 0.999991 0.00421806 -3.20759e-05 0.999991 -0.00423067 4.87177e-05 0.999994 0.00351693 -2.51571e-05 0.999994 -0.00358249 4.33496e-05 0.999996 0.00283152 1.78054e-06 0.999995 -0.00303082 3.57895e-05 0.224578 0.974309 0.0169316 0.997447 0.0624058 -0.0347001 0.181569 0.983317 0.0109628 0.996309 0.0769065 -0.0381273 0.151306 0.988458 0.0076151 0.995477 0.0910966 -0.0269593 0.151187 0.988504 0.00153605 0.991457 0.0945604 -0.0898357 0.130916 0.991383 0.00450978 0.181248 0.983434 -0.00249221 0.154441 0.987998 0.00261915 0.188374 0.982086 -0.00474221 0.223956 0.974592 -0.00387048 0.0770331 -0.99685 -0.0188858 0.633439 0.097834 0.767583 0.883867 0.287991 0.368566 0.0888368 -0.995722 -0.0254215 0.812123 0.54934 -0.196677 0.851182 0.480671 -0.21082 0.943995 0.311663 0.108346 0.155041 0.987772 0.0163876 0.189946 0.981479 0.0248886 0.106673 -0.993639 -0.036086 -0.0315163 0.999503 -0.000351681 -0.105504 0.994416 -0.00215552 -0.0257581 0.999668 -0.000247804 -0.0881328 0.996108 -0.00154879 -0.0217569 0.999763 -0.000183576 -0.0765702 0.997063 -0.00120451 0.191819 0.98143 1.78232e-05 0.173841 0.984774 1.65147e-05 0.581619 0.813461 -7.71749e-05 -3.0591e-08 -4.37412e-08 1 0.000238826 -0.00017105 1 1.24028e-07 5.28763e-08 1 0.00023529 -0.000160931 1 0.565221 0.82494 -7.59543e-05 0.549431 0.835539 -7.42533e-05 0.158815 0.987308 1.54367e-05 9.62705e-08 9.57987e-08 1 0.000231249 -0.000152057 1 2.31513e-10 -2.53003e-09 1 1.03355e-07 1.76392e-08 1 -3.91795e-08 -2.25986e-09 1 -4.08294e-09 -2.90171e-11 1 7.98598e-08 1.93327e-08 1 2.3317e-08 2.77452e-09 1 -8.66649e-26 -9.25906e-17 1 -3.33343e-09 -1.11456e-16 1 0 0 1 0 0 1 1.46305e-26 1.56309e-17 1 0 0 1 0 0 1 0 0 1 3.39336e-08 1.51367e-17 1 1.01109e-25 -1.08022e-16 1 3.20209e-07 2.5675e-16 1 1.8955e-07 8.36343e-17 1 1.055e-18 1.48448e-16 1 1.64597e-07 6.45719e-10 1 -8.54892e-18 -1.20291e-15 1 -4.00025e-09 3.50863e-08 1 6.07109e-16 6.63462e-15 1 2.12127e-10 2.31817e-09 1 8.78965e-09 2.84395e-08 1 3.51396e-17 3.84013e-16 1 6.51728e-09 -3.63011e-08 1 -0.158815 0.987308 1.54749e-05 0.0217569 0.999763 -0.000179345 -0.173843 0.984773 1.56681e-05 0.0257582 0.999668 -0.000241079 0.0768049 0.997007 0.00882405 0.0884914 0.996006 0.011905 -0.549431 0.835539 -7.42026e-05 -0.000231371 -0.000151924 1 -0.000235035 -0.000161034 1 -0.565223 0.824938 -7.99502e-05 -0.581624 0.813458 -7.69769e-05 -0.191823 0.981429 1.73011e-05 -0.000238882 -0.000171062 1 0.0315165 0.999503 -0.000340374 0.106105 0.994211 0.0169152 0.941586 -0.151476 -0.300785 0.894 -0.183113 -0.408942 0.804966 -0.179156 -0.565626 0.891685 -0.403386 0.205373 0.190226 -0.981424 -0.0249248 0.155094 -0.987764 -0.0163851 0.854347 -0.478627 0.202503 -0.812158 0.54928 -0.196699 -0.851381 0.480257 -0.21096 -0.15449 0.987991 0.00249761 -0.130918 0.991383 0.00444419 0.633546 -0.0978757 -0.767489 -0.224318 0.974508 -0.0038687 -0.188649 0.982033 -0.00483334 -0.181356 0.983415 -0.00235707 -0.151213 0.9885 0.00147271 0.996319 -0.0770676 0.0375301 0.995476 -0.0911261 0.0268971 0.151333 -0.988454 -0.0076057 0.181666 -0.983302 -0.0107002 -0.991612 0.0945019 -0.0881798 0.997423 -0.0629958 0.0343412 0.224926 -0.974233 -0.0166818 0.65498 -0.267191 -0.706831 </float_array>
          <technique_common>
            <accessor count="762" offset="0" source="#meshId0-tangents-array" stride="3">
              <param name="X" type="float" />
              <param name="Y" type="float" />
              <param name="Z" type="float" />
            </accessor>
          </technique_common>
        </source>
        <source id="meshId0-bitangents" name="meshId0-bitangents">
          <float_array id="meshId0-bitangents-array" count="2286"> -0.612541 0.778617 -0.136195 -0.969502 0.245048 -0.00408664 -0.998846 0.0479669 -0.00240524 -0.971559 0.223024 -0.0795826 -0.515276 0.754435 -0.406593 -0.210062 0.879359 -0.427318 -0.999985 0.00541919 -0.000234534 -0.99982 0.0182671 -0.0050584 -0.999197 0.0361415 -0.0172773 0.0635801 0.505265 -0.860619 0.0241669 0.993225 -0.113668 0.0139011 0.988734 -0.149038 0.0319414 0.360581 -0.932181 -0.286189 0.105175 -0.952383 -0.194255 0.0359503 -0.980292 -0.759805 0.405375 -0.508299 -0.593683 0.353634 -0.722831 -0.213178 0.460441 -0.861713 -0.162949 0.0976166 -0.981794 0.0791154 0.273147 -0.958714 0.952743 0.026954 -0.302578 0.677484 0.0229239 -0.73518 0.700589 -0.077053 -0.709393 0.928508 -0.313955 -0.198258 0.899279 0.305352 -0.313142 0.660072 0.192936 -0.726003 -0.999221 0.000666919 0.0394494 -0.952852 0.00778465 0.303335 -0.981192 -0.00502589 0.192969 -0.999257 -0.000938548 0.0385362 -0.99981 0.00408593 0.0190395 -0.961697 0.0622218 0.26696 -0.97389 0.0863074 0.209976 -0.999854 0.00615281 0.0159514 -0.970665 0.217569 0.102339 -0.999841 0.0160711 0.00764586 -0.999953 0.00917275 0.00292797 -0.994688 0.0976892 0.0324484 0.525119 0.267353 -0.807943 0.67467 0.465701 -0.572663 -0.759325 0.607421 0.233378 -0.955873 0.28205 0.0821901 -0.969081 0.246741 -0.000659699 -0.99762 0.0689551 -0.00015392 -0.999984 0.00558381 -2.38461e-05 -0.612551 -0.778621 0.136128 -0.969502 -0.245049 0.00416084 -0.969081 -0.246742 0.000658858 -0.617196 -0.786799 0.00405265 -0.0544457 0.0250204 0.998203 -0.0163882 0.00726949 0.999839 -0.0298128 0.00799534 0.999523 -0.193577 -0.0309559 0.980596 -0.331159 -0.0246344 0.943253 -0.0367489 0.000612506 0.999324 -0.617192 0.786802 -0.00405403 -0.0544785 -0.0249809 -0.998202 -0.0298146 -0.00798709 -0.999523 -0.0163874 -0.00727038 -0.999839 -0.0367532 -0.000690157 -0.999324 -0.952872 -0.00621623 -0.303308 -0.999221 -0.000639341 -0.0394495 -0.999257 0.000934194 -0.0385372 -0.981191 0.0047815 -0.192981 -0.96168 -0.0633028 -0.266766 -0.99981 -0.00412914 -0.0190316 -0.676946 -0.0222615 -0.735696 -0.704365 0.0187929 -0.709589 -0.703886 -0.190831 -0.684199 -0.973941 -0.0869346 -0.209476 -0.77622 -0.267701 -0.570805 -0.970697 -0.217336 -0.102532 -0.759392 -0.607243 -0.233623 -0.955876 -0.282172 -0.0817358 -0.994688 -0.0977126 -0.0323692 -0.999853 -0.00611876 -0.0159801 -0.999841 -0.0160702 -0.00764687 -0.999954 -0.00917352 -0.0029265 -0.999984 -0.00558379 2.25217e-05 -0.99762 -0.0689551 0.00015378 -0.998846 -0.0479668 0.00242016 -0.999985 -0.00541916 0.000234788 -0.0327982 0.358959 -0.932777 -0.0552768 0.987304 -0.148913 0.107568 0.975671 -0.191038 0.0292581 0.497802 -0.866797 -0.5171 -0.752528 0.407811 -0.999192 -0.0362993 0.0172589 -0.99982 -0.0182554 0.00509599 -0.971581 -0.223206 0.0788061 -0.210055 -0.879368 0.427304 -0.614932 -0.348136 0.707573 -0.760584 -0.403485 0.508637 -0.0912378 0.472961 -0.876347 -0.152706 0.178171 -0.972078 -0.0803783 0.268227 -0.959997 0.219556 0.21692 -0.951179 0.105353 0.244085 -0.964014 -1 -1.16184e-06 -5.52848e-07 -1 -3.64003e-07 1.31287e-06 -1 -2.661e-08 4.05554e-08 -1 1.15776e-06 5.50914e-07 -1 -3.55135e-07 -1.69136e-06 -1 -4.27662e-07 -1.15556e-06 -1 4.26164e-07 1.15151e-06 -1 3.54674e-07 1.68917e-06 -0.999839 -0.000958936 -0.0179218 -0.999839 0.000959067 0.0179218 -1 -3.55279e-09 -4.44323e-07 -1 -1.28373e-08 -8.08139e-07 -1 -2.27741e-11 -3.14827e-08 -1 -2.1315e-10 -5.31065e-08 -0.000100037 0.186037 -0.982543 -5.93384e-05 0.0736982 -0.997281 6.61371e-05 0.0742653 -0.997239 0.000100501 0.186091 -0.982532 -0.000500198 0.999999 0.00113605 0.00050186 0.999999 0.000886958 -1 -1.96439e-05 2.8384e-06 -0.999999 0.00100542 -0.000298498 -0.999999 -0.00100759 0.000299165 -1 1.96903e-05 -3.67041e-06 -0.000564975 0.279211 -0.96023 -0.000165286 0.114917 -0.993375 -0.0220362 0.116714 -0.992921 -0.096179 0.279481 -0.955322 0.000180579 0.116764 -0.99316 0.000923089 0.282297 -0.959327 -0.0104873 0.00349707 -0.999939 -0.674214 0.380504 -0.632971 0.0493409 -0.026238 -0.998437 0.0810549 -0.0235857 -0.996431 0.185958 0.342987 -0.92075 0.18892 0.626754 -0.755969 0.00252876 0.279549 -0.960128 -0.00347265 -0.0660494 -0.99781 0.167175 -0.432587 -0.885957 0.0816686 -0.406617 -0.909941 0.34222 -0.937672 -0.0604617 0.419526 -0.89885 -0.126752 0.195973 -0.0488835 -0.97939 0.408256 -0.193723 -0.892075 -0.956277 0.288539 0.0477424 -0.523027 0.833588 0.177689 -0.955236 0.295163 0.0200664 -0.511534 0.855947 0.0754158 0.202996 0.0648245 -0.977031 0.0815972 0.0238452 -0.99638 0.0896134 0.015157 -0.995861 0.234383 0.0430858 -0.971189 -0.955351 0.295438 0.00447612 -0.519888 0.854073 0.0166202 0.0054577 0.00159476 -0.999984 0.00624602 0.00106403 -0.99998 0.00311922 5.15519e-05 -0.999995 0.0837065 0.00139821 -0.996489 0.212231 0.00394622 -0.977212 -0.996319 0.0850803 0.01053 -0.996051 0.0886914 0.00396561 -0.999973 0.00733926 0.000877087 -0.999975 0.00699817 0.000307768 -0.995855 0.0909499 0.000927554 -0.999975 0.00709484 7.13965e-05 -1 -7.26029e-08 1.71058e-06 -1 5.41064e-10 -1.90456e-07 -1 -4.20801e-12 -1.14656e-08 -1 -5.60801e-08 1.28311e-06 -1 -3.46101e-07 3.06001e-06 -1 -1.44924e-07 1.24169e-06 -0.955352 -0.295437 -0.00447563 -0.995855 -0.0909497 -0.000927518 -0.996051 -0.0886916 -0.00396543 -0.955236 -0.295163 -0.0200643 -0.999975 -0.00709481 -7.1876e-05 -0.999975 -0.00699814 -0.000307774 -0.996319 -0.0850791 -0.0105345 -0.999973 -0.00733923 -0.000877975 -0.956278 -0.288535 -0.0477426 0.00311987 -5.04217e-05 0.999995 0.00624615 -0.00106365 0.99998 0.0896144 -0.0151578 0.995861 0.0837108 -0.00138125 0.996489 -0.519888 -0.854073 -0.0166249 -0.511537 -0.855945 -0.0754159 0.0054579 -0.00159481 0.999984 0.0815979 -0.0238459 0.99638 0.202999 -0.0648224 0.977031 0.234386 -0.0430892 0.971188 -0.523028 -0.833587 -0.17769 0.57323 -0.199192 0.794815 0.676015 -0.122853 0.726574 0.212228 -0.00384378 0.977213 0.677477 -0.0114887 0.735454 -0.323158 -0.944437 -0.0600667 -0.0896363 -0.405242 -0.909805 -0.138511 -0.456628 -0.878809 -0.419531 -0.898848 -0.126753 -0.017457 0.27847 -0.960286 -0.00521825 -0.0595198 -0.998213 -0.25097 0.502339 -0.827448 0.0252258 0.382298 -0.923695 0.0499209 0.0258019 0.99842 -0.683743 -0.378508 0.623881 -0.0105817 -0.00217637 0.999942 0.0810262 0.0241434 0.996419 0.906508 0.373488 0.19685 0.412298 0.189061 0.891216 0.195902 0.0501058 0.979343 0.697755 0.110312 0.707792 -0.00258095 0.0926283 -0.995697 0.00339289 -0.146693 -0.989176 0.0115899 -0.997911 -0.0635595 -0.000333962 0.567927 -0.823079 0.00258077 0.0926287 -0.995697 0.000334087 0.567927 -0.823079 -0.00195228 0.991017 -0.13372 0.00195258 0.991017 -0.13372 -0.104037 0.24707 -0.963396 0.179656 0.470293 -0.864031 0.0382862 0.348619 -0.936482 -0.0360033 0.0837759 -0.995834 0.152797 0.189328 -0.969953 0.0709526 0.0840827 -0.993929 0.0631057 0.0573413 -0.996358 0.141589 0.304258 -0.942008 -0.035022 0.0616168 -0.997485 -0.598947 0.800789 0.000192658 -0.95558 0.294732 3.81985e-05 -0.956008 0.293341 0.000364766 -0.610292 0.792175 0.00150539 0.000407565 0.000165862 -1 0.00107135 0.000460806 -0.999999 0.00100867 0.000274961 -1 0.000679125 0.00016602 -1 -0.0104542 -0.000232375 -0.999945 -0.0484365 0.00324905 -0.998821 -0.00837952 -0.000185498 -0.999965 -0.0411355 0.0182665 -0.998986 -0.995856 0.0909392 6.10514e-07 -0.995899 0.0904698 1.56843e-05 -0.999975 0.00709203 -1.94353e-07 -0.999975 0.00705512 3.79467e-08 -1 8.09292e-10 -4.2781e-07 -1 -8.09292e-10 -3.43048e-08 -1 6.67069e-10 0 -1 -6.67069e-10 0 -0.995899 -0.0904698 -1.62562e-05 -0.956008 -0.29334 -0.000381872 -0.999975 -0.00705512 -1.45682e-06 -0.999975 -0.00709204 4.51089e-07 -0.995856 -0.0909392 -4.11582e-07 -0.95558 -0.294731 -2.09717e-05 0.00100947 -0.00027243 0.999999 -0.0104529 0.000204095 0.999945 -0.610295 -0.792172 -0.00159788 0.00105601 -0.000480862 0.999999 0.000373682 -0.000210826 1 0.000677352 -0.000173676 1 -0.598947 -0.800789 -9.92414e-05 -0.00838019 0.0002036 0.999965 -0.0719002 0.0835898 -0.993903 -0.0432625 0.348046 -0.936479 -0.0330779 0.334567 -0.941791 -0.0632686 0.0576124 -0.996332 0.035932 0.0842932 -0.995793 0.0350994 0.0611644 -0.99751 -0.000243165 0.100574 -0.994929 -0.000342888 0.155312 -0.987865 -0.0552607 0.154977 -0.986371 -0.0448976 0.100672 -0.993906 -0.0162469 0.00627704 -0.999848 -0.0217059 0.00889425 -0.999725 -0.750341 0.613988 -0.244964 -0.59831 0.443548 -0.6673 -0.522493 -0.185294 0.832266 -0.311046 -0.120196 0.942764 -0.034048 -0.00745653 0.999392 -0.0777328 -0.0121777 0.9969 0.521868 0.185606 -0.832588 0.0748722 0.0351755 -0.996573 -0.95541 0.295282 0 -0.525058 0.851066 -7.27596e-12 0.000229655 6.59567e-05 -1 0.000360608 6.29586e-05 -1 -0.95541 0.295282 0 -0.536728 0.843755 0 0.000265223 8.70794e-05 -1 0.000440647 8.16473e-05 -1 -0.0039236 -7.2525e-05 -0.999992 -0.0030811 -5.28093e-05 -0.999995 -0.995839 0.0911257 0 -0.999975 0.00710672 0 -0.999975 0.00710671 1.73472e-18 -0.995839 0.0911256 2.77556e-17 -1 1.93016e-10 -1.64701e-07 -1 4.46068e-10 0 -1 -4.46068e-10 0 -1 -1.93016e-10 0 -0.95541 -0.295281 -4.22459e-07 -0.95541 -0.295282 2.24513e-08 -0.995839 -0.0911256 -1.25501e-07 -0.995839 -0.0911257 -1.55978e-07 -0.999975 -0.00710669 -4.33681e-19 -0.999975 -0.0071067 -2.89783e-07 -0.0039236 7.12763e-05 0.999992 0.000440682 -8.14063e-05 1 0.000360607 -6.29644e-05 1 -0.00308122 5.10597e-05 0.999995 0.00026572 -8.62987e-05 1 0.000229576 -6.61612e-05 1 -0.536729 -0.843755 3.92116e-07 -0.525059 -0.851066 -6.01263e-07 -0.0760645 0.025637 -0.996773 0.216679 0.419561 -0.881487 -0.0777479 0.012061 -0.9969 -0.0340482 0.00745412 -0.999392 -0.310034 0.120988 -0.942996 -0.517532 0.187763 -0.834809 0.015904 0.0120481 -0.999801 0.0102777 0.00639378 -0.999927 0.753186 0.613367 -0.237681 0.0211005 0.017348 -0.999627 -0.00227237 0.381232 -0.924477 -0.00561138 0.956841 -0.290558 0.00477649 0.956845 -0.290558 0.00203102 0.381233 -0.924477 -0.00030727 0.0568504 -0.998383 0.000312498 0.0568504 -0.998383 -0.369077 -0.0778127 0.926136 -0.0860334 -0.0176784 0.996135 -0.0984504 -0.0184045 0.994972 -0.23555 -0.0439654 0.970867 -0.194129 -0.0131927 0.980887 -0.0674107 -0.0115961 0.997658 -0.090803 -0.0160467 0.99574 -0.0466853 -0.00602906 0.998891 -0.07501 -0.0106131 0.997126 -0.0702583 0.0122181 -0.997454 -0.0916558 0.0151214 -0.995676 -0.0754331 0.00955077 -0.997105 -0.0477397 0.00678945 -0.998837 -0.0959925 0.0172564 -0.995232 -0.227927 0.0418194 -0.97278 -0.362063 0.0756832 -0.929076 -0.0810605 0.0164446 -0.996574 -0.0485064 -0.00284067 0.998819 -0.0434136 -0.00205963 0.999055 -0.017311 -0.00456425 0.99984 -0.17011 -0.0424182 0.984512 -0.170066 0.0427239 -0.984506 -0.017302 0.00463191 -0.99984 -0.0166005 -0.000320991 0.999862 -0.0223069 -0.000483802 0.999751 -1 -8.36195e-05 -0.000871683 -0.999998 -0.000166586 -0.00172868 -0.996051 -0.00861295 -0.0883611 -0.995281 -0.0093751 -0.0965786 -1 8.40184e-05 0.000871667 -0.999998 0.000166995 0.00172858 0.100536 0.285803 -0.953 0.020666 0.121092 -0.992426 -0.999874 -0.0150792 0.00487446 -1 0.000312873 -5.98814e-05 -1 -3.31342e-08 -2.22488e-06 0.00992249 0.0765061 -0.99702 0.00794733 0.201229 -0.979512 0.0131578 0.999662 -0.02242 -1 2.75668e-09 2.43586e-07 -1 -1.69817e-09 -2.36047e-07 -1 -1.39974e-09 -3.96099e-07 -1 -4.05013e-10 1.29247e-26 -1 -0 0 -1 -9.36002e-10 0 -1 -0 0 -1 4.08095e-07 -3.58541e-06 -1 -4.84797e-07 1.62735e-06 -1 -2.11223e-05 -0.000100847 -0.999854 0.000275493 0.0170844 -1 -8.10283e-05 -2.44559e-05 -1 -2.5879e-05 -6.97512e-05 0.0535294 0.549196 -0.833977 0.20188 0.96659 -0.157951 0.0570187 -0.997518 -0.0413247 0.00221904 -0.132881 -0.991129 -0.996051 0.00861283 0.0883609 -0.995281 0.00937518 0.0965783 0.00449162 0.376413 -0.926441 0.000641424 0.0593306 -0.998238 0.0112115 0.957401 -0.288543 0.000572775 0.153003 -0.988226 0.0552921 0.14939 -0.987231 0.000305236 0.0994778 -0.99504 0.0447951 0.0980021 -0.994177 -0.997134 0.014551 0.0742396 -0.998906 -0.000398743 0.0467682 -0.717415 -0.0738749 0.692718 -0.99983 -0.000248256 0.0184412 -0.936445 0.00787053 -0.350726 -0.699513 0.0160331 -0.71444 -0.707483 0.0158555 -0.706553 -0.941285 0.00757427 -0.337529 -1 8.11305e-08 -5.84244e-07 -1 5.88967e-08 -2.9128e-07 -0.936445 -0.00787045 0.350726 -0.941285 -0.0075741 0.337528 -0.707484 -0.0158553 0.706552 -0.699513 -0.0160323 0.71444 0.0955824 0.00187201 0.99542 0.485127 0.0105909 0.87438 0.997091 0.0210123 0.0732579 0.343516 0.00651349 0.939124 0.0811515 0.000528842 0.996702 -0.0229041 -0.000148964 0.999738 0.0384517 3.80413e-05 0.99926 -0.00702846 -8.79215e-06 0.999975 -0.0411802 -0.157711 0.986626 -0.0552311 -0.280939 0.958135 0.0552341 -0.280938 0.958135 0.0428795 -0.157447 0.986596 0.044206 -0.142673 0.988782 -0.0440049 -0.142712 0.988785 0.0852584 -0.159563 0.983499 -0.0852602 -0.159562 0.983499 0.343681 -0.00681905 -0.939062 0.997063 -0.0235438 -0.0728724 0.485766 -0.0103804 -0.874027 0.0956581 -0.00175226 -0.995413 -0.022904 0.000149404 -0.999738 0.0811533 -0.00053576 -0.996701 -0.00702849 8.11007e-06 -0.999975 0.0384526 -4.4493e-05 -0.99926 -0.00759337 0.0924096 -0.995692 -0.0025189 0.128984 -0.991643 0.00251955 0.128984 -0.991643 0.00920663 0.0922692 -0.995692 0.0156152 0.101888 -0.994673 -0.0148877 0.101956 -0.994678 -0.0219788 0.0963082 -0.995109 0.021977 0.0963083 -0.995109 8.68506e-05 -0.00254054 -0.999997 -8.518e-05 -0.00254035 -0.999997 0.0889883 -0.000286117 -0.996033 0.121017 -0.000400977 -0.99265 -0.332891 -0.0211553 0.942728 -0.338925 -0.021107 0.940576 0.327756 -0.001496 -0.944761 0.342243 -0.00169286 -0.93961 0.121016 0.000387074 0.992651 0.0889864 0.000294182 0.996033 -0.332891 0.0211579 -0.942728 -0.338925 0.0211082 -0.940577 0.327757 0.0014886 0.944761 0.342242 0.00168912 0.93961 -0.997134 -0.0145507 -0.0742396 -0.99662 -0.0680786 -0.04597 -0.99662 0.0680798 0.0459687 -0.154712 -0.464082 0.872177 0.15471 -0.464082 0.872177 0.396347 -0.911764 0.107685 0.27826 -0.783325 0.555854 0.0831862 -0.1602 0.983573 0.124082 -0.172064 -0.97724 0.064014 -0.0918305 0.993715 0.0433151 -0.0292087 -0.998634 0.0795 -0.0649501 0.994717 0.13439 -0.112014 0.984577 -0.0645144 -0.0914428 0.993718 -0.124083 -0.172067 -0.977239 -0.278256 -0.783322 0.55586 -0.0832807 -0.16015 0.983573 -0.396346 -0.911764 0.107685 0.133953 -0.0918874 -0.986718 0.000506593 -0.000328342 1 0.369006 -0.317096 -0.873662 -0.165652 0.126296 0.978064 0.596699 -0.656936 -0.460852 -0.363535 0.375841 0.8524 0.449171 -0.892301 -0.0452126 -0.351259 0.717899 0.601031 9.71987e-08 -0.993992 0.109451 -3.15611e-08 0.888454 0.458965 -0.449172 -0.892301 -0.0452134 0.351259 0.717899 0.601031 -0.5967 -0.656935 -0.460854 0.363536 0.375841 0.8524 -0.369005 -0.317094 -0.873663 0.165652 0.126297 0.978064 -0.133955 -0.0919002 -0.986717 -0.000510951 -0.000321444 1 -0.0433119 -0.0291875 -0.998635 -0.0794958 -0.0649538 0.994717 -0.134473 -0.111906 0.984578 -0.0171413 -0.0111922 0.99979 -0.411167 -0.318196 -0.854221 -0.179362 -0.104845 -0.97818 -0.161091 -0.0972264 -0.982139 -0.413343 -0.308977 -0.856551 0.00052579 0.000298458 -1 0.0175383 0.0105745 -0.99979 -0.00339237 -0.146693 -0.989176 -0.0262708 -0.11086 -0.993489 0.00793413 0.0276611 -0.999586 0.00542041 0.0079824 -0.999953 -0.00831871 0.0269549 -0.999602 0.0264777 -0.11054 -0.993519 -0.068555 -0.0834018 -0.994155 0.0184126 0.0717587 -0.997252 0.0267058 0.10393 -0.994226 -0.235712 -0.321258 -0.917188 -0.00231829 -0.00939839 -0.999953 -0.397175 -0.655877 -0.641933 -0.0378465 -0.176981 -0.983486 -0.297371 -0.896067 -0.329597 -0.0362099 -0.350988 -0.935679 -0.010458 -0.978215 -0.207331 -0.00274365 -0.423038 -0.906108 0.308078 -0.89137 -0.332488 0.0372927 -0.350796 -0.935709 0.397174 -0.655879 -0.641931 0.0378388 -0.176981 -0.983487 0.235826 -0.320931 -0.917273 0.00217634 -0.0094565 -0.999953 0.0693338 -0.0802817 -0.994358 -0.0162752 0.0726285 -0.997226 -0.00546648 0.00775347 -0.999955 -0.0262106 0.104046 -0.994227 0.371158 -0.815531 0.444016 -0.37116 -0.81553 0.444016 0.0171064 -0.0112464 0.99979 -0.179358 0.104851 0.97818 -0.16109 0.0972275 0.982139 0.0175349 -0.0105799 0.99979 0.000523531 -0.000302107 1 -0.42241 0.303898 0.853942 -0.411536 0.311501 0.856507 -0.158307 0.101865 0.982121 -0.19758 0.125148 0.972265 0.0225229 -0.0144123 0.999642 -0.441832 0.267994 0.856133 -0.497089 0.291598 0.817235 0.221255 -0.159509 0.962083 -0.616221 0.515637 0.595307 -0.646974 0.503095 0.572992 -1 -6.00335e-07 -1.17093e-07 -1 5.98024e-07 6.10069e-07 -0.924239 -0.157204 0.34795 -0.933066 -0.149725 0.327064 -0.933253 0.153817 -0.324621 -0.924093 0.152375 -0.350477 -0.668224 -0.478458 -0.569697 -0.60824 -0.523553 -0.596604 -0.902142 0.0630618 -0.426804 -1 9.72475e-07 1.45067e-06 -0.576101 -0.0432793 -0.816232 -0.869923 -0.163333 -0.465356 -0.576316 0.042371 0.816128 -0.869923 0.163324 0.465359 -0.902053 -0.0606571 0.427341 -0.220908 -0.160427 0.96201 -0.0224862 -0.014534 0.999641 0.497091 0.2916 0.817233 0.441833 0.267995 0.856132 0.158499 0.101546 0.982123 0.197393 0.125754 0.972225 -0.00455232 0.0262413 -0.999645 -0.024202 0.0994688 -0.994746 -0.0603716 0.23367 -0.97044 -0.103922 0.436034 -0.89391 -0.0966096 0.66425 -0.741241 -0.00447955 0.756719 -0.653725 0.0989817 0.663569 -0.741538 0.1039 0.436042 -0.893908 0.0596067 0.234151 -0.970371 0.0235432 0.0998449 -0.994724 0.00408315 0.0264175 -0.999643 0.0291149 -0.00729723 -0.999549 0.301957 -0.0773592 -0.950178 -0.0444871 0.011239 -0.998947 -0.136789 0.0341818 -0.99001 0.962471 -0.23318 -0.138837 0.00905231 -0.00215624 -0.999957 -0.250545 0.0601189 -0.966236 -0.298489 0.0725159 -0.951654 -0.545174 0.134798 -0.827415 0.0291223 0.00732236 0.999549 -0.250717 -0.0607775 0.966151 -0.29922 -0.0719843 0.951465 -0.136826 -0.0341595 0.990006 -0.546059 -0.134012 0.826958 0.963501 0.227128 0.141701 0.301729 0.076612 0.950311 -0.0443682 -0.011284 0.998951 0.00904307 0.00215639 0.999957 -0.817452 0.187165 -0.54474 -0.934745 -0.0422199 -0.352802 -1 -1.91062e-07 5.5012e-07 -0.934746 0.0422237 0.352799 -0.817466 -0.187144 0.544726 -0.943704 -0.0396045 0.328412 -0.966806 -0.0306047 0.253672 -0.966818 0.0305196 -0.253636 -0.943501 0.0395938 -0.328997 -0.986889 -0.105804 0.121885 -0.59756 -0.78344 0.170713 -0.335213 -0.284333 0.898213 -0.587725 -0.264184 0.764713 -0.100205 -0.048815 0.993769 0.0487354 0.0662652 -0.996611 0.0736609 0.0986714 -0.99239 0.0365592 0.040466 -0.998512 0.0366581 0.11286 -0.992934 -1 1.75007e-05 0.000101323 -0.999854 -0.000286266 -0.0170844 -1 2.49226e-05 7.04259e-05 -1 -6.05077e-07 2.11932e-06 -1 7.00721e-05 3.33433e-05 -1 -5.20461e-08 4.59281e-07 -1 1.1031e-08 -2.51111e-07 -1 -3.33341e-09 1.20054e-06 -1 4.05013e-10 -2.13583e-07 -1 9.36001e-10 -1.54074e-33 -1 1.69817e-09 0 -1 1.39974e-09 1.94356e-07 -1 -5.58198e-09 -6.1677e-07 -1 -2.25315e-08 -1.37875e-06 -1 -0.000311121 6.51174e-05 -0.999873 0.0151584 -0.0048286 -0.0130569 0.999673 -0.0219672 -0.0122449 0.200971 -0.979521 -0.0128976 0.0750846 -0.997094 -0.0310382 0.114198 -0.992973 -0.0692236 0.103676 -0.992199 -0.0502175 0.0713643 -0.996185 -0.0376373 0.0413949 -0.998434 -0.59101 0.26305 -0.762569 -0.101553 0.0486684 -0.993639 -0.986889 0.105803 -0.121885 -0.00401176 0.376446 -0.92643 -0.00952735 0.95746 -0.288408 -0.000652284 0.0593295 -0.998238 -0.335216 0.284325 -0.898215 -0.597572 0.783431 -0.170713 -0.0284623 0.549922 -0.834731 -0.0921427 0.984428 -0.149703 -0.0037757 -0.132866 -0.991127 -0.0809649 -0.995844 -0.0416989 -0.0115899 -0.997911 -0.0635594 -0.99983 0.000256855 -0.0184409 -0.998906 0.000398766 -0.0467681 -0.000277453 0.0581853 -0.998306 0.000294658 0.0581515 -0.998308 -0.00024251 0.0618152 -0.998088 0.00026427 0.0616892 -0.998095 -0.000193853 0.0690894 -0.99761 0.000244156 0.0687769 -0.997632 -0.0275432 0.0237152 -0.999339 -0.039006 0.0691585 -0.996843 -0.0226061 0.0153188 -0.999627 -0.042876 0.0610712 -0.997212 -0.0190674 0.0106209 -0.999762 -0.0323111 0.0577936 -0.997805 -0.0199871 0.00461052 -0.99979 -0.09503 0.0519332 -0.994119 -0.0376041 0.00951133 -0.999247 -0.0250478 0.00208294 -0.999684 -0.0445596 0.00961363 -0.99896 -0.0557806 0.00587816 -0.998426 -0.0322112 0.00343267 -0.999475 0.0222604 0.0206569 -0.999539 0.602817 0.559548 -0.568786 0.227671 0.423438 -0.87685 0.024897 0.0277343 -0.999305 -0.324176 0.144535 -0.93489 -0.329461 0.176617 -0.927503 -0.00345536 0.337681 -0.941254 -0.0424267 0.0232303 -0.998829 -0.050166 0.0350194 -0.998127 0.0285094 0.0393348 -0.998819 -0.00644141 0.000148738 0.999979 -0.0325699 -0.00128909 0.999469 -0.00525698 0.000112429 0.999986 -0.0272847 -0.00085982 0.999627 -0.00443657 8.7069e-05 0.99999 -0.023804 -0.000620323 0.999716 0.000566766 -0.000128934 1 0.000515175 -0.000107713 1 0.00028385 -0.000108079 1 -0.95541 -0.295281 -4.21429e-08 -0.581619 -0.813461 -2.36265e-07 -0.95541 -0.295282 1.34111e-07 -0.565221 -0.82494 2.32569e-07 0.000278089 -9.84649e-05 1 0.000272043 -9.002e-05 1 0.000471774 -9.15232e-05 1 -0.95541 -0.295282 1.20265e-07 -0.549431 -0.835539 5.60249e-09 -0.995839 -0.0911255 -1.38778e-17 -0.995839 -0.0911255 1.04533e-07 -0.999975 -0.0071067 -3.91945e-08 -0.999975 -0.0071067 -4.08305e-09 -0.995839 -0.0911255 8.12892e-08 -0.999975 -0.0071067 2.33362e-08 -1 9.36002e-10 -6.16298e-33 -1 9.36002e-10 -3.33343e-09 -1 4.46068e-10 0 -1 4.46068e-10 0 -1 9.36001e-10 0 -1 4.46068e-10 0 -1 -4.46068e-10 0 -1 -4.46068e-10 0 -1 -4.46068e-10 3.39336e-08 -1 -9.36001e-10 0 -1 -9.36001e-10 3.20209e-07 -1 -9.36001e-10 1.8955e-07 -0.999975 0.0071067 0 -0.999975 0.0071067 1.64588e-07 -0.999975 0.0071067 8.27181e-25 -0.95541 0.295282 -1.41823e-08 -0.995839 0.0911255 0 -0.995839 0.0911255 -1.38778e-17 -0.95541 0.295284 -8.88178e-16 -0.995839 0.0911256 0 -0.95541 0.295284 1.69458e-08 0.000471768 9.15608e-05 -1 -0.00443658 -8.28366e-05 -0.99999 0.000515257 0.000106869 -1 -0.00525681 -0.000105705 -0.999986 -0.0230344 0.0106222 -0.999678 -0.0260951 0.0142659 -0.999557 0.000272039 9.00785e-05 -1 -0.549431 0.835539 -1.8382e-07 -0.565223 0.824938 -4.2055e-09 0.000280223 9.50836e-05 -1 0.000283777 0.000108272 -1 0.000566955 0.000128441 -1 -0.581624 0.813458 2.12196e-07 -0.00644115 -0.000137433 -0.999979 -0.0305482 0.0202625 -0.999328 -0.22323 0.388016 -0.89421 -0.304859 0.420279 -0.85465 -0.430643 0.479358 -0.764698 0.311566 0.217818 -0.924923 0.0500864 0.0350571 -0.998129 0.0423945 0.0232253 -0.998831 0.321737 0.1811 -0.929348 -0.324184 -0.144548 0.934885 -0.329506 -0.176733 0.927465 -0.0445465 -0.00949098 0.998962 -0.0376035 -0.0094452 0.999248 -0.602757 0.559484 -0.568912 -0.0319065 -0.00337657 0.999485 -0.0557334 -0.0057924 0.998429 -0.0249196 -0.00219947 0.999687 -0.0199732 -0.00454489 0.99979 0.042269 0.0608093 -0.997254 0.0322438 0.0577179 -0.997812 0.0190453 0.0106086 -0.999762 0.0225488 0.0150438 -0.999633 -0.0933727 -0.0520075 0.994272 0.0386444 0.0684142 -0.996908 0.0272878 0.023412 -0.999353 -0.717417 0.0738757 -0.692715 </float_array>
          <technique_common>
            <accessor count="762" offset="0" source="#meshId0-bitangents-array" stride="3">
              <param name="X" type="float" />
              <param name="Y" type="float" />
              <param name="Z" type="float" />
            </accessor>
          </technique_common>
        </source>
        <source id="meshId0-tex0" name="meshId0-tex0">
          <float_array id="meshId0-tex0-array" count="1524"> 0.845648 0.493349 0.842416 0.492677 0.848041 0.488565 0.854593 0.48861 0.856741 0.488675 0.84709 0.493846 0.848838 0.482077 0.855594 0.482077 0.857683 0.482058 0.00731494 0.0053882 0.00732825 0.00307547 0.0139456 0.00213399 0.014002 0.00487486 0.613717 0.51111 0.611348 0.509057 0.611079 0.499406 0.61344 0.501719 0.649215 0.566216 0.647288 0.566754 0.0141463 0.0139029 0.619413 0.858126 0.618423 0.854683 0.739405 0.852706 0.74666 0.854825 0.61378 0.857754 0.613586 0.854412 0.988619 0.978114 0.98961 0.984739 0.862362 0.984602 0.85917 0.978114 0.995006 0.978114 0.995243 0.984716 0.997966 0.984648 0.998008 0.978114 0.49951 0.48861 0.49917 0.482077 0.501465 0.482077 0.501736 0.488565 0.611269 0.853599 0.611057 0.856638 0.502549 0.493349 0.503647 0.492677 0.790098 0.494012 0.790098 0.488701 0.790098 0.482077 0.845648 0.00403187 0.842416 0.00470329 0.790098 0.0033691 0.790098 0.0019656 0.461587 0.923154 0.462361 0.867604 0.463935 0.867533 0.462767 0.924596 0.465136 0.922544 0.466121 0.867322 0.790098 0.495415 0.610168 0.5105 0.612515 0.56612 0.610942 0.56605 0.614702 0.566331 0.98961 0.504717 0.988619 0.511341 0.85917 0.511341 0.862362 0.504853 0.995243 0.50474 0.995006 0.511341 0.9906 0.499406 0.869618 0.500741 0.995437 0.499572 0.997966 0.504808 0.997753 0.500069 0.49951 0.00877042 0.502549 0.00403184 0.503647 0.00470329 0.501736 0.00881592 0.998008 0.511341 0.49917 0.0153038 0.501465 0.0153038 0.790098 0.0153038 0.790098 0.00867944 0.848041 0.00881589 0.848838 0.0153038 0.480625 0.0048782 0.480681 0.00213481 0.487298 0.00307567 0.487312 0.00538881 0.856741 0.00870533 0.857682 0.0153226 0.855594 0.0153038 0.854593 0.00877042 0.84709 0.00353479 0.464859 0.931934 0.462498 0.934247 0.487488 0.0698994 0.482342 0.0708207 0.48048 0.0139211 0.492635 0.0147788 0.492635 0.0704226 0.49917 0.163135 0.501465 0.163135 0.501465 0.334246 0.49917 0.334246 0.994907 0.659172 0.998008 0.659172 0.998008 0.830283 0.994907 0.830283 0.988226 0.659172 0.988226 0.830283 0.790098 0.163135 0.848838 0.163135 0.848838 0.334246 0.790098 0.334246 0.332869 0.00420108 0.332869 0.0109242 0.161758 0.0109242 0.161758 0.00420108 0.332869 0.00196556 0.161758 0.00196556 0.855594 0.163135 0.857851 0.163135 0.857851 0.334246 0.855594 0.334246 0.332869 0.0771208 0.332869 0.0610111 0.471628 0.0602463 0.471723 0.0768354 0.161758 0.0610111 0.161758 0.0771208 0.743409 0.841201 0.752587 0.84243 0.752614 0.847274 0.743127 0.846198 0.00731494 0.346099 0.014002 0.347484 0.0139456 0.351912 0.00732825 0.350943 0.00739336 0.355196 0.0139268 0.3559 0.0139268 0.359038 0.00743887 0.358494 0.741544 0.850243 0.750794 0.851527 0.506183 0.493349 0.505885 0.494583 0.510362 0.493846 0.510287 0.495207 0.611184 0.850263 0.611057 0.845861 0.613431 0.845972 0.613497 0.850709 0.515503 0.494012 0.515503 0.495415 0.611015 0.840645 0.613406 0.840645 0.617961 0.840645 0.618015 0.846009 0.618153 0.850858 0.505439 0.48861 0.510176 0.488678 0.50529 0.482077 0.510138 0.482077 0.515503 0.488701 0.515503 0.482077 0.510138 0.163135 0.515503 0.163135 0.515503 0.334246 0.510138 0.334246 0.50529 0.163135 0.50529 0.334246 0.515503 0.0033691 0.515503 0.00867947 0.510176 0.00870216 0.510362 0.00353479 0.515503 0.0153038 0.510138 0.0153038 0.505439 0.00877042 0.50529 0.0153038 0.506183 0.00403187 0.46938 0.593009 0.464826 0.593009 0.46485 0.587681 0.469434 0.587644 0.515503 0.0019656 0.510287 0.00217358 0.462434 0.593009 0.462476 0.587793 0.462604 0.583391 0.464916 0.582945 0.505885 0.00279734 0.462689 0.580054 0.465005 0.579242 0.469572 0.582796 0.469842 0.578971 0.4807 0.359038 0.4807 0.3559 0.487233 0.355196 0.487188 0.358494 0.480681 0.351913 0.487298 0.350943 0.480625 0.347484 0.487312 0.346099 0.604033 0.58638 0.604007 0.591224 0.594828 0.592453 0.594546 0.587455 0.59808 0.578829 0.602213 0.582127 0.592964 0.58341 0.590824 0.580947 0.179969 0.358789 0.208318 0.373491 0.164923 0.364369 0.332267 0.353199 0.314657 0.358789 0.16236 0.353199 0.332869 0.348926 0.161758 0.348926 0.00199206 0.0704226 0.00713814 0.0698848 0.00713811 0.0784298 0.00199206 0.0785243 0.0122842 0.0706735 0.0122842 0.0787772 0.0122842 0.116828 0.00713811 0.116507 0.00199206 0.116239 0.743697 0.495415 0.743697 0.494012 0.78148 0.494012 0.78148 0.495415 0.611015 0.612451 0.610996 0.574668 0.612603 0.574685 0.612739 0.612451 0.614825 0.574738 0.650901 0.574855 0.615291 0.612451 0.664657 0.61257 0.743697 0.488701 0.78148 0.488701 0.743697 0.482077 0.78148 0.482077 0.78148 0.163135 0.78148 0.334246 0.743697 0.163135 0.743697 0.334246 0.78148 0.00867944 0.78148 0.0033691 0.78148 0.0153038 0.743697 0.0153038 0.743697 0.00867944 0.743697 0.0033691 0.464022 0.858968 0.466244 0.858916 0.78148 0.00196563 0.462416 0.858986 0.462434 0.821203 0.464158 0.821202 0.743697 0.0019656 0.46671 0.821203 0.482342 0.0788917 0.487488 0.0784413 0.487488 0.116511 0.482342 0.116865 0.492635 0.0785243 0.492635 0.116239 0.332869 0.117611 0.332869 0.0817961 0.471723 0.0816262 0.471723 0.117565 0.734335 0.808297 0.725332 0.782988 0.732158 0.784419 0.741717 0.809904 0.44711 0.614001 0.43755 0.639485 0.424737 0.638054 0.433202 0.612394 0.00713814 0.313573 0.0122842 0.315179 0.548581 0.494012 0.548581 0.495415 0.611015 0.807567 0.613329 0.807567 0.573811 0.494012 0.573811 0.495415 0.611015 0.782337 0.613253 0.782337 0.617348 0.782337 0.617653 0.807567 0.548581 0.488701 0.548581 0.482077 0.573811 0.482077 0.573811 0.488701 0.548581 0.163135 0.573811 0.163135 0.573811 0.334246 0.548581 0.334246 0.548581 0.0033691 0.573811 0.00336907 0.573811 0.00867944 0.548581 0.00867944 0.573811 0.0153038 0.548581 0.0153038 0.468767 0.651316 0.464672 0.651316 0.464749 0.626086 0.469072 0.626086 0.462434 0.651316 0.462434 0.626086 0.573811 0.0019656 0.548581 0.0019656 0.482342 0.315179 0.487488 0.313573 0.292756 0.880087 0.284292 0.854428 0.297104 0.852996 0.306664 0.87848 0.492635 0.311966 0.492635 0.34487 0.487488 0.288088 0.492635 0.286657 0.332869 0.315909 0.332869 0.340269 0.161758 0.340269 0.161758 0.315909 0.332869 0.290171 0.161758 0.290171 0.321142 0.913671 0.322458 0.870514 0.330583 0.852498 0.350775 0.8569 0.498707 0.8669 0.332499 0.846976 0.354329 0.848797 0.338339 0.81029 0.367557 0.810746 0.191503 0.646009 0.213758 0.643799 0.227071 0.681773 0.197715 0.682355 0.189427 0.640631 0.210168 0.635728 0.180668 0.578829 0.181737 0.622185 0.502321 0.858798 0.516076 0.821084 0.35756 0.637403 0.360298 0.611664 0.219852 0.880817 0.217114 0.855078 0.585754 0.625356 0.576751 0.650666 0.848566 0.638483 0.758749 0.638483 0.759984 0.499724 0.848861 0.499406 0.848566 0.809594 0.758749 0.809594 0.0229031 0.0763792 0.022999 0.0601491 0.857828 0.473331 0.855594 0.473334 0.848838 0.473334 0.0227173 0.0111109 0.0226817 0.00429332 0.0226723 0.00198859 0.790098 0.473334 0.78148 0.473334 0.743697 0.473334 0.548581 0.473334 0.515503 0.473334 0.573811 0.473334 0.510138 0.473334 0.50529 0.473334 0.501465 0.473334 0.994904 0.969372 0.988213 0.969372 0.49917 0.473334 0.998008 0.969372 0.0226723 0.352468 0.0226817 0.348745 0.0226692 0.359153 0.0226692 0.356128 0.759984 0.948352 0.848861 0.94867 0.0229031 0.315909 0.0229031 0.290171 0.022999 0.340082 0.161758 0.0817961 0.0229032 0.0812712 0.161758 0.117611 0.0229031 0.11745 0.883134 0.783723 0.857067 0.827118 0.854996 0.783723 0.858154 0.969372 0.0550027 0.782778 0.0555853 0.77403 0.0687912 0.77403 0.0682088 0.782778 0.0680146 0.793276 0.0548087 0.793276 0.0550027 0.803774 0.0682088 0.803774 0.0687912 0.812523 0.0555853 0.812523 0.0751787 0.730417 0.0730622 0.764789 0.0449244 0.761788 0.0572259 0.728021 0.0634864 0.694608 0.0781613 0.69649 0.073802 0.609377 0.0870618 0.609876 0.150838 0.723297 0.148663 0.737734 0.122412 0.737734 0.120238 0.723297 0.118483 0.700838 0.152593 0.700838 0.120061 0.631836 0.151015 0.631836 0.0142935 0.805549 0.001992 0.771782 0.0301298 0.768781 0.0322464 0.803153 0.0352289 0.83708 0.0205541 0.838962 0.0441294 0.923695 0.0308696 0.924193 0.232013 0.419222 0.234188 0.403795 0.260439 0.403795 0.262613 0.419222 0.264369 0.444015 0.230258 0.444015 0.228032 0.505039 0.266595 0.505039 0.261474 0.523928 0.233153 0.523928 0.0460561 0.94153 0.0328366 0.941877 0.0565559 0.817772 0.0697619 0.817772 0.0474749 0.954445 0.0342689 0.954741 0.075769 0.591694 0.0889884 0.59204 0.0565559 0.768781 0.0697619 0.768781 0.0904072 0.579125 0.0772011 0.578829 0.883134 0.705732 0.867813 0.76385 0.867813 0.725605 0.15466 0.754781 0.116415 0.754781 0.0965425 0.777471 0.103474 0.743704 0.112058 0.732922 0.106526 0.710291 0.110324 0.705435 0.107543 0.62506 0.109329 0.626657 0.11597 0.6222 0.160751 0.705435 0.16455 0.710291 0.167602 0.743704 0.159017 0.732922 0.174533 0.777471 0.108418 0.607376 0.109977 0.609428 0.111042 0.594511 0.112397 0.596518 0.116291 0.585799 0.117356 0.587559 0.12504 0.580571 0.12562 0.582183 0.135538 0.578829 0.135538 0.580391 0.146036 0.580571 0.145455 0.582183 0.154784 0.585799 0.15372 0.587559 0.160033 0.594511 0.158679 0.596518 0.162658 0.607376 0.161099 0.609428 0.163533 0.62506 0.161747 0.626657 0.155106 0.6222 0.156386 0.610818 0.0786212 0.823938 0.0776506 0.814979 0.0853488 0.811648 0.0862811 0.820616 0.0762471 0.802068 0.0842178 0.800679 0.286309 0.373491 0.279377 0.407863 0.276325 0.44179 0.275308 0.528404 0.218301 0.44179 0.21525 0.407863 0.274433 0.54624 0.27045 0.542448 0.269882 0.526465 0.271809 0.559155 0.268611 0.555067 0.26656 0.567867 0.264047 0.564182 0.257811 0.573095 0.256441 0.569651 0.247313 0.574837 0.247313 0.571473 0.236815 0.573095 0.238186 0.569651 0.228067 0.567867 0.230579 0.564182 0.222818 0.559155 0.226015 0.555067 0.220193 0.54624 0.224176 0.542448 0.219318 0.528404 0.224744 0.526465 0.121761 0.629786 0.149315 0.629786 0.114689 0.610818 0.101038 0.795797 0.108736 0.799128 0.107605 0.810097 0.0996345 0.808708 0.102009 0.786838 0.109669 0.79016 0.116113 0.599849 0.118004 0.600421 0.116751 0.610785 0.120275 0.590881 0.121761 0.591784 0.118004 0.621149 0.102591 0.781462 0.110228 0.784779 0.132961 0.79138 0.14059 0.79138 0.140404 0.799705 0.132767 0.801298 0.132767 0.781462 0.140404 0.783055 0.0868406 0.825997 0.0792036 0.829313 0.14349 0.783865 0.143669 0.79138 0.0893904 0.819713 0.0899266 0.824895 0.112778 0.791063 0.113314 0.785881 0.14349 0.798895 0.153072 0.621149 0.154324 0.610785 0.149315 0.591784 0.150801 0.590881 0.154963 0.599849 0.153072 0.600421 0.265336 0.532657 0.266623 0.543131 0.265336 0.553605 0.261474 0.562333 0.255037 0.56757 0.247313 0.569316 0.239589 0.56757 0.233153 0.562333 0.229291 0.553605 0.228003 0.543131 0.229291 0.532657 0.0874244 0.800712 0.086352 0.790347 0.0884233 0.790191 0.0895081 0.800665 0.0854585 0.781711 0.0875193 0.781462 0.0884968 0.811076 0.0905929 0.811139 0.0914968 0.819867 0.110812 0.810064 0.111884 0.7997 0.11398 0.799637 0.112896 0.810111 0.114884 0.790909 0.108846 0.829065 0.10974 0.820428 0.111811 0.820585 0.110907 0.829313 0.0920392 0.825104 0.145602 0.783656 0.145783 0.79138 0.145602 0.799104 0.115427 0.785671 0.123022 0.781462 0.125083 0.781846 0.125083 0.8094 0.123022 0.809784 0.364258 0.587491 0.453134 0.578829 0.455452 0.58009 0.345386 0.611664 0.343819 0.637403 0.0162659 0.0805975 0.0162659 0.0750759 0.0162659 0.117284 0.0172027 0.0570595 0.994904 0.520084 0.988213 0.520084 0.998008 0.520084 0.501465 0.0240463 0.49917 0.0240463 0.50529 0.0240463 0.510138 0.0240463 0.515503 0.0240463 0.548581 0.0240463 0.573811 0.0240463 0.78148 0.0240463 0.743697 0.0240463 0.790098 0.0240463 0.848838 0.0240463 0.855594 0.0240463 0.857829 0.0240495 0.471954 0.00198818 0.471945 0.00429169 0.471909 0.0111071 0.477424 0.0572771 0.478361 0.0757233 0.478361 0.0811013 0.478361 0.117447 0.20494 0.880817 0.203373 0.855078 0.223812 0.90499 0.471723 0.315909 0.471628 0.340082 0.471723 0.290171 0.315006 0.912391 0.312688 0.913653 0.471954 0.352468 0.471945 0.348745 0.471957 0.356128 0.471957 0.359153 0.329703 0.364369 0.858154 0.520084 0.857067 0.662338 0.332869 0.250082 0.161758 0.250082 0.332869 0.203034 0.161758 0.203034 0.332869 0.156414 0.161758 0.156414 0.478361 0.156348 0.471723 0.156395 0.478361 0.203017 0.471723 0.203029 0.478361 0.250082 0.471723 0.250082 0.21285 0.81499 0.200933 0.81499 0.271108 0.814463 0.207741 0.767925 0.255588 0.767497 0.240115 0.720833 0.202468 0.721256 0.492635 0.247238 0.487488 0.248397 0.487488 0.201741 0.492635 0.2009 0.282215 0.813304 0.264705 0.766648 0.487488 0.155364 0.482342 0.202589 0.482342 0.155925 0.492635 0.154837 0.467177 0.782724 0.529838 0.782486 0.467733 0.736804 0.54624 0.736422 0.468292 0.690612 0.562728 0.690085 0.464275 0.782724 0.464414 0.736804 0.462434 0.782724 0.705218 0.0033691 0.705218 0.0019656 0.659298 0.0033691 0.659298 0.00196563 0.462434 0.736804 0.462434 0.690612 0.464554 0.690612 0.613106 0.0033691 0.613106 0.0019656 0.705218 0.00867944 0.659298 0.00867944 0.705218 0.0153038 0.659298 0.0153038 0.613106 0.0086794 0.613106 0.0153038 0.613106 0.0240463 0.659298 0.0240463 0.659298 0.163135 0.613106 0.163135 0.705218 0.0240463 0.705218 0.163135 0.613106 0.334246 0.659298 0.334246 0.705218 0.334246 0.613106 0.473334 0.659298 0.473334 0.705218 0.473334 0.613106 0.482077 0.659298 0.482077 0.705218 0.482077 0.613106 0.494012 0.613106 0.488701 0.659298 0.488701 0.659298 0.494012 0.705218 0.488701 0.705218 0.494012 0.613134 0.743042 0.616873 0.743042 0.612995 0.69685 0.616314 0.69685 0.711309 0.743569 0.694821 0.697231 0.611015 0.743042 0.613106 0.495415 0.659298 0.495415 0.611015 0.69685 0.611015 0.65093 0.612856 0.65093 0.705218 0.495415 0.615758 0.65093 0.678419 0.651168 0.667718 0.612838 0.682339 0.651694 0.699759 0.698071 0.00713814 0.155363 0.0122842 0.15591 0.0122842 0.202586 0.00713811 0.20174 0.422661 0.679177 0.405152 0.725833 0.396038 0.724988 0.411554 0.678018 0.717268 0.744728 0.342985 0.771291 0.380577 0.771664 0.348204 0.724573 0.353296 0.677491 0.0229031 0.203018 0.0229031 0.250082 0.0162659 0.250082 0.0162659 0.203001 0.341379 0.677491 0.0229031 0.156349 0.0162659 0.156283 0.854996 0.705732 </float_array>
          <technique_common>
            <accessor count="762" offset="0" source="#meshId0-tex0-array" stride="2">
              <param name="S" type="float" />
              <param name="T" type="float" />
            </accessor>
          </technique_common>
        </source>
        <vertices id="meshId0-vertices">
          <input semantic="POSITION" source="#meshId0-positions" />
          <input semantic="NORMAL" source="#meshId0-normals" />
          <input semantic="TANGENT" source="#meshId0-tangents" />
          <input semantic="BINORMAL" source="#meshId0-bitangents" />
          <input semantic="TEXCOORD" source="#meshId0-tex0"  />
        </vertices>
        <polylist count="1046" material="defaultMaterial">
          <input offset="0" semantic="VERTEX" source="#meshId0-vertices" />
          <vcount>3 3 3 3 3 3 3 3 3 3 3 3 3 3 3 3 3 3 3 3 3 3 3 3 3 3 3 3 3 3 3 3 3 3 3 3 3 3 3 3 3 3 3 3 3 3 3 3 3 3 3 3 3 3 3 3 3 3 3 3 3 3 3 3 3 3 3 3 3 3 3 3 3 3 3 3 3 3 3 3 3 3 3 3 3 3 3 3 3 3 3 3 3 3 3 3 3 3 3 3 3 3 3 3 3 3 3 3 3 3 3 3 3 3 3 3 3 3 3 3 3 3 3 3 3 3 3 3 3 3 3 3 3 3 3 3 3 3 3 3 3 3 3 3 3 3 3 3 3 3 3 3 3 3 3 3 3 3 3 3 3 3 3 3 3 3 3 3 3 3 3 3 3 3 3 3 3 3 3 3 3 3 3 3 3 3 3 3 3 3 3 3 3 3 3 3 3 3 3 3 3 3 3 3 3 3 3 3 3 3 3 3 3 3 3 3 3 3 3 3 3 3 3 3 3 3 3 3 3 3 3 3 3 3 3 3 3 3 3 3 3 3 3 3 3 3 3 3 3 3 3 3 3 3 3 3 3 3 3 3 3 3 3 3 3 3 3 3 3 3 3 3 3 3 3 3 3 3 3 3 3 3 3 3 3 3 3 3 3 3 3 3 3 3 3 3 3 3 3 3 3 3 3 3 3 3 3 3 3 3 3 3 3 3 3 3 3 3 3 3 3 3 3 3 3 3 3 3 3 3 3 3 3 3 3 3 3 3 3 3 3 3 3 3 3 3 3 3 3 3 3 3 3 3 3 3 3 3 3 3 3 3 3 3 3 3 3 3 3 3 3 3 3 3 3 3 3 3 3 3 3 3 3 3 3 3 3 3 3 3 3 3 3 3 3 3 3 3 3 3 3 3 3 3 3 3 3 3 3 3 3 3 3 3 3 3 3 3 3 3 3 3 3 3 3 3 3 3 3 3 3 3 3 3 3 3 3 3 3 3 3 3 3 3 3 3 3 3 3 3 3 3 3 3 3 3 3 3 3 3 3 3 3 3 3 3 3 3 3 3 3 3 3 3 3 3 3 3 3 3 3 3 3 3 3 3 3 3 3 3 3 3 3 3 3 3 3 3 3 3 3 3 3 3 3 3 3 3 3 3 3 3 3 3 3 3 3 3 3 3 3 3 3 3 3 3 3 3 3 3 3 3 3 3 3 3 3 3 3 3 3 3 3 3 3 3 3 3 3 3 3 3 3 3 3 3 3 3 3 3 3 3 3 3 3 3 3 3 3 3 3 3 3 3 3 3 3 3 3 3 3 3 3 3 3 3 3 3 3 3 3 3 3 3 3 3 3 3 3 3 3 3 3 3 3 3 3 3 3 3 3 3 3 3 3 3 3 3 3 3 3 3 3 3 3 3 3 3 3 3 3 3 3 3 3 3 3 3 3 3 3 3 3 3 3 3 3 3 3 3 3 3 3 3 3 3 3 3 3 3 3 3 3 3 3 3 3 3 3 3 3 3 3 3 3 3 3 3 3 3 3 3 3 3 3 3 3 3 3 3 3 3 3 3 3 3 3 3 3 3 3 3 3 3 3 3 3 3 3 3 3 3 3 3 3 3 3 3 3 3 3 3 3 3 3 3 3 3 3 3 3 3 3 3 3 3 3 3 3 3 3 3 3 3 3 3 3 3 3 3 3 3 3 3 3 3 3 3 3 3 3 3 3 3 3 3 3 3 3 3 3 3 3 3 3 3 3 3 3 3 3 3 3 3 3 3 3 3 3 3 3 3 3 3 3 3 3 3 3 3 3 3 3 3 3 3 3 3 3 3 3 3 3 3 3 3 3 3 3 3 3 3 3 3 3 3 3 3 3 3 3 3 3 3 3 3 3 3 3 3 3 3 3 3 3 3 3 3 3 3 3 3 3 3 3 3 3 3 3 3 3 3 3 3 3 3 3 3 3 3 3 3 3 3 3 3 3 3 3 3 3 3 3 3 3 3 3 3 3 3 3 3 3 3 3 3 3 3 3 3 3 3 3 3 3 3 3 3 3 3 3 3 3 3 3 3 3 3 3 3 3 3 3 3 3 3 3 3 3 3 3 3 3 3 3 3 3 3 3 3 3 3 3 3 3 3 3 3 3 3 3 3 3 3 3 3 3 3 3 3 3 3 3 3 3 3 3 3 3 3 3 3 3 3 3 3 3 3 3 3 3 3 3 3 3 3 3 3 3 3 3 3 3 3 3 3 3 3 3 3 3 3 3 3 3 3 3 3 3 3 3 3 3 3 3 3 3 3 3 3 3 3 3 3 3 3 3 3 3 3 3 3 3 3 3 3 3 3 3 3 3 3 3 3 3 3 </vcount>
          <p>3 0 1 1 2 3 5 0 3 3 4 5 7 3 2 2 6 7 4 3 7 7 8 4 12 9 10 10 11 12 16 13 14 14 15 16 13 16 17 17 18 13 19 9 12 23 20 21 21 22 23 25 21 20 20 24 25 29 26 27 27 28 29 31 27 26 26 30 31 33 32 31 31 30 33 37 34 35 35 36 37 39 38 25 25 24 39 41 40 34 34 37 41 1 42 43 43 2 1 6 2 43 43 44 6 48 45 46 46 47 48 52 49 50 50 51 52 54 53 52 52 51 54 1 0 55 55 42 1 58 56 14 14 57 58 59 13 18 13 59 57 57 14 13 63 60 61 61 62 63 65 61 60 60 64 65 67 66 60 60 63 67 64 60 66 66 68 64 70 69 64 64 68 70 74 71 72 72 73 74 69 75 65 65 64 69 77 76 71 71 74 77 81 78 79 79 80 81 46 80 79 79 47 46 85 82 83 83 84 85 89 86 87 87 88 89 89 88 81 81 80 89 90 86 89 89 45 90 45 89 80 80 46 45 53 91 92 92 52 53 95 85 93 93 94 95 85 96 97 97 93 85 101 98 99 99 100 101 105 102 103 103 104 105 107 106 102 102 105 107 111 108 109 109 110 111 115 112 113 113 114 115 117 116 112 112 115 117 121 118 119 119 120 121 110 109 118 118 121 110 125 122 123 123 124 125 127 126 123 123 122 127 131 128 129 129 130 131 135 132 133 133 134 135 137 136 135 135 134 137 139 136 137 137 138 139 141 140 131 131 130 141 22 140 141 141 23 22 40 41 142 142 143 40 143 142 144 144 145 143 149 146 147 147 148 149 25 38 146 146 149 25 145 144 150 150 151 145 148 147 152 152 153 148 155 148 153 153 154 155 131 155 154 154 128 131 21 25 149 149 156 21 156 149 148 148 155 156 140 156 155 155 131 140 22 21 156 156 140 22 157 142 41 41 37 157 144 142 157 157 158 144 159 157 37 37 36 159 158 157 159 159 160 158 162 161 158 158 160 162 161 150 144 144 158 161 166 163 164 164 165 166 168 167 163 163 166 168 100 99 167 167 168 100 172 169 170 170 171 172 171 170 173 173 174 171 176 175 171 171 174 176 74 175 176 176 77 74 175 177 172 172 171 175 73 177 175 175 74 73 181 178 179 179 180 181 183 182 169 169 172 183 180 179 184 184 185 180 187 180 185 185 186 187 188 183 172 172 177 188 72 188 177 177 73 72 190 187 186 186 189 190 191 181 180 180 187 191 192 191 187 187 190 192 196 193 194 194 195 196 195 194 197 197 198 195 200 198 197 197 199 200 204 201 202 202 203 204 208 205 206 206 207 208 207 206 201 201 204 207 209 210 211 214 212 213 213 209 214 216 215 212 212 214 216 220 217 218 218 219 220 219 218 221 221 222 219 224 219 222 222 223 224 225 220 219 219 224 225 229 226 227 227 228 229 233 230 231 231 232 233 229 228 42 42 55 229 232 231 58 58 57 232 234 232 57 57 59 234 235 234 59 59 18 235 234 236 233 233 232 234 237 236 234 234 235 237 239 228 227 227 238 239 241 239 238 238 240 241 44 43 239 239 241 44 43 42 228 228 239 43 243 242 108 108 111 243 245 244 242 242 243 245 247 47 79 79 246 247 246 79 78 78 248 246 250 246 248 248 249 250 251 247 246 246 250 251 253 54 51 51 252 253 254 48 47 47 247 254 252 51 50 50 255 252 257 252 255 255 256 257 258 254 247 247 251 258 259 253 252 252 257 259 263 260 261 261 262 263 93 261 260 260 94 93 264 261 93 93 97 264 265 262 261 261 264 265 269 266 267 267 268 269 125 268 267 267 122 125 273 270 271 271 272 273 128 270 273 273 129 128 277 274 275 275 276 277 132 278 279 279 133 132 281 151 150 150 280 281 153 152 282 282 283 153 281 280 284 284 285 281 283 282 286 286 287 283 289 283 287 287 288 289 270 289 288 288 271 270 128 154 289 289 270 128 289 154 153 153 283 289 290 280 150 150 161 290 290 161 162 162 291 290 293 290 291 291 292 293 284 280 290 290 293 284 297 294 295 295 296 297 165 164 294 294 297 165 301 298 299 299 300 301 169 298 301 301 170 169 303 301 300 300 302 303 170 301 303 303 173 170 307 304 305 305 306 307 178 307 306 306 179 178 306 305 308 308 309 306 311 310 299 299 298 311 182 311 298 298 169 182 179 306 309 309 184 179 199 312 313 313 200 199 317 314 315 315 316 317 319 200 313 313 318 319 318 313 320 320 321 318 325 322 323 323 324 325 327 326 322 322 325 327 331 328 329 329 330 331 53 54 332 203 178 181 181 204 203 204 181 191 191 207 204 207 191 192 192 208 207 331 330 333 333 334 331 333 335 336 336 334 333 340 337 338 338 339 340 338 337 341 341 342 338 344 343 342 342 341 344 332 54 253 253 345 332 345 253 259 259 346 345 276 347 348 348 277 276 314 349 350 350 315 314 352 304 307 307 351 352 351 307 178 178 203 351 356 353 354 354 355 356 358 354 353 353 357 358 360 126 127 127 359 360 362 121 120 120 361 362 363 110 121 121 362 363 365 115 114 114 364 365 365 366 117 117 115 365 367 111 110 110 363 367 369 245 243 243 368 369 367 368 243 243 111 367 371 165 297 297 370 371 370 297 296 296 372 370 374 168 166 166 373 374 375 100 168 168 374 375 371 373 166 166 165 371 377 107 105 105 376 377 378 101 100 100 375 378 379 376 105 105 104 379 381 216 214 214 380 381 383 209 211 211 382 383 383 380 214 214 209 383 385 384 358 358 357 385 387 327 325 325 386 387 388 386 325 325 324 388 359 127 389 389 390 359 392 390 389 389 391 392 266 391 389 389 267 266 267 389 127 127 122 267 393 394 395 396 394 107 107 377 396 400 397 398 398 399 400 402 397 400 400 401 402 406 403 404 404 405 406 404 403 402 402 401 404 410 407 408 408 409 410 412 407 410 410 411 412 414 412 411 411 413 414 418 415 416 416 417 418 420 415 418 418 419 420 422 420 419 419 421 422 426 423 424 424 425 426 428 423 426 426 427 428 430 428 427 427 429 430 434 431 432 432 433 434 436 431 434 434 435 436 440 437 438 438 439 440 442 430 429 429 441 442 444 443 406 406 405 444 441 445 446 446 442 441 448 414 413 413 447 448 398 449 450 450 399 398 452 451 448 448 447 452 455 453 393 393 454 455 416 456 457 457 417 416 460 457 458 458 459 460 460 459 461 461 462 460 464 462 461 461 463 464 421 464 465 418 417 457 457 460 418 418 460 462 462 419 418 469 466 467 467 468 469 469 468 470 470 456 469 420 466 469 469 415 420 415 469 456 456 416 415 464 463 471 471 472 464 474 472 471 471 473 474 474 473 475 475 476 474 478 476 475 475 477 478 478 477 479 479 480 478 482 480 479 479 481 482 482 481 483 483 484 482 486 484 483 483 485 486 486 485 487 487 488 486 490 488 487 487 489 490 467 466 490 490 489 467 492 488 490 490 491 492 466 420 422 422 490 466 496 493 494 494 495 496 495 494 497 497 498 495 432 210 499 499 433 432 434 433 499 499 500 434 434 500 501 501 435 434 502 438 435 435 501 502 436 503 504 504 431 436 431 504 210 210 432 431 507 502 505 505 506 507 506 505 508 508 509 506 509 508 510 510 511 509 513 511 510 510 512 513 513 512 514 514 515 513 515 514 516 516 517 515 517 516 518 518 519 517 521 519 518 518 520 521 521 520 522 522 523 521 523 522 524 524 525 523 436 437 524 524 503 436 527 422 421 421 526 527 464 472 528 528 465 464 532 529 530 530 531 532 529 533 534 534 530 529 537 528 535 535 536 537 536 535 538 538 539 536 540 526 421 421 465 540 540 465 528 528 537 540 533 541 542 542 534 533 546 543 544 544 545 546 543 547 548 548 544 543 550 493 496 496 549 550 552 544 548 548 551 552 554 549 496 496 553 554 556 555 534 534 542 556 557 545 544 544 552 557 559 492 491 491 558 559 558 491 422 422 527 558 563 560 561 561 562 563 563 562 492 492 559 563 564 439 438 438 507 564 564 507 506 506 565 564 565 506 509 509 566 565 566 509 511 511 567 566 568 567 511 511 513 568 568 513 515 515 569 568 569 515 517 517 570 569 570 517 519 519 571 570 572 571 519 519 521 572 572 521 523 523 573 572 573 523 525 525 574 573 574 525 437 437 440 574 578 575 576 576 577 578 577 576 579 579 580 577 583 553 581 581 582 583 582 581 575 575 578 582 587 584 585 585 586 587 586 585 555 555 588 586 592 589 590 590 591 592 591 590 584 584 587 591 593 554 553 553 583 593 552 551 594 594 595 552 596 557 552 552 595 596 555 556 597 597 588 555 601 598 599 599 600 601 348 602 603 603 604 348 605 602 348 347 606 605 605 348 347 608 359 390 390 607 608 609 607 390 390 392 609 610 360 359 359 608 610 11 366 365 365 12 11 12 365 364 364 19 12 6 363 362 362 7 6 7 362 361 361 8 7 44 367 363 363 6 44 241 368 367 367 44 241 240 369 368 368 241 240 291 370 372 372 292 291 162 371 370 370 291 162 160 373 371 371 162 160 36 375 374 374 159 36 159 374 373 373 160 159 30 376 379 379 33 30 35 378 375 375 36 35 26 377 376 376 30 26 29 396 377 377 26 29 134 380 383 383 137 134 137 383 382 382 138 137 133 381 380 380 134 133 612 61 65 65 611 612 613 611 65 65 75 613 615 76 77 77 614 615 102 611 613 613 103 102 99 98 615 615 614 99 106 612 611 611 102 106 616 614 77 77 176 616 616 176 174 174 617 616 618 617 174 174 173 618 163 617 618 618 164 163 167 99 614 614 616 167 163 167 616 616 617 163 619 618 173 173 303 619 619 303 302 302 620 619 294 619 620 620 295 294 294 164 618 618 619 294 622 249 248 248 621 622 623 621 248 248 78 623 242 621 623 623 108 242 244 622 621 621 242 244 624 623 78 78 81 624 109 108 623 623 624 109 625 624 81 81 88 625 625 88 87 87 626 625 628 627 83 83 82 628 628 82 95 95 629 628 116 627 628 628 112 116 113 112 628 628 629 113 118 109 624 624 625 118 119 118 625 625 626 119 631 125 124 124 630 631 632 268 125 125 631 632 633 269 268 268 632 633 635 350 349 349 634 635 634 349 636 323 322 637 637 638 323 326 639 637 637 322 326 349 640 641 641 636 349 643 199 197 197 642 643 644 642 197 197 194 644 644 194 193 193 645 644 212 642 644 644 213 212 646 213 644 644 645 646 212 215 643 643 642 212 647 62 61 61 612 647 106 648 647 647 612 106 610 19 364 364 360 610 360 364 114 114 126 360 114 113 123 123 126 114 124 629 95 95 630 124 123 113 629 629 124 123 650 649 326 326 327 650 652 651 649 649 650 652 654 653 651 651 652 654 654 391 266 266 653 654 656 269 633 633 655 656 656 655 657 657 658 656 660 658 657 657 659 660 662 661 350 350 635 662 651 658 660 660 649 651 326 649 660 660 639 326 653 266 269 269 656 653 651 653 656 656 658 651 661 663 315 315 350 661 665 663 661 661 664 665 339 666 667 667 340 339 667 666 665 665 664 667 669 668 321 321 320 669 671 668 669 669 670 671 663 672 316 316 315 663 673 672 663 663 665 673 676 674 670 670 675 676 262 674 676 676 263 262 674 677 671 671 670 674 265 677 674 674 262 265 679 346 259 259 678 679 681 679 678 678 680 681 683 681 680 680 682 683 352 683 682 682 304 352 678 259 257 257 684 678 680 678 684 684 685 680 684 257 256 256 686 684 688 258 251 251 687 688 690 688 687 687 689 690 685 684 686 686 691 685 693 685 691 691 692 693 695 690 689 689 694 695 310 695 694 694 299 310 305 693 692 692 308 305 682 680 685 685 693 682 304 682 693 693 305 304 696 687 251 251 250 696 689 687 696 696 697 689 698 696 250 250 249 698 697 696 698 698 699 697 701 700 697 697 699 701 300 700 701 701 302 300 700 694 689 689 697 700 299 694 700 700 300 299 705 702 703 703 704 705 701 702 620 620 302 701 703 702 701 701 699 703 698 706 703 703 699 698 622 706 698 698 249 622 707 706 622 622 244 707 620 702 705 705 295 620 709 708 705 705 704 709 703 706 707 707 704 703 245 710 707 707 244 245 705 708 296 296 295 705 707 710 709 709 704 707 712 711 708 708 709 712 369 713 710 710 245 369 711 714 292 292 372 711 715 714 711 711 712 715 708 711 372 372 296 708 710 713 712 712 709 710 713 716 715 715 712 713 240 716 713 713 369 240 718 717 284 284 293 718 720 717 718 718 719 720 714 718 293 293 292 714 719 718 714 714 715 719 716 721 719 719 715 716 238 721 716 716 240 238 721 722 720 720 719 721 227 722 721 721 238 227 724 288 287 287 723 724 726 724 723 723 725 726 728 727 724 724 726 728 723 287 286 286 729 723 730 285 284 284 717 730 731 730 717 717 720 731 725 723 729 729 732 725 734 725 732 732 733 734 735 731 720 720 722 735 226 735 722 722 227 226 233 734 733 733 230 233 736 726 725 725 734 736 236 736 734 734 233 236 237 737 736 736 236 237 724 727 271 271 288 724 736 737 728 728 726 736 739 737 237 237 738 739 728 737 739 739 740 728 742 741 224 224 223 742 744 741 742 742 743 744 748 745 746 746 747 748 275 745 748 748 276 275 749 727 728 728 740 749 271 727 749 749 272 271 751 336 335 335 750 751 751 750 752 752 747 751 747 752 753 753 748 747 748 753 347 347 276 748 757 754 755 755 756 757 753 758 606 606 347 753 760 609 392 392 759 760 760 759 754 754 757 760 754 759 654 654 652 754 759 392 391 391 654 759 387 755 650 650 327 387 755 754 652 652 650 755 348 604 277 640 349 314 9 19 221 221 218 9 85 95 82 393 453 106 106 107 393 648 453 761 648 106 453 393 107 394 438 437 436 436 435 438 437 525 524 438 502 507 213 646 499 209 213 499 499 210 209 490 422 491 421 419 462 462 464 421 </p>
        </polylist>
      </mesh>
    </geometry>
  </library_geometries>
  <library_visual_scenes>
    <visual_scene id="root" name="root">
      <node id="dust_pan_opt:dustPan" name="dust_pan_opt:dustPan">
        <matrix>1 0 0 0 0 1 0 0 0 0 1 0 0 0 0 1</matrix>
        <instance_geometry url="#meshId0">
          <bind_material>
            <technique_common>
              <instance_material symbol="defaultMaterial" target="#dust_pan_opt_DustPan" />
            </technique_common>
          </bind_material>
        </instance_geometry>
      </node>
    </visual_scene>
  </library_visual_scenes>
  <scene>
    <instance_visual_scene url="#root" />
  </scene>
</COLLADA>
