<?xml version="1.0"?>
<COLLADA xmlns="http://www.collada.org/2005/11/COLLADASchema" version="1.4.1">
  <asset>
    <contributor>
      <author>Assimp</author>
      <authoring_tool>Assimp Exporter</authoring_tool>
    </contributor>
    <created>2020-04-01T17:53:31</created>
    <modified>2020-04-01T17:53:31</modified>
    <unit name="meter" meter="0.01" />
    <up_axis>Y_UP</up_axis>
  </asset>
  <library_effects>
    <effect id="1001-fx" name="1001">
      <profile_COMMON>
        <technique sid="standard">
          <phong>
            <diffuse>
              <color sid="diffuse">0.588235   0.588235   0.588235   1</color>
            </diffuse>
          </phong>
        </technique>
      </profile_COMMON>
    </effect>
  </library_effects>
  <library_materials>
    <material id="1001" name="1001">
      <instance_effect url="#1001-fx"/>
    </material>
  </library_materials>
  <library_geometries>
    <geometry id="meshId0" name="meshId0_name" >
      <mesh>
        <source id="meshId0-positions" name="meshId0-positions">
          <float_array id="meshId0-positions-array" count="15999"> 0.164536 -0.925161 0.122219 0.164536 -0.903886 0.122219 0.168686 -0.903886 0.137708 0.168686 -0.925161 0.137708 0.153197 -0.925161 0.11088 0.153197 -0.903886 0.11088 0.137708 -0.925161 0.10673 0.137708 -0.903886 0.10673 0.153197 -0.903886 0.11088 0.153197 -0.925161 0.11088 0.122219 -0.925161 0.11088 0.122219 -0.903886 0.11088 0.11088 -0.925161 0.122219 0.11088 -0.903886 0.122219 0.122219 -0.903886 0.11088 0.122219 -0.925161 0.11088 0.10673 -0.925161 0.137708 0.10673 -0.903886 0.137708 0.11088 -0.925161 0.153197 0.11088 -0.903886 0.153197 0.122219 -0.925161 0.164536 0.122219 -0.903886 0.164536 0.137708 -0.925161 0.168686 0.137708 -0.903886 0.168686 0.122219 -0.903886 0.164536 0.122219 -0.925161 0.164536 0.153197 -0.925161 0.164536 0.153197 -0.903886 0.164536 0.164536 -0.925161 0.153197 0.164536 -0.903886 0.153197 0.164536 -0.903886 0.153197 0.164536 -0.925161 0.153197 0.157264 -1 0.126417 0.164536 -1 0.122219 0.168686 -1 0.137708 0.160289 -1 0.137708 0.148999 -1 0.118152 0.153197 -1 0.11088 0.137708 -1 0.115127 0.137708 -1 0.10673 0.126417 -1 0.118152 0.122219 -1 0.11088 0.118152 -1 0.126417 0.11088 -1 0.122219 0.115127 -1 0.137708 0.10673 -1 0.137708 0.118152 -1 0.148999 0.11088 -1 0.153197 0.126417 -1 0.157264 0.122219 -1 0.164536 0.137708 -1 0.160289 0.137708 -1 0.168686 0.148999 -1 0.157264 0.153197 -1 0.164536 0.157264 -1 0.148999 0.164536 -1 0.153197 0.160289 1 0.137708 0.168686 1 0.137708 0.164536 1 0.122219 0.157264 1 0.126417 0.153197 1 0.11088 0.148999 1 0.118152 0.137708 1 0.10673 0.137708 1 0.115127 0.122219 1 0.11088 0.126417 1 0.118152 0.11088 1 0.122219 0.118152 1 0.126417 0.10673 1 0.137708 0.115127 1 0.137708 0.11088 1 0.153197 0.118152 1 0.148999 0.122219 1 0.164536 0.126417 1 0.157264 0.137708 1 0.168686 0.137708 1 0.160289 0.153197 1 0.164536 0.148999 1 0.157264 0.164536 1 0.153197 0.157264 1 0.148999 0.148999 -0.170908 0.157264 0.148999 -0.199708 0.157264 0.137708 -0.199708 0.160289 0.137708 -0.170908 0.160289 0.126417 -0.199708 0.157264 0.126417 -0.170908 0.157264 0.126417 -0.170908 0.157264 0.126417 -0.199708 0.157264 0.118152 -0.199708 0.148999 0.118152 -0.170908 0.148999 0.115127 -0.199708 0.137708 0.115127 -0.170908 0.137708 0.118152 -0.199708 0.126417 0.118152 -0.170908 0.126417 0.126417 -0.199708 0.118152 0.126417 -0.170908 0.118152 0.126417 -0.170908 0.118152 0.126417 -0.199708 0.118152 0.137708 -0.199708 0.115127 0.137708 -0.170908 0.115127 0.148999 -0.199708 0.118152 0.148999 -0.170908 0.118152 0.148999 -0.170908 0.118152 0.148999 -0.199708 0.118152 0.157264 -0.199708 0.126417 0.157264 -0.170908 0.126417 0.160289 -0.199708 0.137708 0.160289 -0.170908 0.137708 0.157264 -0.199708 0.148999 0.157264 -0.170908 0.148999 0.157264 -0.170908 0.148999 0.157264 -0.199708 0.148999 0.164536 1 0.122219 0.168686 1 0.137708 0.168686 -1 0.137708 0.164536 -1 0.122219 0.153197 1 0.11088 0.153197 -1 0.11088 0.137708 1 0.10673 0.153197 1 0.11088 0.153197 -1 0.11088 0.137708 -1 0.10673 0.122219 1 0.11088 0.122219 -1 0.11088 0.11088 1 0.122219 0.122219 1 0.11088 0.122219 -0.925161 0.11088 0.122219 -1 0.11088 0.11088 -1 0.122219 0.11088 -0.925161 0.122219 0.10673 1 0.137708 0.11088 -1 0.122219 0.10673 -1 0.137708 0.11088 1 0.153197 0.11088 -1 0.153197 0.122219 1 0.164536 0.122219 -1 0.164536 0.137708 1 0.168686 0.122219 1 0.164536 0.122219 -1 0.164536 0.137708 -1 0.168686 0.153197 1 0.164536 0.153197 -1 0.164536 0.164536 1 0.153197 0.164536 -1 0.153197 0.164536 1 0.153197 0.164536 -1 0.153197 0.148999 -1 0.157264 0.137708 -1 0.160289 0.137708 1 0.160289 0.148999 1 0.157264 0.126417 -1 0.157264 0.126417 1 0.157264 0.126417 -1 0.157264 0.118152 -1 0.148999 0.118152 1 0.148999 0.126417 1 0.157264 0.115127 -1 0.137708 0.115127 1 0.137708 0.118152 -1 0.126417 0.118152 1 0.126417 0.126417 -1 0.118152 0.126417 1 0.118152 0.126417 -1 0.118152 0.137708 -1 0.115127 0.137708 1 0.115127 0.126417 1 0.118152 0.148999 -1 0.118152 0.148999 1 0.118152 0.148999 -1 0.118152 0.157264 -1 0.126417 0.157264 1 0.126417 0.148999 1 0.118152 0.160289 -1 0.137708 0.160289 1 0.137708 0.157264 -1 0.148999 0.157264 1 0.148999 0.157264 -1 0.148999 0.157264 1 0.148999 0.164536 -0.925161 -0.153197 0.164536 -0.903886 -0.153197 0.168686 -0.903886 -0.137708 0.168686 -0.925161 -0.137708 0.153197 -0.925161 -0.164536 0.153197 -0.903886 -0.164536 0.137708 -0.925161 -0.168686 0.137708 -0.903886 -0.168686 0.153197 -0.903886 -0.164536 0.153197 -0.925161 -0.164536 0.122219 -0.925161 -0.164536 0.122219 -0.903886 -0.164536 0.11088 -0.925161 -0.153197 0.11088 -0.903886 -0.153197 0.122219 -0.903886 -0.164536 0.122219 -0.925161 -0.164536 0.10673 -0.925161 -0.137708 0.10673 -0.903886 -0.137708 0.11088 -0.925161 -0.122219 0.11088 -0.903886 -0.122219 0.122219 -0.925161 -0.11088 0.122219 -0.903886 -0.11088 0.137708 -0.925161 -0.10673 0.137708 -0.903886 -0.10673 0.122219 -0.903886 -0.11088 0.122219 -0.925161 -0.11088 0.153197 -0.925161 -0.11088 0.153197 -0.903886 -0.11088 0.164536 -0.925161 -0.122219 0.164536 -0.903886 -0.122219 0.164536 -0.903886 -0.122219 0.164536 -0.925161 -0.122219 0.157264 -1 -0.148999 0.164536 -1 -0.153197 0.168686 -1 -0.137708 0.160289 -1 -0.137708 0.148999 -1 -0.157264 0.153197 -1 -0.164536 0.137708 -1 -0.160289 0.137708 -1 -0.168686 0.126417 -1 -0.157264 0.122219 -1 -0.164536 0.118152 -1 -0.148999 0.11088 -1 -0.153197 0.115127 -1 -0.137708 0.10673 -1 -0.137708 0.118152 -1 -0.126417 0.11088 -1 -0.122219 0.126417 -1 -0.118152 0.122219 -1 -0.11088 0.137708 -1 -0.115127 0.137708 -1 -0.10673 0.148999 -1 -0.118152 0.153197 -1 -0.11088 0.157264 -1 -0.126417 0.164536 -1 -0.122219 0.160289 1 -0.137708 0.168686 1 -0.137708 0.164536 1 -0.153197 0.157264 1 -0.148999 0.153197 1 -0.164536 0.148999 1 -0.157264 0.137708 1 -0.168686 0.137708 1 -0.160289 0.122219 1 -0.164536 0.126417 1 -0.157264 0.11088 1 -0.153197 0.118152 1 -0.148999 0.10673 1 -0.137708 0.115127 1 -0.137708 0.11088 1 -0.122219 0.118152 1 -0.126417 0.122219 1 -0.11088 0.126417 1 -0.118152 0.137708 1 -0.10673 0.137708 1 -0.115127 0.153197 1 -0.11088 0.148999 1 -0.118152 0.164536 1 -0.122219 0.157264 1 -0.126417 0.148999 -0.170908 -0.118152 0.148999 -0.199708 -0.118152 0.137708 -0.199708 -0.115127 0.137708 -0.170908 -0.115127 0.126417 -0.199708 -0.118152 0.126417 -0.170908 -0.118152 0.118152 -0.199708 -0.126417 0.118152 -0.170908 -0.126417 0.118152 -0.170908 -0.126417 0.118152 -0.199708 -0.126417 0.115127 -0.199708 -0.137708 0.115127 -0.170908 -0.137708 0.118152 -0.199708 -0.148999 0.118152 -0.170908 -0.148999 0.126417 -0.199708 -0.157264 0.126417 -0.170908 -0.157264 0.126417 -0.170908 -0.157264 0.126417 -0.199708 -0.157264 0.137708 -0.199708 -0.160289 0.137708 -0.170908 -0.160289 0.148999 -0.199708 -0.157264 0.148999 -0.170908 -0.157264 0.148999 -0.170908 -0.157264 0.148999 -0.199708 -0.157264 0.157264 -0.199708 -0.148999 0.157264 -0.170908 -0.148999 0.160289 -0.199708 -0.137708 0.160289 -0.170908 -0.137708 0.157264 -0.199708 -0.126417 0.157264 -0.170908 -0.126417 0.157264 -0.170908 -0.126417 0.157264 -0.199708 -0.126417 0.164536 1 -0.153197 0.168686 1 -0.137708 0.168686 -1 -0.137708 0.164536 -1 -0.153197 0.153197 1 -0.164536 0.153197 -1 -0.164536 0.137708 1 -0.168686 0.153197 1 -0.164536 0.153197 -1 -0.164536 0.137708 -1 -0.168686 0.122219 1 -0.164536 0.122219 -1 -0.164536 0.11088 1 -0.153197 0.122219 1 -0.164536 0.122219 -1 -0.164536 0.11088 -1 -0.153197 0.10673 1 -0.137708 0.10673 -1 -0.137708 0.11088 1 -0.122219 0.11088 -1 -0.122219 0.122219 1 -0.11088 0.122219 -1 -0.11088 0.137708 1 -0.10673 0.122219 1 -0.11088 0.122219 -1 -0.11088 0.137708 -1 -0.10673 0.153197 1 -0.11088 0.153197 -1 -0.11088 0.164536 1 -0.122219 0.164536 -1 -0.122219 0.164536 1 -0.122219 0.164536 -1 -0.122219 0.148999 -1 -0.118152 0.137708 -1 -0.115127 0.137708 1 -0.115127 0.148999 1 -0.118152 0.126417 -1 -0.118152 0.126417 1 -0.118152 0.118152 -1 -0.126417 0.118152 1 -0.126417 0.118152 -1 -0.126417 0.115127 -1 -0.137708 0.115127 1 -0.137708 0.118152 1 -0.126417 0.118152 -1 -0.148999 0.118152 1 -0.148999 0.126417 -1 -0.157264 0.126417 1 -0.157264 0.126417 -1 -0.157264 0.137708 -1 -0.160289 0.137708 1 -0.160289 0.126417 1 -0.157264 0.148999 -1 -0.157264 0.148999 1 -0.157264 0.148999 -1 -0.157264 0.157264 -1 -0.148999 0.157264 1 -0.148999 0.148999 1 -0.157264 0.160289 -1 -0.137708 0.160289 1 -0.137708 0.157264 -1 -0.126417 0.157264 1 -0.126417 0.157264 -1 -0.126417 0.157264 1 -0.126417 -0.11088 -0.925161 -0.153197 -0.11088 -0.903886 -0.153197 -0.10673 -0.903886 -0.137708 -0.10673 -0.925161 -0.137708 -0.122219 -0.925161 -0.164536 -0.122219 -0.903886 -0.164536 -0.137708 -0.925161 -0.168686 -0.137708 -0.903886 -0.168686 -0.122219 -0.903886 -0.164536 -0.122219 -0.925161 -0.164536 -0.153197 -0.925161 -0.164536 -0.153197 -0.903886 -0.164536 -0.164536 -0.925161 -0.153197 -0.164536 -0.903886 -0.153197 -0.168686 -0.925161 -0.137708 -0.168686 -0.903886 -0.137708 -0.164536 -0.903886 -0.153197 -0.164536 -0.925161 -0.153197 -0.164536 -0.925161 -0.122219 -0.164536 -0.903886 -0.122219 -0.153197 -0.925161 -0.11088 -0.153197 -0.903886 -0.11088 -0.137708 -0.925161 -0.10673 -0.137708 -0.903886 -0.10673 -0.153197 -0.903886 -0.11088 -0.153197 -0.925161 -0.11088 -0.122219 -0.925161 -0.11088 -0.122219 -0.903886 -0.11088 -0.11088 -0.925161 -0.122219 -0.11088 -0.903886 -0.122219 -0.11088 -0.903886 -0.122219 -0.11088 -0.925161 -0.122219 -0.118152 -1 -0.148999 -0.11088 -1 -0.153197 -0.10673 -1 -0.137708 -0.115127 -1 -0.137708 -0.126417 -1 -0.157264 -0.122219 -1 -0.164536 -0.137708 -1 -0.160289 -0.137708 -1 -0.168686 -0.148999 -1 -0.157264 -0.153197 -1 -0.164536 -0.157264 -1 -0.148999 -0.164536 -1 -0.153197 -0.160289 -1 -0.137708 -0.168686 -1 -0.137708 -0.157264 -1 -0.126417 -0.164536 -1 -0.122219 -0.148999 -1 -0.118152 -0.153197 -1 -0.11088 -0.137708 -1 -0.115127 -0.137708 -1 -0.10673 -0.126417 -1 -0.118152 -0.122219 -1 -0.11088 -0.118152 -1 -0.126417 -0.11088 -1 -0.122219 -0.115127 1 -0.137708 -0.10673 1 -0.137708 -0.11088 1 -0.153197 -0.118152 1 -0.148999 -0.122219 1 -0.164536 -0.126417 1 -0.157264 -0.137708 1 -0.168686 -0.137708 1 -0.160289 -0.153197 1 -0.164536 -0.148999 1 -0.157264 -0.164536 1 -0.153197 -0.157264 1 -0.148999 -0.168686 1 -0.137708 -0.160289 1 -0.137708 -0.164536 1 -0.122219 -0.157264 1 -0.126417 -0.153197 1 -0.11088 -0.148999 1 -0.118152 -0.137708 1 -0.10673 -0.137708 1 -0.115127 -0.122219 1 -0.11088 -0.126417 1 -0.118152 -0.11088 1 -0.122219 -0.118152 1 -0.126417 -0.126417 -0.170908 -0.118152 -0.126417 -0.199708 -0.118152 -0.137708 -0.199708 -0.115127 -0.137708 -0.170908 -0.115127 -0.148999 -0.199708 -0.118152 -0.148999 -0.170908 -0.118152 -0.157264 -0.199708 -0.126417 -0.157264 -0.170908 -0.126417 -0.157264 -0.170908 -0.126417 -0.157264 -0.199708 -0.126417 -0.160289 -0.199708 -0.137708 -0.160289 -0.170908 -0.137708 -0.157264 -0.199708 -0.148999 -0.157264 -0.170908 -0.148999 -0.148999 -0.199708 -0.157264 -0.148999 -0.170908 -0.157264 -0.148999 -0.170908 -0.157264 -0.148999 -0.199708 -0.157264 -0.137708 -0.199708 -0.160289 -0.137708 -0.170908 -0.160289 -0.126417 -0.199708 -0.157264 -0.126417 -0.170908 -0.157264 -0.126417 -0.170908 -0.157264 -0.126417 -0.199708 -0.157264 -0.118152 -0.199708 -0.148999 -0.118152 -0.170908 -0.148999 -0.118152 -0.170908 -0.148999 -0.118152 -0.199708 -0.148999 -0.115127 -0.199708 -0.137708 -0.115127 -0.170908 -0.137708 -0.118152 -0.199708 -0.126417 -0.118152 -0.170908 -0.126417 -0.126417 -0.199708 -0.118152 -0.126417 -0.170908 -0.118152 -0.11088 1 -0.153197 -0.10673 1 -0.137708 -0.10673 -1 -0.137708 -0.11088 -1 -0.153197 -0.122219 1 -0.164536 -0.122219 -1 -0.164536 -0.137708 1 -0.168686 -0.122219 1 -0.164536 -0.122219 -1 -0.164536 -0.137708 -1 -0.168686 -0.153197 1 -0.164536 -0.153197 -1 -0.164536 -0.164536 1 -0.153197 -0.164536 -1 -0.153197 -0.168686 1 -0.137708 -0.164536 1 -0.153197 -0.164536 -1 -0.153197 -0.168686 -1 -0.137708 -0.164536 1 -0.122219 -0.164536 -1 -0.122219 -0.153197 1 -0.11088 -0.153197 -1 -0.11088 -0.137708 1 -0.10673 -0.153197 1 -0.11088 -0.153197 -1 -0.11088 -0.137708 -1 -0.10673 -0.122219 1 -0.11088 -0.122219 -1 -0.11088 -0.11088 1 -0.122219 -0.11088 -1 -0.122219 -0.11088 1 -0.122219 -0.11088 -1 -0.122219 -0.126417 -1 -0.118152 -0.137708 -1 -0.115127 -0.137708 1 -0.115127 -0.126417 1 -0.118152 -0.148999 -1 -0.118152 -0.148999 1 -0.118152 -0.157264 -1 -0.126417 -0.157264 1 -0.126417 -0.157264 -1 -0.126417 -0.160289 -1 -0.137708 -0.160289 1 -0.137708 -0.157264 1 -0.126417 -0.157264 -1 -0.148999 -0.157264 1 -0.148999 -0.148999 -1 -0.157264 -0.148999 1 -0.157264 -0.148999 -1 -0.157264 -0.137708 -1 -0.160289 -0.137708 1 -0.160289 -0.148999 1 -0.157264 -0.126417 -1 -0.157264 -0.126417 1 -0.157264 -0.126417 -0.199708 -0.157264 -0.126417 -1 -0.157264 -0.118152 -1 -0.148999 -0.118152 1 -0.148999 -0.126417 1 -0.157264 -0.126417 -0.170908 -0.157264 -0.115127 -1 -0.137708 -0.115127 1 -0.137708 -0.118152 -1 -0.126417 -0.118152 1 -0.126417 -0.126417 -1 -0.118152 -0.126417 1 -0.118152 -0.11088 -0.925161 0.122219 -0.11088 -0.903886 0.122219 -0.10673 -0.903886 0.137708 -0.10673 -0.925161 0.137708 -0.122219 -0.925161 0.11088 -0.122219 -0.903886 0.11088 -0.11088 -0.903886 0.122219 -0.11088 -0.925161 0.122219 -0.137708 -0.925161 0.10673 -0.137708 -0.903886 0.10673 -0.153197 -0.925161 0.11088 -0.153197 -0.903886 0.11088 -0.164536 -0.925161 0.122219 -0.164536 -0.903886 0.122219 -0.168686 -0.925161 0.137708 -0.168686 -0.903886 0.137708 -0.164536 -0.903886 0.122219 -0.164536 -0.925161 0.122219 -0.164536 -0.925161 0.153197 -0.164536 -0.903886 0.153197 -0.153197 -0.925161 0.164536 -0.153197 -0.903886 0.164536 -0.137708 -0.925161 0.168686 -0.137708 -0.903886 0.168686 -0.153197 -0.903886 0.164536 -0.153197 -0.925161 0.164536 -0.122219 -0.925161 0.164536 -0.122219 -0.903886 0.164536 -0.11088 -0.925161 0.153197 -0.11088 -0.903886 0.153197 -0.11088 -0.903886 0.153197 -0.11088 -0.925161 0.153197 -0.118152 -1 0.126417 -0.11088 -1 0.122219 -0.10673 -1 0.137708 -0.115127 -1 0.137708 -0.126417 -1 0.118152 -0.122219 -1 0.11088 -0.137708 -1 0.115127 -0.137708 -1 0.10673 -0.148999 -1 0.118152 -0.153197 -1 0.11088 -0.157264 -1 0.126417 -0.164536 -1 0.122219 -0.160289 -1 0.137708 -0.168686 -1 0.137708 -0.157264 -1 0.148999 -0.164536 -1 0.153197 -0.148999 -1 0.157264 -0.153197 -1 0.164536 -0.137708 -1 0.160289 -0.137708 -1 0.168686 -0.126417 -1 0.157264 -0.122219 -1 0.164536 -0.118152 -1 0.148999 -0.11088 -1 0.153197 -0.115127 1 0.137708 -0.10673 1 0.137708 -0.11088 1 0.122219 -0.118152 1 0.126417 -0.122219 1 0.11088 -0.126417 1 0.118152 -0.137708 1 0.10673 -0.137708 1 0.115127 -0.153197 1 0.11088 -0.148999 1 0.118152 -0.164536 1 0.122219 -0.157264 1 0.126417 -0.168686 1 0.137708 -0.160289 1 0.137708 -0.164536 1 0.153197 -0.157264 1 0.148999 -0.153197 1 0.164536 -0.148999 1 0.157264 -0.137708 1 0.168686 -0.137708 1 0.160289 -0.122219 1 0.164536 -0.126417 1 0.157264 -0.11088 1 0.153197 -0.118152 1 0.148999 -0.126417 -0.170908 0.157264 -0.126417 -0.199708 0.157264 -0.137708 -0.199708 0.160289 -0.137708 -0.170908 0.160289 -0.148999 -0.199708 0.157264 -0.148999 -0.170908 0.157264 -0.157264 -0.199708 0.148999 -0.157264 -0.170908 0.148999 -0.157264 -0.170908 0.148999 -0.157264 -0.199708 0.148999 -0.160289 -0.199708 0.137708 -0.160289 -0.170908 0.137708 -0.157264 -0.199708 0.126417 -0.157264 -0.170908 0.126417 -0.148999 -0.199708 0.118152 -0.148999 -0.170908 0.118152 -0.148999 -0.170908 0.118152 -0.148999 -0.199708 0.118152 -0.137708 -0.199708 0.115127 -0.137708 -0.170908 0.115127 -0.126417 -0.199708 0.118152 -0.126417 -0.170908 0.118152 -0.118152 -0.199708 0.126417 -0.118152 -0.170908 0.126417 -0.118152 -0.170908 0.126417 -0.118152 -0.199708 0.126417 -0.115127 -0.199708 0.137708 -0.115127 -0.170908 0.137708 -0.118152 -0.199708 0.148999 -0.118152 -0.170908 0.148999 -0.126417 -0.199708 0.157264 -0.126417 -0.170908 0.157264 -0.11088 1 0.122219 -0.10673 1 0.137708 -0.10673 -1 0.137708 -0.11088 -1 0.122219 -0.122219 1 0.11088 -0.11088 1 0.122219 -0.11088 -1 0.122219 -0.122219 -1 0.11088 -0.137708 1 0.10673 -0.137708 -1 0.10673 -0.153197 1 0.11088 -0.153197 -1 0.11088 -0.164536 1 0.122219 -0.164536 -1 0.122219 -0.168686 1 0.137708 -0.164536 1 0.122219 -0.164536 -1 0.122219 -0.168686 -1 0.137708 -0.164536 1 0.153197 -0.164536 -1 0.153197 -0.153197 1 0.164536 -0.153197 -1 0.164536 -0.137708 1 0.168686 -0.153197 1 0.164536 -0.153197 -1 0.164536 -0.137708 -1 0.168686 -0.122219 1 0.164536 -0.122219 -1 0.164536 -0.11088 1 0.153197 -0.11088 -1 0.153197 -0.11088 1 0.153197 -0.11088 -1 0.153197 -0.126417 -1 0.157264 -0.137708 -1 0.160289 -0.137708 1 0.160289 -0.126417 1 0.157264 -0.148999 -1 0.157264 -0.148999 1 0.157264 -0.157264 -1 0.148999 -0.157264 1 0.148999 -0.157264 -1 0.148999 -0.160289 -1 0.137708 -0.160289 1 0.137708 -0.157264 1 0.148999 -0.157264 -1 0.126417 -0.157264 1 0.126417 -0.148999 -1 0.118152 -0.148999 1 0.118152 -0.148999 -1 0.118152 -0.137708 -1 0.115127 -0.137708 1 0.115127 -0.148999 1 0.118152 -0.126417 -1 0.118152 -0.126417 1 0.118152 -0.118152 -1 0.126417 -0.118152 1 0.126417 -0.118152 -1 0.126417 -0.115127 -1 0.137708 -0.115127 1 0.137708 -0.118152 1 0.126417 -0.118152 -1 0.148999 -0.118152 1 0.148999 -0.126417 -1 0.157264 -0.126417 1 0.157264 0.137708 0.953084 0.105196 0.137708 0.953084 0.116233 0.151566 0.947343 0.116233 0.151566 0.947343 0.105196 0.151566 0.947343 0.105196 0.151566 0.947343 0.116233 0.157306 0.933485 0.116233 0.157306 0.933485 0.105196 0.151566 0.919627 0.116233 0.151566 0.919627 0.105196 0.151566 0.919627 0.105196 0.151566 0.919627 0.116233 0.137708 0.913887 0.116233 0.137708 0.913887 0.105196 0.12385 0.919627 0.116233 0.12385 0.919627 0.105196 0.12385 0.919627 0.105196 0.12385 0.919627 0.116233 0.11811 0.933485 0.116233 0.11811 0.933485 0.105196 0.12385 0.947343 0.116233 0.12385 0.947343 0.105196 0.12385 0.947343 0.105196 0.12385 0.947343 0.116233 0.148872 0.944649 0.10101 0.137708 0.949273 0.10101 0.126544 0.944649 0.10101 0.126544 0.944649 0.10101 0.12192 0.933485 0.10101 0.126544 0.922321 0.10101 0.126544 0.922321 0.10101 0.137708 0.917697 0.10101 0.148872 0.922321 0.10101 0.148872 0.922321 0.10101 0.153496 0.933485 0.10101 0.148872 0.944649 0.10101 0.148872 0.944649 -0.100255 0.137708 0.949273 -0.100255 0.153496 0.933485 -0.100255 0.148872 0.944649 -0.100255 0.148872 0.922321 -0.100255 0.137708 0.917697 -0.100255 0.148872 0.922321 -0.100255 0.126544 0.922321 -0.100255 0.12192 0.933485 -0.100255 0.126544 0.922321 -0.100255 0.126544 0.944649 -0.100255 0.126544 0.944649 -0.100255 0.137708 0.953084 -0.104441 0.151566 0.947343 -0.104441 0.151566 0.947343 -0.115478 0.137708 0.953084 -0.115478 0.151566 0.947343 -0.104441 0.157306 0.933485 -0.104441 0.157306 0.933485 -0.115478 0.151566 0.947343 -0.115478 0.151566 0.919627 -0.104441 0.151566 0.919627 -0.115478 0.151566 0.919627 -0.104441 0.137708 0.913887 -0.104441 0.137708 0.913887 -0.115478 0.151566 0.919627 -0.115478 0.12385 0.919627 -0.104441 0.12385 0.919627 -0.115478 0.12385 0.919627 -0.104441 0.11811 0.933485 -0.104441 0.11811 0.933485 -0.115478 0.12385 0.919627 -0.115478 0.12385 0.947343 -0.104441 0.12385 0.947343 -0.115478 0.12385 0.947343 -0.104441 0.12385 0.947343 -0.115478 0.113285 0.953084 0.116297 0.121089 0.953084 0.124101 0.130888 0.947343 0.114302 0.123084 0.947343 0.106498 0.123084 0.947343 0.106498 0.130888 0.947343 0.114302 0.134947 0.933485 0.110243 0.127143 0.933485 0.102439 0.127143 0.933485 0.102439 0.134947 0.933485 0.110243 0.130888 0.919627 0.114302 0.123084 0.919627 0.106498 0.123084 0.919627 0.106498 0.130888 0.919627 0.114302 0.121089 0.913887 0.124101 0.113285 0.913887 0.116297 0.11129 0.919627 0.133901 0.103486 0.919627 0.126097 0.103486 0.919627 0.126097 0.11129 0.919627 0.133901 0.107231 0.933485 0.137959 0.0994272 0.933485 0.130156 0.11129 0.947343 0.133901 0.103486 0.947343 0.126097 0.103486 0.947343 0.126097 0.11129 0.947343 0.133901 0.118219 0.944649 0.105443 0.110325 0.949273 0.113337 0.102431 0.944649 0.121231 0.103486 0.947343 0.126097 0.102431 0.944649 0.121231 0.0991613 0.933485 0.124501 0.0994272 0.933485 0.130156 0.102431 0.922321 0.121231 0.103486 0.919627 0.126097 0.102431 0.922321 0.121231 0.110325 0.917697 0.113337 0.118219 0.922321 0.105443 0.123084 0.919627 0.106498 0.118219 0.922321 0.105443 0.121489 0.933485 0.102173 0.127143 0.933485 0.102439 0.118219 0.944649 0.105443 0.123084 0.947343 0.106498 -0.103981 0.944649 -0.116757 -0.111875 0.949273 -0.108863 -0.100711 0.933485 -0.120026 -0.103981 0.944649 -0.116757 0.118219 0.944649 0.105443 0.121489 0.933485 0.102173 -0.103981 0.922321 -0.116757 0.118219 0.922321 0.105443 -0.111875 0.917697 -0.108863 -0.103981 0.922321 -0.116757 -0.119769 0.922321 -0.100969 -0.123039 0.933485 -0.0976988 -0.119769 0.922321 -0.100969 0.102431 0.922321 0.121231 0.0991613 0.933485 0.124501 -0.119769 0.944649 -0.100969 0.102431 0.944649 0.121231 -0.119769 0.944649 -0.100969 -0.114835 0.953084 -0.111823 -0.105036 0.947343 -0.121622 -0.11284 0.947343 -0.129426 -0.122639 0.953084 -0.119627 -0.105036 0.947343 -0.121622 -0.100977 0.933485 -0.125681 -0.108781 0.933485 -0.133485 -0.11284 0.947343 -0.129426 -0.105036 0.919627 -0.121622 -0.11284 0.919627 -0.129426 -0.105036 0.919627 -0.121622 -0.114835 0.913887 -0.111823 -0.122639 0.913887 -0.119627 -0.11284 0.919627 -0.129426 -0.124634 0.919627 -0.102024 -0.132438 0.919627 -0.109827 -0.124634 0.919627 -0.102024 -0.128693 0.933485 -0.0979647 -0.136497 0.933485 -0.105769 -0.132438 0.919627 -0.109827 -0.124634 0.947343 -0.102024 -0.132438 0.947343 -0.109828 -0.124634 0.947343 -0.102024 -0.132438 0.947343 -0.109828 -0.123039 0.933485 -0.0976988 -0.119769 0.944649 -0.100969 -0.124634 0.947343 -0.102024 -0.128693 0.933485 -0.0979647 -0.119769 0.922321 -0.100969 -0.124634 0.919627 -0.102024 -0.103981 0.922321 -0.116757 -0.111875 0.917697 -0.108863 -0.114835 0.913887 -0.111823 -0.105036 0.919627 -0.121622 -0.100711 0.933485 -0.120026 -0.103981 0.922321 -0.116757 -0.105036 0.919627 -0.121622 -0.100977 0.933485 -0.125681 -0.103981 0.944649 -0.116757 -0.105036 0.947343 -0.121622 -0.137708 0.661859 0.105471 -0.152236 0.655864 0.104946 -0.152236 0.654856 0.116472 -0.137708 0.660851 0.116997 -0.152236 0.655864 0.104946 -0.158254 0.641391 0.10368 -0.158254 0.640383 0.115206 -0.152236 0.654856 0.116472 -0.152236 0.626918 0.102414 -0.152236 0.625909 0.11394 -0.152236 0.626918 0.102414 -0.137708 0.620923 0.101889 -0.137708 0.619914 0.113415 -0.152236 0.625909 0.11394 -0.123179 0.626918 0.102414 -0.123179 0.62591 0.11394 -0.123179 0.626918 0.102414 -0.117162 0.641391 0.10368 -0.117162 0.640383 0.115206 -0.123179 0.62591 0.11394 -0.123179 0.655864 0.104946 -0.123179 0.654856 0.116472 -0.123179 0.655864 0.104946 -0.123179 0.654856 0.116472 -0.137708 0.658262 0.10075 -0.149412 0.653433 0.100328 -0.126004 0.653433 0.100328 -0.121156 0.641773 0.0993077 -0.126004 0.653433 0.100328 -0.126004 0.630114 0.0982877 -0.137708 0.625285 0.0978651 -0.126004 0.630114 0.0982877 -0.123179 0.626918 0.102414 -0.137708 0.620923 0.101889 -0.149412 0.630114 0.0982877 -0.152236 0.626918 0.102414 -0.15426 0.641773 0.0993077 -0.149412 0.630114 0.0982877 -0.149412 0.653433 0.100328 -0.137708 0.847884 -0.0743752 -0.148872 0.844614 -0.0776451 -0.148872 0.655056 0.0965375 -0.137708 0.658326 0.0998074 -0.148872 0.844614 -0.0776451 -0.153496 0.83672 -0.0855391 -0.153496 0.647162 0.0886435 -0.148872 0.655056 0.0965375 -0.148872 0.828826 -0.0934331 -0.148872 0.639268 0.0807495 -0.148872 0.828826 -0.0934331 -0.137708 0.825556 -0.0967029 -0.137708 0.635998 0.0774796 -0.148872 0.639268 0.0807495 -0.126544 0.828826 -0.0934331 -0.126544 0.639268 0.0807495 -0.126544 0.828826 -0.0934331 -0.12192 0.83672 -0.0855391 -0.12192 0.647162 0.0886435 -0.126544 0.639268 0.0807495 -0.126544 0.844614 -0.0776451 -0.126544 0.655056 0.0965375 -0.126544 0.844614 -0.0776451 -0.126544 0.655056 0.0965375 -0.137708 0.865638 -0.101941 -0.137708 0.866646 -0.113468 -0.152237 0.860651 -0.113992 -0.152237 0.859643 -0.102466 -0.152237 0.859643 -0.102466 -0.152237 0.860651 -0.113992 -0.158254 0.846178 -0.115258 -0.158254 0.845169 -0.103732 -0.152237 0.831705 -0.116525 -0.152237 0.830696 -0.104998 -0.152237 0.830696 -0.104998 -0.152237 0.831705 -0.116525 -0.137708 0.82571 -0.117049 -0.137708 0.824701 -0.105523 -0.123179 0.831705 -0.116525 -0.123179 0.830696 -0.104998 -0.123179 0.830696 -0.104998 -0.123179 0.831705 -0.116525 -0.117162 0.846178 -0.115258 -0.117162 0.845169 -0.103732 -0.12318 0.860651 -0.113992 -0.12318 0.859643 -0.102466 -0.12318 0.859643 -0.102466 -0.12318 0.860651 -0.113992 -0.152237 0.859643 -0.102466 -0.149412 0.856446 -0.09834 -0.137708 0.861276 -0.0979174 -0.137708 0.865638 -0.101941 -0.126004 0.856446 -0.09834 -0.12318 0.859643 -0.102466 -0.126004 0.856446 -0.09834 -0.121156 0.844787 -0.09936 -0.126004 0.833128 -0.10038 -0.126004 0.833128 -0.10038 -0.137708 0.828298 -0.100803 -0.149412 0.833128 -0.10038 -0.149412 0.833128 -0.10038 -0.15426 0.844787 -0.09936 -0.149412 0.856446 -0.09834 -0.137708 0.658326 0.0998074 -0.148872 0.655056 0.0965375 -0.148872 0.844614 -0.0776451 -0.137708 0.847884 -0.0743752 -0.137708 0.861276 -0.0979174 -0.149412 0.856446 -0.09834 -0.148872 0.639268 0.0807495 -0.137708 0.635998 0.0774796 -0.137708 0.625285 0.0978651 -0.149412 0.630114 0.0982877 -0.137708 0.825556 -0.0967029 -0.148872 0.828826 -0.0934331 -0.126544 0.639268 0.0807495 -0.126004 0.630114 0.0982877 -0.126544 0.828826 -0.0934331 -0.126544 0.655056 0.0965375 -0.126544 0.844614 -0.0776451 -0.126004 0.856446 -0.09834 -0.137708 0.461113 -0.103425 -0.137708 0.460104 -0.114952 -0.152236 0.454109 -0.114427 -0.152236 0.455118 -0.102901 -0.152236 0.455118 -0.102901 -0.152236 0.454109 -0.114427 -0.158254 0.439636 -0.113161 -0.158254 0.440645 -0.101635 -0.152236 0.425163 -0.111894 -0.152236 0.426171 -0.100368 -0.152236 0.426171 -0.100368 -0.152236 0.425163 -0.111894 -0.137708 0.419168 -0.11137 -0.137708 0.420176 -0.0998438 -0.123179 0.425163 -0.111895 -0.123179 0.426172 -0.100368 -0.123179 0.426172 -0.100368 -0.123179 0.425163 -0.111895 -0.117162 0.439636 -0.113161 -0.117162 0.440645 -0.101635 -0.123179 0.454109 -0.114427 -0.123179 0.455118 -0.102901 -0.123179 0.455118 -0.102901 -0.123179 0.454109 -0.114427 -0.149412 0.452686 -0.0982824 -0.137708 0.457516 -0.098705 -0.126004 0.452686 -0.0982824 -0.126004 0.452686 -0.0982824 -0.121156 0.441027 -0.0972624 -0.126004 0.429368 -0.0962423 -0.123179 0.426172 -0.100368 -0.126004 0.429368 -0.0962423 -0.137708 0.424538 -0.0958198 -0.137708 0.420176 -0.0998438 -0.149412 0.429368 -0.0962423 -0.152236 0.426171 -0.100368 -0.149412 0.429368 -0.0962423 -0.15426 0.441027 -0.0972624 -0.149412 0.452686 -0.0982824 -0.137708 0.647138 0.0764205 -0.137708 0.457579 -0.097762 -0.148872 0.45431 -0.0944922 -0.148872 0.643868 0.0796903 -0.148872 0.643868 0.0796903 -0.148872 0.45431 -0.0944922 -0.153496 0.446416 -0.0865982 -0.153496 0.635974 0.0875844 -0.148872 0.438522 -0.0787041 -0.148872 0.62808 0.0954784 -0.148872 0.62808 0.0954784 -0.148872 0.438522 -0.0787041 -0.137708 0.435252 -0.0754343 -0.137708 0.62481 0.0987482 -0.126544 0.438522 -0.0787041 -0.126544 0.62808 0.0954784 -0.126544 0.62808 0.0954784 -0.126544 0.438522 -0.0787041 -0.12192 0.446416 -0.0865981 -0.12192 0.635974 0.0875844 -0.126544 0.45431 -0.0944922 -0.126544 0.643868 0.0796904 -0.126544 0.643868 0.0796904 -0.126544 0.45431 -0.0944922 -0.137708 0.664891 0.103987 -0.152236 0.658896 0.104511 -0.152236 0.659905 0.116037 -0.137708 0.6659 0.115513 -0.152236 0.658896 0.104511 -0.158254 0.644423 0.105777 -0.158254 0.645432 0.117304 -0.152236 0.659905 0.116037 -0.152236 0.62995 0.107044 -0.152236 0.630958 0.11857 -0.152236 0.62995 0.107044 -0.137708 0.623955 0.107568 -0.137708 0.624963 0.119094 -0.152236 0.630958 0.11857 -0.123179 0.62995 0.107044 -0.123179 0.630958 0.11857 -0.123179 0.62995 0.107044 -0.117162 0.644423 0.105777 -0.117162 0.645432 0.117304 -0.123179 0.630958 0.11857 -0.123179 0.658896 0.104511 -0.123179 0.659905 0.116037 -0.123179 0.658896 0.104511 -0.123179 0.659905 0.116037 -0.137708 0.660529 0.0999627 -0.149412 0.6557 0.100385 -0.152236 0.658896 0.104511 -0.137708 0.664891 0.103987 -0.126004 0.6557 0.100385 -0.123179 0.658896 0.104511 -0.121156 0.644041 0.101405 -0.126004 0.6557 0.100385 -0.126004 0.632381 0.102425 -0.137708 0.627552 0.102848 -0.126004 0.632381 0.102425 -0.149412 0.632381 0.102425 -0.15426 0.644041 0.101405 -0.149412 0.632381 0.102425 -0.149412 0.6557 0.100385 -0.137708 0.457579 -0.097762 -0.148872 0.45431 -0.0944922 -0.148872 0.643868 0.0796903 -0.149412 0.6557 0.100385 -0.137708 0.660529 0.0999627 -0.137708 0.647138 0.0764205 -0.148872 0.438522 -0.0787041 -0.149412 0.429368 -0.0962423 -0.137708 0.424538 -0.0958198 -0.137708 0.435252 -0.0754343 -0.137708 0.62481 0.0987482 -0.148872 0.62808 0.0954784 -0.126004 0.429368 -0.0962423 -0.126544 0.438522 -0.0787041 -0.126544 0.62808 0.0954784 -0.126544 0.45431 -0.0944922 -0.126004 0.6557 0.100385 -0.126544 0.643868 0.0796904 -0.137708 0.248283 0.103168 -0.152236 0.242288 0.102644 -0.152236 0.24128 0.11417 -0.137708 0.247275 0.114695 -0.152236 0.242288 0.102644 -0.158254 0.227815 0.101378 -0.158254 0.226807 0.112904 -0.152236 0.24128 0.11417 -0.152236 0.213342 0.100111 -0.152236 0.212333 0.111638 -0.152236 0.213342 0.100111 -0.137708 0.207347 0.0995868 -0.137708 0.206338 0.111113 -0.152236 0.212333 0.111638 -0.123179 0.213342 0.100111 -0.123179 0.212333 0.111638 -0.123179 0.213342 0.100111 -0.117162 0.227815 0.101378 -0.117162 0.226807 0.112904 -0.123179 0.212333 0.111638 -0.123179 0.242288 0.102644 -0.123179 0.24128 0.11417 -0.123179 0.242288 0.102644 -0.123179 0.24128 0.11417 -0.137708 0.244686 0.098448 -0.149412 0.239857 0.0980255 -0.126004 0.239857 0.0980255 -0.121156 0.228198 0.0970054 -0.126004 0.239857 0.0980255 -0.126004 0.216538 0.0959854 -0.137708 0.211709 0.0955628 -0.126004 0.216538 0.0959854 -0.123179 0.213342 0.100111 -0.137708 0.207347 0.0995868 -0.149412 0.216538 0.0959854 -0.152236 0.213342 0.100111 -0.15426 0.228198 0.0970054 -0.149412 0.216538 0.0959854 -0.149412 0.239857 0.0980255 -0.137708 0.434308 -0.0766775 -0.148872 0.431038 -0.0799474 -0.148872 0.24148 0.0942352 -0.137708 0.24475 0.0975051 -0.148872 0.431038 -0.0799474 -0.153496 0.423144 -0.0878414 -0.153496 0.233586 0.0863412 -0.148872 0.24148 0.0942352 -0.148872 0.41525 -0.0957354 -0.148872 0.225692 0.0784472 -0.148872 0.41525 -0.0957354 -0.137708 0.41198 -0.0990052 -0.137708 0.222422 0.0751773 -0.148872 0.225692 0.0784472 -0.126544 0.41525 -0.0957354 -0.126544 0.225692 0.0784471 -0.126544 0.41525 -0.0957354 -0.12192 0.423144 -0.0878414 -0.12192 0.233586 0.0863412 -0.126544 0.225692 0.0784471 -0.126544 0.431038 -0.0799474 -0.126544 0.24148 0.0942352 -0.126544 0.431038 -0.0799474 -0.126544 0.24148 0.0942352 -0.137708 0.452062 -0.104244 -0.137708 0.45307 -0.11577 -0.152237 0.447075 -0.116294 -0.152237 0.446067 -0.104768 -0.152237 0.446067 -0.104768 -0.152237 0.447075 -0.116294 -0.158254 0.432602 -0.117561 -0.158254 0.431594 -0.106034 -0.152237 0.418129 -0.118827 -0.152237 0.41712 -0.107301 -0.152237 0.41712 -0.107301 -0.152237 0.418129 -0.118827 -0.137708 0.412134 -0.119351 -0.137708 0.411125 -0.107825 -0.123179 0.418129 -0.118827 -0.123179 0.41712 -0.107301 -0.123179 0.41712 -0.107301 -0.123179 0.418129 -0.118827 -0.117162 0.432602 -0.117561 -0.117162 0.431594 -0.106034 -0.12318 0.447075 -0.116294 -0.12318 0.446067 -0.104768 -0.12318 0.446067 -0.104768 -0.12318 0.447075 -0.116294 -0.152237 0.446067 -0.104768 -0.149412 0.44287 -0.100642 -0.137708 0.4477 -0.10022 -0.137708 0.452062 -0.104244 -0.126004 0.44287 -0.100642 -0.12318 0.446067 -0.104768 -0.126004 0.44287 -0.100642 -0.121156 0.431211 -0.101662 -0.126004 0.419552 -0.102682 -0.126004 0.419552 -0.102682 -0.137708 0.414722 -0.103105 -0.149412 0.419552 -0.102682 -0.149412 0.419552 -0.102682 -0.15426 0.431211 -0.101662 -0.149412 0.44287 -0.100642 -0.137708 0.24475 0.0975051 -0.148872 0.24148 0.0942352 -0.148872 0.431038 -0.0799474 -0.137708 0.434308 -0.0766775 -0.137708 0.4477 -0.10022 -0.149412 0.44287 -0.100642 -0.148872 0.225692 0.0784472 -0.137708 0.222422 0.0751773 -0.137708 0.211709 0.0955628 -0.149412 0.216538 0.0959854 -0.137708 0.41198 -0.0990052 -0.148872 0.41525 -0.0957354 -0.126544 0.225692 0.0784471 -0.126004 0.216538 0.0959854 -0.126544 0.41525 -0.0957354 -0.126544 0.24148 0.0942352 -0.126544 0.431038 -0.0799474 -0.126004 0.44287 -0.100642 -0.137708 0.0475367 -0.105728 -0.137708 0.0465283 -0.117254 -0.152236 0.0405332 -0.116729 -0.152236 0.0415417 -0.105203 -0.152236 0.0415417 -0.105203 -0.152236 0.0405332 -0.116729 -0.158254 0.0260601 -0.115463 -0.158254 0.0270685 -0.103937 -0.152236 0.0115869 -0.114197 -0.152236 0.0125953 -0.102671 -0.152236 0.0125953 -0.102671 -0.152236 0.0115869 -0.114197 -0.137708 0.00559185 -0.113672 -0.137708 0.00660028 -0.102146 -0.123179 0.011587 -0.114197 -0.123179 0.0125954 -0.102671 -0.123179 0.0125954 -0.102671 -0.123179 0.011587 -0.114197 -0.117162 0.0260601 -0.115463 -0.117162 0.0270685 -0.103937 -0.123179 0.0405333 -0.116729 -0.123179 0.0415417 -0.105203 -0.123179 0.0415417 -0.105203 -0.123179 0.0405333 -0.116729 -0.149412 0.0391103 -0.100585 -0.137708 0.0439398 -0.101007 -0.126004 0.0391103 -0.100585 -0.126004 0.0391103 -0.100585 -0.121156 0.027451 -0.0995647 -0.126004 0.0157916 -0.0985446 -0.123179 0.0125954 -0.102671 -0.126004 0.0157916 -0.0985446 -0.137708 0.0109621 -0.0981221 -0.137708 0.00660028 -0.102146 -0.149412 0.0157916 -0.0985446 -0.152236 0.0125953 -0.102671 -0.149412 0.0157916 -0.0985446 -0.15426 0.027451 -0.0995647 -0.149412 0.0391103 -0.100585 -0.137708 0.233561 0.0741182 -0.137708 0.0440033 -0.100064 -0.148872 0.0407335 -0.0967945 -0.148872 0.230292 0.077388 -0.148872 0.230292 0.077388 -0.148872 0.0407335 -0.0967945 -0.153496 0.0328395 -0.0889005 -0.153496 0.222398 0.0852821 -0.148872 0.0249455 -0.0810064 -0.148872 0.214504 0.0931761 -0.148872 0.214504 0.0931761 -0.148872 0.0249455 -0.0810064 -0.137708 0.0216757 -0.0777366 -0.137708 0.211234 0.0964459 -0.126544 0.0249455 -0.0810064 -0.126544 0.214504 0.0931761 -0.126544 0.214504 0.0931761 -0.126544 0.0249455 -0.0810064 -0.12192 0.0328395 -0.0889005 -0.12192 0.222398 0.0852821 -0.126544 0.0407335 -0.0967945 -0.126544 0.230292 0.0773881 -0.126544 0.230292 0.0773881 -0.126544 0.0407335 -0.0967945 -0.137708 0.251315 0.101684 -0.152236 0.24532 0.102209 -0.152236 0.246329 0.113735 -0.137708 0.252324 0.113211 -0.152236 0.24532 0.102209 -0.158254 0.230847 0.103475 -0.158254 0.231855 0.115001 -0.152236 0.246329 0.113735 -0.152236 0.216374 0.104741 -0.152236 0.217382 0.116268 -0.152236 0.216374 0.104741 -0.137708 0.210379 0.105266 -0.137708 0.211387 0.116792 -0.152236 0.217382 0.116268 -0.123179 0.216374 0.104741 -0.123179 0.217382 0.116268 -0.123179 0.216374 0.104741 -0.117162 0.230847 0.103475 -0.117162 0.231855 0.115001 -0.123179 0.217382 0.116268 -0.123179 0.24532 0.102209 -0.123179 0.246329 0.113735 -0.123179 0.24532 0.102209 -0.123179 0.246329 0.113735 -0.137708 0.246953 0.0976604 -0.149412 0.242124 0.0980829 -0.152236 0.24532 0.102209 -0.137708 0.251315 0.101684 -0.126004 0.242124 0.0980829 -0.123179 0.24532 0.102209 -0.121156 0.230465 0.099103 -0.126004 0.242124 0.0980829 -0.126004 0.218805 0.100123 -0.137708 0.213976 0.100546 -0.126004 0.218805 0.100123 -0.149412 0.218805 0.100123 -0.15426 0.230465 0.099103 -0.149412 0.218805 0.100123 -0.149412 0.242124 0.0980829 -0.137708 0.0440033 -0.100064 -0.148872 0.0407335 -0.0967945 -0.148872 0.230292 0.077388 -0.149412 0.242124 0.0980829 -0.137708 0.246953 0.0976604 -0.137708 0.233561 0.0741182 -0.148872 0.0249455 -0.0810064 -0.149412 0.0157916 -0.0985446 -0.137708 0.0109621 -0.0981221 -0.137708 0.0216757 -0.0777366 -0.137708 0.211234 0.0964459 -0.148872 0.214504 0.0931761 -0.126004 0.0157916 -0.0985446 -0.126544 0.0249455 -0.0810064 -0.126544 0.214504 0.0931761 -0.126544 0.0407335 -0.0967945 -0.126004 0.242124 0.0980829 -0.126544 0.230292 0.0773881 -0.137708 -0.160147 0.105471 -0.152236 -0.166142 0.104946 -0.152236 -0.16715 0.116472 -0.137708 -0.161155 0.116997 -0.152236 -0.166142 0.104946 -0.158254 -0.180615 0.10368 -0.158254 -0.181623 0.115206 -0.152236 -0.16715 0.116472 -0.152236 -0.195088 0.102414 -0.152236 -0.196096 0.11394 -0.152236 -0.195088 0.102414 -0.137708 -0.201083 0.101889 -0.137708 -0.202091 0.113415 -0.152236 -0.196096 0.11394 -0.123179 -0.195088 0.102414 -0.123179 -0.196096 0.11394 -0.123179 -0.195088 0.102414 -0.117162 -0.180615 0.10368 -0.117162 -0.181623 0.115206 -0.123179 -0.196096 0.11394 -0.123179 -0.166142 0.104946 -0.123179 -0.16715 0.116472 -0.123179 -0.166142 0.104946 -0.123179 -0.16715 0.116472 -0.137708 -0.163744 0.10075 -0.149412 -0.168573 0.100328 -0.126004 -0.168573 0.100328 -0.121156 -0.180232 0.0993077 -0.126004 -0.168573 0.100328 -0.126004 -0.191892 0.0982877 -0.137708 -0.196721 0.0978651 -0.126004 -0.191892 0.0982877 -0.123179 -0.195088 0.102414 -0.137708 -0.201083 0.101889 -0.149412 -0.191892 0.0982877 -0.152236 -0.195088 0.102414 -0.15426 -0.180232 0.0993077 -0.149412 -0.191892 0.0982877 -0.149412 -0.168573 0.100328 -0.137708 0.0258781 -0.0743752 -0.148872 0.0226084 -0.0776451 -0.148872 -0.16695 0.0965375 -0.137708 -0.16368 0.0998074 -0.148872 0.0226084 -0.0776451 -0.153496 0.0147143 -0.0855391 -0.153496 -0.174844 0.0886435 -0.148872 -0.16695 0.0965375 -0.148872 0.00682032 -0.0934331 -0.148872 -0.182738 0.0807495 -0.148872 0.00682032 -0.0934331 -0.137708 0.00355045 -0.0967029 -0.137708 -0.186008 0.0774796 -0.148872 -0.182738 0.0807495 -0.126544 0.00682032 -0.0934331 -0.126544 -0.182738 0.0807495 -0.126544 0.00682032 -0.0934331 -0.12192 0.0147143 -0.0855391 -0.12192 -0.174844 0.0886435 -0.126544 -0.182738 0.0807495 -0.126544 0.0226084 -0.0776451 -0.126544 -0.16695 0.0965375 -0.126544 0.0226084 -0.0776451 -0.126544 -0.16695 0.0965375 -0.137708 0.0436319 -0.101941 -0.137708 0.0446404 -0.113468 -0.152237 0.0386454 -0.113992 -0.152237 0.037637 -0.102466 -0.152237 0.037637 -0.102466 -0.152237 0.0386454 -0.113992 -0.158254 0.0241722 -0.115258 -0.158254 0.0231637 -0.103732 -0.152237 0.0096989 -0.116525 -0.152237 0.00869055 -0.104998 -0.152237 0.00869055 -0.104998 -0.152237 0.0096989 -0.116525 -0.137708 0.00370394 -0.117049 -0.137708 0.00269551 -0.105523 -0.123179 0.00969905 -0.116525 -0.123179 0.00869063 -0.104998 -0.123179 0.00869063 -0.104998 -0.123179 0.00969905 -0.116525 -0.117162 0.0241722 -0.115258 -0.117162 0.0231637 -0.103732 -0.12318 0.0386454 -0.113992 -0.12318 0.037637 -0.102466 -0.12318 0.037637 -0.102466 -0.12318 0.0386454 -0.113992 -0.152237 0.037637 -0.102466 -0.149412 0.0344406 -0.09834 -0.137708 0.0392701 -0.0979174 -0.137708 0.0436319 -0.101941 -0.126004 0.0344406 -0.09834 -0.12318 0.037637 -0.102466 -0.126004 0.0344406 -0.09834 -0.121156 0.0227813 -0.09936 -0.126004 0.0111219 -0.10038 -0.126004 0.0111219 -0.10038 -0.137708 0.0062924 -0.100803 -0.149412 0.0111219 -0.10038 -0.149412 0.0111219 -0.10038 -0.15426 0.0227813 -0.09936 -0.149412 0.0344406 -0.09834 -0.137708 -0.16368 0.0998074 -0.148872 -0.16695 0.0965375 -0.148872 0.0226084 -0.0776451 -0.137708 0.0258781 -0.0743752 -0.137708 0.0392701 -0.0979174 -0.149412 0.0344406 -0.09834 -0.148872 -0.182738 0.0807495 -0.137708 -0.186008 0.0774796 -0.137708 -0.196721 0.0978651 -0.149412 -0.191892 0.0982877 -0.137708 0.00355045 -0.0967029 -0.148872 0.00682032 -0.0934331 -0.126544 -0.182738 0.0807495 -0.126004 -0.191892 0.0982877 -0.126544 0.00682032 -0.0934331 -0.126544 -0.16695 0.0965375 -0.126544 0.0226084 -0.0776451 -0.126004 0.0344406 -0.09834 -0.137708 -0.360893 -0.103425 -0.137708 -0.361901 -0.114952 -0.152236 -0.367896 -0.114427 -0.152236 -0.366888 -0.102901 -0.152236 -0.366888 -0.102901 -0.152236 -0.367896 -0.114427 -0.158254 -0.382369 -0.113161 -0.158254 -0.381361 -0.101635 -0.152236 -0.396843 -0.111894 -0.152236 -0.395834 -0.100368 -0.152236 -0.395834 -0.100368 -0.152236 -0.396843 -0.111894 -0.137708 -0.402838 -0.11137 -0.137708 -0.401829 -0.0998438 -0.123179 -0.396843 -0.111895 -0.123179 -0.395834 -0.100368 -0.123179 -0.395834 -0.100368 -0.123179 -0.396843 -0.111895 -0.117162 -0.382369 -0.113161 -0.117162 -0.381361 -0.101635 -0.123179 -0.367896 -0.114427 -0.123179 -0.366888 -0.102901 -0.123179 -0.366888 -0.102901 -0.123179 -0.367896 -0.114427 -0.149412 -0.369319 -0.0982824 -0.137708 -0.36449 -0.098705 -0.126004 -0.369319 -0.0982824 -0.126004 -0.369319 -0.0982824 -0.121156 -0.380978 -0.0972624 -0.126004 -0.392638 -0.0962423 -0.123179 -0.395834 -0.100368 -0.126004 -0.392638 -0.0962423 -0.137708 -0.397467 -0.0958198 -0.137708 -0.401829 -0.0998438 -0.149412 -0.392638 -0.0962423 -0.152236 -0.395834 -0.100368 -0.149412 -0.392638 -0.0962423 -0.15426 -0.380978 -0.0972624 -0.149412 -0.369319 -0.0982824 -0.137708 -0.174868 0.0764205 -0.137708 -0.364426 -0.097762 -0.148872 -0.367696 -0.0944922 -0.148872 -0.178138 0.0796903 -0.148872 -0.178138 0.0796903 -0.148872 -0.367696 -0.0944922 -0.153496 -0.37559 -0.0865982 -0.153496 -0.186032 0.0875844 -0.148872 -0.383484 -0.0787041 -0.148872 -0.193926 0.0954784 -0.148872 -0.193926 0.0954784 -0.148872 -0.383484 -0.0787041 -0.137708 -0.386754 -0.0754343 -0.137708 -0.197196 0.0987482 -0.126544 -0.383484 -0.0787041 -0.126544 -0.193926 0.0954784 -0.126544 -0.193926 0.0954784 -0.126544 -0.383484 -0.0787041 -0.12192 -0.37559 -0.0865981 -0.12192 -0.186032 0.0875844 -0.126544 -0.367696 -0.0944922 -0.126544 -0.178138 0.0796904 -0.126544 -0.178138 0.0796904 -0.126544 -0.367696 -0.0944922 -0.137708 -0.157114 0.103987 -0.152236 -0.163109 0.104511 -0.152236 -0.162101 0.116037 -0.137708 -0.156106 0.115513 -0.152236 -0.163109 0.104511 -0.158254 -0.177582 0.105777 -0.158254 -0.176574 0.117304 -0.152236 -0.162101 0.116037 -0.152236 -0.192056 0.107044 -0.152236 -0.191047 0.11857 -0.152236 -0.192056 0.107044 -0.137708 -0.198051 0.107568 -0.137708 -0.197042 0.119094 -0.152236 -0.191047 0.11857 -0.123179 -0.192056 0.107044 -0.123179 -0.191047 0.11857 -0.123179 -0.192056 0.107044 -0.117162 -0.177582 0.105777 -0.117162 -0.176574 0.117304 -0.123179 -0.191047 0.11857 -0.123179 -0.163109 0.104511 -0.123179 -0.162101 0.116037 -0.123179 -0.163109 0.104511 -0.123179 -0.162101 0.116037 -0.137708 -0.161476 0.0999627 -0.149412 -0.166306 0.100385 -0.152236 -0.163109 0.104511 -0.137708 -0.157114 0.103987 -0.126004 -0.166306 0.100385 -0.123179 -0.163109 0.104511 -0.121156 -0.177965 0.101405 -0.126004 -0.166306 0.100385 -0.126004 -0.189624 0.102425 -0.137708 -0.194454 0.102848 -0.126004 -0.189624 0.102425 -0.149412 -0.189624 0.102425 -0.15426 -0.177965 0.101405 -0.149412 -0.189624 0.102425 -0.149412 -0.166306 0.100385 -0.137708 -0.364426 -0.097762 -0.148872 -0.367696 -0.0944922 -0.148872 -0.178138 0.0796903 -0.149412 -0.166306 0.100385 -0.137708 -0.161476 0.0999627 -0.137708 -0.174868 0.0764205 -0.148872 -0.383484 -0.0787041 -0.149412 -0.392638 -0.0962423 -0.137708 -0.397467 -0.0958198 -0.137708 -0.386754 -0.0754343 -0.137708 -0.197196 0.0987482 -0.148872 -0.193926 0.0954784 -0.126004 -0.392638 -0.0962423 -0.126544 -0.383484 -0.0787041 -0.126544 -0.193926 0.0954784 -0.126544 -0.367696 -0.0944922 -0.126004 -0.166306 0.100385 -0.126544 -0.178138 0.0796904 -0.137708 -0.573722 0.103168 -0.152236 -0.579717 0.102644 -0.152236 -0.580726 0.11417 -0.137708 -0.574731 0.114695 -0.152236 -0.579717 0.102644 -0.158254 -0.594191 0.101378 -0.158254 -0.595199 0.112904 -0.152236 -0.580726 0.11417 -0.152236 -0.608664 0.100111 -0.152236 -0.609672 0.111638 -0.152236 -0.608664 0.100111 -0.137708 -0.614659 0.0995868 -0.137708 -0.615667 0.111113 -0.152236 -0.609672 0.111638 -0.123179 -0.608664 0.100111 -0.123179 -0.609672 0.111638 -0.123179 -0.608664 0.100111 -0.117162 -0.594191 0.101378 -0.117162 -0.595199 0.112904 -0.123179 -0.609672 0.111638 -0.123179 -0.579717 0.102644 -0.123179 -0.580726 0.11417 -0.123179 -0.579717 0.102644 -0.123179 -0.580726 0.11417 -0.137708 -0.577319 0.098448 -0.149412 -0.582149 0.0980255 -0.126004 -0.582149 0.0980255 -0.121156 -0.593808 0.0970054 -0.126004 -0.582149 0.0980255 -0.126004 -0.605467 0.0959854 -0.137708 -0.610297 0.0955628 -0.126004 -0.605467 0.0959854 -0.123179 -0.608664 0.100111 -0.137708 -0.614659 0.0995868 -0.149412 -0.605467 0.0959854 -0.152236 -0.608664 0.100111 -0.15426 -0.593808 0.0970054 -0.149412 -0.605467 0.0959854 -0.149412 -0.582149 0.0980255 -0.137708 -0.387698 -0.0766775 -0.148872 -0.390967 -0.0799474 -0.148872 -0.580526 0.0942352 -0.137708 -0.577256 0.0975051 -0.148872 -0.390967 -0.0799474 -0.153496 -0.398861 -0.0878414 -0.153496 -0.58842 0.0863412 -0.148872 -0.580526 0.0942352 -0.148872 -0.406756 -0.0957354 -0.148872 -0.596314 0.0784472 -0.148872 -0.406756 -0.0957354 -0.137708 -0.410025 -0.0990052 -0.137708 -0.599583 0.0751773 -0.148872 -0.596314 0.0784472 -0.126544 -0.406755 -0.0957354 -0.126544 -0.596314 0.0784471 -0.126544 -0.406755 -0.0957354 -0.12192 -0.398861 -0.0878414 -0.12192 -0.58842 0.0863412 -0.126544 -0.596314 0.0784471 -0.126544 -0.390967 -0.0799474 -0.126544 -0.580526 0.0942352 -0.126544 -0.390967 -0.0799474 -0.126544 -0.580526 0.0942352 -0.137708 -0.369944 -0.104244 -0.137708 -0.368935 -0.11577 -0.152237 -0.37493 -0.116294 -0.152237 -0.375939 -0.104768 -0.152237 -0.375939 -0.104768 -0.152237 -0.37493 -0.116294 -0.158254 -0.389404 -0.117561 -0.158254 -0.390412 -0.106034 -0.152237 -0.403877 -0.118827 -0.152237 -0.404885 -0.107301 -0.152237 -0.404885 -0.107301 -0.152237 -0.403877 -0.118827 -0.137708 -0.409872 -0.119351 -0.137708 -0.41088 -0.107825 -0.123179 -0.403877 -0.118827 -0.123179 -0.404885 -0.107301 -0.123179 -0.404885 -0.107301 -0.123179 -0.403877 -0.118827 -0.117162 -0.389404 -0.117561 -0.117162 -0.390412 -0.106034 -0.12318 -0.37493 -0.116294 -0.12318 -0.375939 -0.104768 -0.12318 -0.375939 -0.104768 -0.12318 -0.37493 -0.116294 -0.152237 -0.375939 -0.104768 -0.149412 -0.379135 -0.100642 -0.137708 -0.374306 -0.10022 -0.137708 -0.369944 -0.104244 -0.126004 -0.379135 -0.100642 -0.12318 -0.375939 -0.104768 -0.126004 -0.379135 -0.100642 -0.121156 -0.390795 -0.101662 -0.126004 -0.402454 -0.102682 -0.126004 -0.402454 -0.102682 -0.137708 -0.407283 -0.103105 -0.149412 -0.402454 -0.102682 -0.149412 -0.402454 -0.102682 -0.15426 -0.390795 -0.101662 -0.149412 -0.379135 -0.100642 -0.137708 -0.577256 0.0975051 -0.148872 -0.580526 0.0942352 -0.148872 -0.390967 -0.0799474 -0.137708 -0.387698 -0.0766775 -0.137708 -0.374306 -0.10022 -0.149412 -0.379135 -0.100642 -0.148872 -0.596314 0.0784472 -0.137708 -0.599583 0.0751773 -0.137708 -0.610297 0.0955628 -0.149412 -0.605467 0.0959854 -0.137708 -0.410025 -0.0990052 -0.148872 -0.406756 -0.0957354 -0.126544 -0.596314 0.0784471 -0.126004 -0.605467 0.0959854 -0.126544 -0.406755 -0.0957354 -0.126544 -0.580526 0.0942352 -0.126544 -0.390967 -0.0799474 -0.126004 -0.379135 -0.100642 -0.137708 -0.774469 -0.105728 -0.137708 -0.775477 -0.117254 -0.152236 -0.781472 -0.116729 -0.152236 -0.780464 -0.105203 -0.152236 -0.780464 -0.105203 -0.152236 -0.781472 -0.116729 -0.158254 -0.795945 -0.115463 -0.158254 -0.794937 -0.103937 -0.152236 -0.810419 -0.114197 -0.152236 -0.80941 -0.102671 -0.152236 -0.80941 -0.102671 -0.152236 -0.810419 -0.114197 -0.137708 -0.816414 -0.113672 -0.137708 -0.815405 -0.102146 -0.123179 -0.810419 -0.114197 -0.123179 -0.80941 -0.102671 -0.123179 -0.80941 -0.102671 -0.123179 -0.810419 -0.114197 -0.117162 -0.795945 -0.115463 -0.117162 -0.794937 -0.103937 -0.123179 -0.781472 -0.116729 -0.123179 -0.780464 -0.105203 -0.123179 -0.780464 -0.105203 -0.123179 -0.781472 -0.116729 -0.149412 -0.782895 -0.100585 -0.137708 -0.778066 -0.101007 -0.126004 -0.782895 -0.100585 -0.126004 -0.782895 -0.100585 -0.121156 -0.794555 -0.0995647 -0.126004 -0.806214 -0.0985446 -0.123179 -0.80941 -0.102671 -0.126004 -0.806214 -0.0985446 -0.137708 -0.811043 -0.0981221 -0.137708 -0.815405 -0.102146 -0.149412 -0.806214 -0.0985446 -0.152236 -0.80941 -0.102671 -0.149412 -0.806214 -0.0985446 -0.15426 -0.794555 -0.0995647 -0.149412 -0.782895 -0.100585 -0.137708 -0.588444 0.0741182 -0.137708 -0.778002 -0.100064 -0.148872 -0.781272 -0.0967945 -0.148872 -0.591714 0.077388 -0.148872 -0.591714 0.077388 -0.148872 -0.781272 -0.0967945 -0.153496 -0.789166 -0.0889005 -0.153496 -0.599608 0.0852821 -0.148872 -0.79706 -0.0810064 -0.148872 -0.607502 0.0931761 -0.148872 -0.607502 0.0931761 -0.148872 -0.79706 -0.0810064 -0.137708 -0.80033 -0.0777366 -0.137708 -0.610772 0.0964459 -0.126544 -0.79706 -0.0810064 -0.126544 -0.607502 0.0931761 -0.126544 -0.607502 0.0931761 -0.126544 -0.79706 -0.0810064 -0.12192 -0.789166 -0.0889005 -0.12192 -0.599608 0.0852821 -0.126544 -0.781272 -0.0967945 -0.126544 -0.591714 0.0773881 -0.126544 -0.591714 0.0773881 -0.126544 -0.781272 -0.0967945 -0.137708 -0.57069 0.101684 -0.152236 -0.576685 0.102209 -0.152236 -0.575677 0.113735 -0.137708 -0.569682 0.113211 -0.152236 -0.576685 0.102209 -0.158254 -0.591159 0.103475 -0.158254 -0.59015 0.115001 -0.152236 -0.575677 0.113735 -0.152236 -0.605632 0.104741 -0.152236 -0.604623 0.116268 -0.152236 -0.605632 0.104741 -0.137708 -0.611627 0.105266 -0.137708 -0.610618 0.116792 -0.152236 -0.604623 0.116268 -0.123179 -0.605632 0.104741 -0.123179 -0.604623 0.116268 -0.123179 -0.605632 0.104741 -0.117162 -0.591159 0.103475 -0.117162 -0.59015 0.115001 -0.123179 -0.604623 0.116268 -0.123179 -0.576685 0.102209 -0.123179 -0.575677 0.113735 -0.123179 -0.576685 0.102209 -0.123179 -0.575677 0.113735 -0.137708 -0.575052 0.0976604 -0.149412 -0.579882 0.0980829 -0.152236 -0.576685 0.102209 -0.137708 -0.57069 0.101684 -0.126004 -0.579882 0.0980829 -0.123179 -0.576685 0.102209 -0.121156 -0.591541 0.099103 -0.126004 -0.579882 0.0980829 -0.126004 -0.6032 0.100123 -0.137708 -0.60803 0.100546 -0.126004 -0.6032 0.100123 -0.149412 -0.6032 0.100123 -0.15426 -0.591541 0.099103 -0.149412 -0.6032 0.100123 -0.149412 -0.579882 0.0980829 -0.137708 -0.778002 -0.100064 -0.148872 -0.781272 -0.0967945 -0.148872 -0.591714 0.077388 -0.149412 -0.579882 0.0980829 -0.137708 -0.575052 0.0976604 -0.137708 -0.588444 0.0741182 -0.148872 -0.79706 -0.0810064 -0.149412 -0.806214 -0.0985446 -0.137708 -0.811043 -0.0981221 -0.137708 -0.80033 -0.0777366 -0.137708 -0.610772 0.0964459 -0.148872 -0.607502 0.0931761 -0.126004 -0.806214 -0.0985446 -0.126544 -0.79706 -0.0810064 -0.126544 -0.607502 0.0931761 -0.126544 -0.781272 -0.0967945 -0.126004 -0.579882 0.0980829 -0.126544 -0.591714 0.0773881 -0.137708 -0.872624 0.105196 -0.137708 -0.872624 0.116233 -0.12385 -0.878364 0.116233 -0.12385 -0.878364 0.105196 -0.12385 -0.878364 0.105196 -0.12385 -0.878364 0.116233 -0.11811 -0.892223 0.116233 -0.11811 -0.892223 0.105196 -0.12385 -0.906081 0.116233 -0.12385 -0.906081 0.105196 -0.12385 -0.906081 0.105196 -0.12385 -0.906081 0.116233 -0.137708 -0.911821 0.116233 -0.137708 -0.911821 0.105196 -0.151566 -0.90608 0.116233 -0.151566 -0.90608 0.105196 -0.151566 -0.90608 0.105196 -0.151566 -0.90608 0.116233 -0.157306 -0.892223 0.116233 -0.157306 -0.892223 0.105196 -0.151566 -0.878364 0.116233 -0.151566 -0.878364 0.105196 -0.151566 -0.878364 0.105196 -0.151566 -0.878364 0.116233 -0.126544 -0.881059 0.10101 -0.137708 -0.876434 0.10101 -0.148872 -0.881059 0.10101 -0.148872 -0.881059 0.10101 -0.153496 -0.892223 0.10101 -0.148872 -0.903386 0.10101 -0.148872 -0.903386 0.10101 -0.137708 -0.908011 0.10101 -0.126544 -0.903386 0.10101 -0.126544 -0.903386 0.10101 -0.12192 -0.892223 0.10101 -0.126544 -0.881059 0.10101 -0.126544 -0.881059 -0.100255 -0.137708 -0.876434 -0.100255 -0.12192 -0.892223 -0.100255 -0.126544 -0.881059 -0.100255 -0.126544 -0.903386 -0.100255 -0.137708 -0.908011 -0.100255 -0.126544 -0.903386 -0.100255 -0.148872 -0.903386 -0.100255 -0.153496 -0.892223 -0.100255 -0.148872 -0.903386 -0.100255 -0.148872 -0.881059 -0.100255 -0.148872 -0.881059 -0.100255 -0.137708 -0.872624 -0.104441 -0.12385 -0.878364 -0.104441 -0.12385 -0.878364 -0.115478 -0.137708 -0.872624 -0.115478 -0.12385 -0.878364 -0.104441 -0.11811 -0.892223 -0.104441 -0.11811 -0.892223 -0.115478 -0.12385 -0.878364 -0.115478 -0.12385 -0.906081 -0.104441 -0.12385 -0.906081 -0.115478 -0.12385 -0.906081 -0.104441 -0.137708 -0.911821 -0.104441 -0.137708 -0.911821 -0.115478 -0.12385 -0.906081 -0.115478 -0.151566 -0.90608 -0.104441 -0.151566 -0.90608 -0.115478 -0.151566 -0.90608 -0.104441 -0.157306 -0.892223 -0.104441 -0.157306 -0.892223 -0.115478 -0.151566 -0.90608 -0.115478 -0.151566 -0.878364 -0.104441 -0.151566 -0.878364 -0.115478 -0.151566 -0.878364 -0.104441 -0.151566 -0.878364 -0.115478 0.105196 0.953084 -0.137708 0.116233 0.953084 -0.137708 0.116233 0.947343 -0.151566 0.105196 0.947343 -0.151566 0.105196 0.947343 -0.151566 0.116233 0.947343 -0.151566 0.116233 0.933485 -0.157306 0.105196 0.933485 -0.157306 0.116233 0.919627 -0.151566 0.105196 0.919627 -0.151566 0.105196 0.919627 -0.151566 0.116233 0.919627 -0.151566 0.116233 0.913887 -0.137708 0.105196 0.913887 -0.137708 0.116233 0.919627 -0.12385 0.105196 0.919627 -0.12385 0.105196 0.919627 -0.12385 0.116233 0.919627 -0.12385 0.116233 0.933485 -0.11811 0.105196 0.933485 -0.11811 0.116233 0.947343 -0.12385 0.105196 0.947343 -0.12385 0.105196 0.947343 -0.12385 0.116233 0.947343 -0.12385 0.10101 0.944649 -0.148872 0.10101 0.949273 -0.137708 0.10101 0.944649 -0.126544 0.10101 0.944649 -0.126544 0.10101 0.933485 -0.12192 0.10101 0.922321 -0.126544 0.10101 0.922321 -0.126544 0.10101 0.917697 -0.137708 0.10101 0.922321 -0.148872 0.10101 0.922321 -0.148872 0.10101 0.933485 -0.153496 0.10101 0.944649 -0.148872 -0.100255 0.944649 -0.148872 -0.100255 0.949273 -0.137708 -0.100255 0.933485 -0.153496 -0.100255 0.944649 -0.148872 -0.100255 0.922321 -0.148872 -0.100255 0.917697 -0.137708 -0.100255 0.922321 -0.148872 -0.100255 0.922321 -0.126544 -0.100255 0.933485 -0.12192 -0.100255 0.922321 -0.126544 -0.100255 0.944649 -0.126544 -0.100255 0.944649 -0.126544 -0.104441 0.953084 -0.137708 -0.104441 0.947343 -0.151566 -0.115478 0.947343 -0.151566 -0.115478 0.953084 -0.137708 -0.104441 0.947343 -0.151566 -0.104441 0.933485 -0.157306 -0.115478 0.933485 -0.157306 -0.115478 0.947343 -0.151566 -0.104441 0.919627 -0.151566 -0.115478 0.919627 -0.151566 -0.104441 0.919627 -0.151566 -0.104441 0.913887 -0.137708 -0.115478 0.913887 -0.137708 -0.115478 0.919627 -0.151566 -0.104441 0.919627 -0.12385 -0.115478 0.919627 -0.12385 -0.104441 0.919627 -0.12385 -0.104441 0.933485 -0.11811 -0.115478 0.933485 -0.11811 -0.115478 0.919627 -0.12385 -0.104441 0.947343 -0.12385 -0.115478 0.947343 -0.12385 -0.104441 0.947343 -0.12385 -0.115478 0.947343 -0.12385 0.105692 0.661859 -0.137708 0.105168 0.655864 -0.12318 0.116694 0.654856 -0.12318 0.117218 0.660851 -0.137708 0.105168 0.655864 -0.12318 0.103901 0.641391 -0.117162 0.115428 0.640383 -0.117162 0.116694 0.654856 -0.12318 0.102635 0.626918 -0.12318 0.114161 0.625909 -0.12318 0.102635 0.626918 -0.12318 0.102111 0.620923 -0.137708 0.113637 0.619914 -0.137708 0.114161 0.625909 -0.12318 0.102635 0.626918 -0.152237 0.114161 0.62591 -0.152237 0.102635 0.626918 -0.152237 0.103901 0.641391 -0.158254 0.115428 0.640383 -0.158254 0.114161 0.62591 -0.152237 0.105168 0.655864 -0.152237 0.116694 0.654856 -0.152237 0.105168 0.655864 -0.152237 0.116694 0.654856 -0.152237 0.100972 0.658262 -0.137708 0.100549 0.653433 -0.126004 0.100549 0.653433 -0.149412 0.0995293 0.641773 -0.15426 0.100549 0.653433 -0.149412 0.0985092 0.630114 -0.149412 0.0980867 0.625285 -0.137708 0.0985092 0.630114 -0.149412 0.102635 0.626918 -0.152237 0.102111 0.620923 -0.137708 0.0985093 0.630114 -0.126004 0.102635 0.626918 -0.12318 0.0995293 0.641773 -0.121156 0.0985093 0.630114 -0.126004 0.100549 0.653433 -0.126004 -0.0741537 0.847884 -0.137708 -0.0774235 0.844614 -0.126544 0.0967591 0.655056 -0.126544 0.100029 0.658326 -0.137708 -0.0774235 0.844614 -0.126544 -0.0853175 0.83672 -0.12192 0.0888651 0.647162 -0.12192 0.0967591 0.655056 -0.126544 -0.0932115 0.828826 -0.126544 0.0809711 0.639268 -0.126544 -0.0932115 0.828826 -0.126544 -0.0964814 0.825556 -0.137708 0.0777012 0.635998 -0.137708 0.0809711 0.639268 -0.126544 -0.0932115 0.828826 -0.148872 0.080971 0.639268 -0.148872 -0.0932115 0.828826 -0.148872 -0.0853175 0.83672 -0.153496 0.0888651 0.647162 -0.153496 0.080971 0.639268 -0.148872 -0.0774235 0.844614 -0.148872 0.0967591 0.655056 -0.148872 -0.0774235 0.844614 -0.148872 0.0967591 0.655056 -0.148872 -0.10172 0.865638 -0.137708 -0.113246 0.866646 -0.137708 -0.113771 0.860651 -0.123179 -0.102244 0.859643 -0.123179 -0.102244 0.859643 -0.123179 -0.113771 0.860651 -0.123179 -0.115037 0.846178 -0.117162 -0.103511 0.845169 -0.117162 -0.116303 0.831705 -0.123179 -0.104777 0.830696 -0.123179 -0.104777 0.830696 -0.123179 -0.116303 0.831705 -0.123179 -0.116827 0.82571 -0.137708 -0.105301 0.824701 -0.137708 -0.116303 0.831705 -0.152237 -0.104777 0.830696 -0.152237 -0.104777 0.830696 -0.152237 -0.116303 0.831705 -0.152237 -0.115037 0.846178 -0.158254 -0.103511 0.845169 -0.158254 -0.113771 0.860651 -0.152236 -0.102244 0.859643 -0.152236 -0.102244 0.859643 -0.152236 -0.113771 0.860651 -0.152236 -0.102244 0.859643 -0.123179 -0.0981183 0.856446 -0.126004 -0.0976959 0.861276 -0.137708 -0.10172 0.865638 -0.137708 -0.0981184 0.856446 -0.149412 -0.102244 0.859643 -0.152236 -0.0981184 0.856446 -0.149412 -0.0991384 0.844787 -0.15426 -0.100158 0.833128 -0.149412 -0.100158 0.833128 -0.149412 -0.100581 0.828298 -0.137708 -0.100158 0.833128 -0.126004 -0.100158 0.833128 -0.126004 -0.0991384 0.844787 -0.121156 -0.0981183 0.856446 -0.126004 0.100029 0.658326 -0.137708 0.0967591 0.655056 -0.126544 -0.0774235 0.844614 -0.126544 -0.0741537 0.847884 -0.137708 -0.0976959 0.861276 -0.137708 -0.0981183 0.856446 -0.126004 0.0809711 0.639268 -0.126544 0.0777012 0.635998 -0.137708 0.0980867 0.625285 -0.137708 0.0985093 0.630114 -0.126004 -0.0964814 0.825556 -0.137708 -0.0932115 0.828826 -0.126544 0.080971 0.639268 -0.148872 0.0985092 0.630114 -0.149412 -0.0932115 0.828826 -0.148872 0.0967591 0.655056 -0.148872 -0.0774235 0.844614 -0.148872 -0.0981184 0.856446 -0.149412 0.10339 0.248283 -0.137708 0.102865 0.242288 -0.12318 0.114392 0.24128 -0.12318 0.114916 0.247275 -0.137708 0.102865 0.242288 -0.12318 0.101599 0.227815 -0.117162 0.113125 0.226807 -0.117162 0.114392 0.24128 -0.12318 0.100333 0.213342 -0.12318 0.111859 0.212333 -0.12318 0.100333 0.213342 -0.12318 0.0998084 0.207347 -0.137708 0.111335 0.206338 -0.137708 0.111859 0.212333 -0.12318 0.100333 0.213342 -0.152237 0.111859 0.212333 -0.152237 0.100333 0.213342 -0.152237 0.101599 0.227815 -0.158254 0.113125 0.226807 -0.158254 0.111859 0.212333 -0.152237 0.102865 0.242288 -0.152237 0.114392 0.24128 -0.152237 0.102865 0.242288 -0.152237 0.114392 0.24128 -0.152237 0.0986696 0.244686 -0.137708 0.0982471 0.239857 -0.126004 0.0982471 0.239857 -0.149412 0.097227 0.228198 -0.15426 0.0982471 0.239857 -0.149412 0.0962069 0.216538 -0.149412 0.0957844 0.211709 -0.137708 0.0962069 0.216538 -0.149412 0.100333 0.213342 -0.152237 0.0998084 0.207347 -0.137708 0.0962069 0.216538 -0.126004 0.100333 0.213342 -0.12318 0.097227 0.228198 -0.121156 0.0962069 0.216538 -0.126004 0.0982471 0.239857 -0.126004 -0.076456 0.434308 -0.137708 -0.0797258 0.431038 -0.126544 0.0944568 0.24148 -0.126544 0.0977267 0.24475 -0.137708 -0.0797258 0.431038 -0.126544 -0.0876198 0.423144 -0.12192 0.0865628 0.233586 -0.12192 0.0944568 0.24148 -0.126544 -0.0955138 0.41525 -0.126544 0.0786687 0.225692 -0.126544 -0.0955138 0.41525 -0.126544 -0.0987837 0.41198 -0.137708 0.0753989 0.222422 -0.137708 0.0786687 0.225692 -0.126544 -0.0955138 0.41525 -0.148872 0.0786687 0.225692 -0.148872 -0.0955138 0.41525 -0.148872 -0.0876198 0.423144 -0.153496 0.0865628 0.233586 -0.153496 0.0786687 0.225692 -0.148872 -0.0797258 0.431038 -0.148872 0.0944568 0.24148 -0.148872 -0.0797258 0.431038 -0.148872 0.0944568 0.24148 -0.148872 -0.104022 0.452062 -0.137708 -0.115548 0.45307 -0.137708 -0.116073 0.447075 -0.123179 -0.104547 0.446067 -0.123179 -0.104547 0.446067 -0.123179 -0.116073 0.447075 -0.123179 -0.117339 0.432602 -0.117162 -0.105813 0.431594 -0.117162 -0.118605 0.418129 -0.123179 -0.107079 0.41712 -0.123179 -0.107079 0.41712 -0.123179 -0.118605 0.418129 -0.123179 -0.11913 0.412134 -0.137708 -0.107604 0.411125 -0.137708 -0.118605 0.418129 -0.152237 -0.107079 0.41712 -0.152237 -0.107079 0.41712 -0.152237 -0.118605 0.418129 -0.152237 -0.117339 0.432602 -0.158254 -0.105813 0.431594 -0.158254 -0.116073 0.447075 -0.152236 -0.104547 0.446067 -0.152236 -0.104547 0.446067 -0.152236 -0.116073 0.447075 -0.152236 -0.104547 0.446067 -0.123179 -0.100421 0.44287 -0.126004 -0.0999982 0.4477 -0.137708 -0.104022 0.452062 -0.137708 -0.100421 0.44287 -0.149412 -0.104547 0.446067 -0.152236 -0.100421 0.44287 -0.149412 -0.101441 0.431211 -0.15426 -0.102461 0.419552 -0.149412 -0.102461 0.419552 -0.149412 -0.102883 0.414722 -0.137708 -0.102461 0.419552 -0.126004 -0.102461 0.419552 -0.126004 -0.101441 0.431211 -0.121156 -0.100421 0.44287 -0.126004 0.0977267 0.24475 -0.137708 0.0944568 0.24148 -0.126544 -0.0797258 0.431038 -0.126544 -0.076456 0.434308 -0.137708 -0.0999982 0.4477 -0.137708 -0.100421 0.44287 -0.126004 0.0786687 0.225692 -0.126544 0.0753989 0.222422 -0.137708 0.0957844 0.211709 -0.137708 0.0962069 0.216538 -0.126004 -0.0987837 0.41198 -0.137708 -0.0955138 0.41525 -0.126544 0.0786687 0.225692 -0.148872 0.0962069 0.216538 -0.149412 -0.0955138 0.41525 -0.148872 0.0944568 0.24148 -0.148872 -0.0797258 0.431038 -0.148872 -0.100421 0.44287 -0.149412 -0.105506 0.0475367 -0.137708 -0.117032 0.0465283 -0.137708 -0.116508 0.0405332 -0.12318 -0.104981 0.0415417 -0.12318 -0.104981 0.0415417 -0.12318 -0.116508 0.0405332 -0.12318 -0.115242 0.0260601 -0.117162 -0.103715 0.0270685 -0.117162 -0.113975 0.0115869 -0.12318 -0.102449 0.0125953 -0.12318 -0.102449 0.0125953 -0.12318 -0.113975 0.0115869 -0.12318 -0.113451 0.00559185 -0.137708 -0.101925 0.00660028 -0.137708 -0.113975 0.011587 -0.152237 -0.102449 0.0125954 -0.152237 -0.102449 0.0125954 -0.152237 -0.113975 0.011587 -0.152237 -0.115241 0.0260601 -0.158254 -0.103715 0.0270685 -0.158254 -0.116508 0.0405333 -0.152237 -0.104981 0.0415417 -0.152237 -0.104981 0.0415417 -0.152237 -0.116508 0.0405333 -0.152237 -0.100363 0.0391103 -0.126004 -0.100786 0.0439398 -0.137708 -0.100363 0.0391103 -0.149412 -0.100363 0.0391103 -0.149412 -0.0993431 0.027451 -0.15426 -0.098323 0.0157916 -0.149412 -0.102449 0.0125954 -0.152237 -0.098323 0.0157916 -0.149412 -0.0979005 0.0109621 -0.137708 -0.101925 0.00660028 -0.137708 -0.098323 0.0157916 -0.126004 -0.102449 0.0125953 -0.12318 -0.098323 0.0157916 -0.126004 -0.0993431 0.027451 -0.121156 -0.100363 0.0391103 -0.126004 0.0743398 0.233561 -0.137708 -0.0998427 0.0440033 -0.137708 -0.0965729 0.0407335 -0.126544 0.0776096 0.230292 -0.126544 0.0776096 0.230292 -0.126544 -0.0965729 0.0407335 -0.126544 -0.0886789 0.0328395 -0.12192 0.0855036 0.222398 -0.12192 -0.0807848 0.0249455 -0.126544 0.0933977 0.214504 -0.126544 0.0933977 0.214504 -0.126544 -0.0807848 0.0249455 -0.126544 -0.077515 0.0216757 -0.137708 0.0966675 0.211234 -0.137708 -0.0807848 0.0249455 -0.148872 0.0933977 0.214504 -0.148872 0.0933977 0.214504 -0.148872 -0.0807848 0.0249455 -0.148872 -0.0886789 0.0328395 -0.153496 0.0855036 0.222398 -0.153496 -0.0965729 0.0407335 -0.148872 0.0776096 0.230292 -0.148872 0.0776096 0.230292 -0.148872 -0.0965729 0.0407335 -0.148872 0.101906 0.251315 -0.137708 0.10243 0.24532 -0.12318 0.113957 0.246329 -0.12318 0.113432 0.252324 -0.137708 0.10243 0.24532 -0.12318 0.103697 0.230847 -0.117162 0.115223 0.231855 -0.117162 0.113957 0.246329 -0.12318 0.104963 0.216374 -0.12318 0.116489 0.217382 -0.12318 0.104963 0.216374 -0.12318 0.105487 0.210379 -0.137708 0.117014 0.211387 -0.137708 0.116489 0.217382 -0.12318 0.104963 0.216374 -0.152237 0.116489 0.217382 -0.152237 0.104963 0.216374 -0.152237 0.103697 0.230847 -0.158254 0.115223 0.231855 -0.158254 0.116489 0.217382 -0.152237 0.10243 0.24532 -0.152237 0.113957 0.246329 -0.152237 0.10243 0.24532 -0.152237 0.113957 0.246329 -0.152237 0.097882 0.246953 -0.137708 0.0983045 0.242124 -0.126004 0.10243 0.24532 -0.12318 0.101906 0.251315 -0.137708 0.0983045 0.242124 -0.149412 0.10243 0.24532 -0.152237 0.0993246 0.230465 -0.15426 0.0983045 0.242124 -0.149412 0.100345 0.218805 -0.149412 0.100767 0.213976 -0.137708 0.100345 0.218805 -0.149412 0.100345 0.218805 -0.126004 0.0993245 0.230465 -0.121156 0.100345 0.218805 -0.126004 0.0983045 0.242124 -0.126004 -0.0998427 0.0440033 -0.137708 -0.0965729 0.0407335 -0.126544 0.0776096 0.230292 -0.126544 0.0983045 0.242124 -0.126004 0.097882 0.246953 -0.137708 0.0743398 0.233561 -0.137708 -0.0807848 0.0249455 -0.126544 -0.098323 0.0157916 -0.126004 -0.0979005 0.0109621 -0.137708 -0.077515 0.0216757 -0.137708 0.0966675 0.211234 -0.137708 0.0933977 0.214504 -0.126544 -0.098323 0.0157916 -0.149412 -0.0807848 0.0249455 -0.148872 0.0933977 0.214504 -0.148872 -0.0965729 0.0407335 -0.148872 0.0983045 0.242124 -0.149412 0.0776096 0.230292 -0.148872 0.105692 -0.160147 -0.137708 0.105168 -0.166142 -0.12318 0.116694 -0.16715 -0.12318 0.117218 -0.161155 -0.137708 0.105168 -0.166142 -0.12318 0.103901 -0.180615 -0.117162 0.115428 -0.181623 -0.117162 0.116694 -0.16715 -0.12318 0.102635 -0.195088 -0.12318 0.114161 -0.196096 -0.12318 0.102635 -0.195088 -0.12318 0.102111 -0.201083 -0.137708 0.113637 -0.202091 -0.137708 0.114161 -0.196096 -0.12318 0.102635 -0.195088 -0.152237 0.114161 -0.196096 -0.152237 0.102635 -0.195088 -0.152237 0.103901 -0.180615 -0.158254 0.115428 -0.181623 -0.158254 0.114161 -0.196096 -0.152237 0.105168 -0.166142 -0.152237 0.116694 -0.16715 -0.152237 0.105168 -0.166142 -0.152237 0.116694 -0.16715 -0.152237 0.100972 -0.163744 -0.137708 0.100549 -0.168573 -0.126004 0.100549 -0.168573 -0.149412 0.0995293 -0.180232 -0.15426 0.100549 -0.168573 -0.149412 0.0985092 -0.191892 -0.149412 0.0980867 -0.196721 -0.137708 0.0985092 -0.191892 -0.149412 0.102635 -0.195088 -0.152237 0.102111 -0.201083 -0.137708 0.0985093 -0.191892 -0.126004 0.102635 -0.195088 -0.12318 0.0995293 -0.180232 -0.121156 0.0985093 -0.191892 -0.126004 0.100549 -0.168573 -0.126004 -0.0741537 0.0258781 -0.137708 -0.0774235 0.0226084 -0.126544 0.0967591 -0.16695 -0.126544 0.100029 -0.16368 -0.137708 -0.0774235 0.0226084 -0.126544 -0.0853175 0.0147143 -0.12192 0.0888651 -0.174844 -0.12192 0.0967591 -0.16695 -0.126544 -0.0932115 0.00682032 -0.126544 0.0809711 -0.182738 -0.126544 -0.0932115 0.00682032 -0.126544 -0.0964814 0.00355045 -0.137708 0.0777012 -0.186008 -0.137708 0.0809711 -0.182738 -0.126544 -0.0932115 0.00682032 -0.148872 0.080971 -0.182738 -0.148872 -0.0932115 0.00682032 -0.148872 -0.0853175 0.0147143 -0.153496 0.0888651 -0.174844 -0.153496 0.080971 -0.182738 -0.148872 -0.0774235 0.0226084 -0.148872 0.0967591 -0.16695 -0.148872 -0.0774235 0.0226084 -0.148872 0.0967591 -0.16695 -0.148872 -0.10172 0.0436319 -0.137708 -0.113246 0.0446404 -0.137708 -0.113771 0.0386454 -0.123179 -0.102244 0.037637 -0.123179 -0.102244 0.037637 -0.123179 -0.113771 0.0386454 -0.123179 -0.115037 0.0241722 -0.117162 -0.103511 0.0231637 -0.117162 -0.116303 0.0096989 -0.123179 -0.104777 0.00869055 -0.123179 -0.104777 0.00869055 -0.123179 -0.116303 0.0096989 -0.123179 -0.116827 0.00370394 -0.137708 -0.105301 0.00269551 -0.137708 -0.116303 0.00969905 -0.152237 -0.104777 0.00869063 -0.152237 -0.104777 0.00869063 -0.152237 -0.116303 0.00969905 -0.152237 -0.115037 0.0241722 -0.158254 -0.103511 0.0231637 -0.158254 -0.113771 0.0386454 -0.152236 -0.102244 0.037637 -0.152236 -0.102244 0.037637 -0.152236 -0.113771 0.0386454 -0.152236 -0.102244 0.037637 -0.123179 -0.0981183 0.0344406 -0.126004 -0.0976959 0.0392701 -0.137708 -0.10172 0.0436319 -0.137708 -0.0981184 0.0344406 -0.149412 -0.102244 0.037637 -0.152236 -0.0981184 0.0344406 -0.149412 -0.0991384 0.0227813 -0.15426 -0.100158 0.0111219 -0.149412 -0.100158 0.0111219 -0.149412 -0.100581 0.0062924 -0.137708 -0.100158 0.0111219 -0.126004 -0.100158 0.0111219 -0.126004 -0.0991384 0.0227813 -0.121156 -0.0981183 0.0344406 -0.126004 0.100029 -0.16368 -0.137708 0.0967591 -0.16695 -0.126544 -0.0774235 0.0226084 -0.126544 -0.0741537 0.0258781 -0.137708 -0.0976959 0.0392701 -0.137708 -0.0981183 0.0344406 -0.126004 0.0809711 -0.182738 -0.126544 0.0777012 -0.186008 -0.137708 0.0980867 -0.196721 -0.137708 0.0985093 -0.191892 -0.126004 -0.0964814 0.00355045 -0.137708 -0.0932115 0.00682032 -0.126544 0.080971 -0.182738 -0.148872 0.0985092 -0.191892 -0.149412 -0.0932115 0.00682032 -0.148872 0.0967591 -0.16695 -0.148872 -0.0774235 0.0226084 -0.148872 -0.0981184 0.0344406 -0.149412 -0.103204 -0.360893 -0.137708 -0.11473 -0.361901 -0.137708 -0.114205 -0.367896 -0.12318 -0.102679 -0.366888 -0.12318 -0.102679 -0.366888 -0.12318 -0.114205 -0.367896 -0.12318 -0.112939 -0.382369 -0.117162 -0.101413 -0.381361 -0.117162 -0.111673 -0.396843 -0.12318 -0.100147 -0.395834 -0.12318 -0.100147 -0.395834 -0.12318 -0.111673 -0.396843 -0.12318 -0.111148 -0.402838 -0.137708 -0.0996222 -0.401829 -0.137708 -0.111673 -0.396843 -0.152237 -0.100147 -0.395834 -0.152237 -0.100147 -0.395834 -0.152237 -0.111673 -0.396843 -0.152237 -0.112939 -0.382369 -0.158254 -0.101413 -0.381361 -0.158254 -0.114205 -0.367896 -0.152237 -0.102679 -0.366888 -0.152237 -0.102679 -0.366888 -0.152237 -0.114205 -0.367896 -0.152237 -0.0980609 -0.369319 -0.126004 -0.0984834 -0.36449 -0.137708 -0.0980609 -0.369319 -0.149412 -0.0980609 -0.369319 -0.149412 -0.0970408 -0.380978 -0.15426 -0.0960207 -0.392638 -0.149412 -0.100147 -0.395834 -0.152237 -0.0960207 -0.392638 -0.149412 -0.0955982 -0.397467 -0.137708 -0.0996222 -0.401829 -0.137708 -0.0960207 -0.392638 -0.126004 -0.100147 -0.395834 -0.12318 -0.0960207 -0.392638 -0.126004 -0.0970408 -0.380978 -0.121156 -0.0980609 -0.369319 -0.126004 0.0766421 -0.174868 -0.137708 -0.0975404 -0.364426 -0.137708 -0.0942706 -0.367696 -0.126544 0.0799119 -0.178138 -0.126544 0.0799119 -0.178138 -0.126544 -0.0942706 -0.367696 -0.126544 -0.0863766 -0.37559 -0.12192 0.0878059 -0.186032 -0.12192 -0.0784825 -0.383484 -0.126544 0.0957 -0.193926 -0.126544 0.0957 -0.193926 -0.126544 -0.0784825 -0.383484 -0.126544 -0.0752127 -0.386754 -0.137708 0.0989698 -0.197196 -0.137708 -0.0784825 -0.383484 -0.148872 0.0957 -0.193926 -0.148872 0.0957 -0.193926 -0.148872 -0.0784825 -0.383484 -0.148872 -0.0863766 -0.37559 -0.153496 0.0878059 -0.186032 -0.153496 -0.0942706 -0.367696 -0.148872 0.0799119 -0.178138 -0.148872 0.0799119 -0.178138 -0.148872 -0.0942706 -0.367696 -0.148872 0.104208 -0.157114 -0.137708 0.104733 -0.163109 -0.12318 0.116259 -0.162101 -0.12318 0.115735 -0.156106 -0.137708 0.104733 -0.163109 -0.12318 0.105999 -0.177582 -0.117162 0.117525 -0.176574 -0.117162 0.116259 -0.162101 -0.12318 0.107265 -0.192056 -0.12318 0.118791 -0.191047 -0.12318 0.107265 -0.192056 -0.12318 0.10779 -0.198051 -0.137708 0.119316 -0.197042 -0.137708 0.118791 -0.191047 -0.12318 0.107265 -0.192056 -0.152237 0.118791 -0.191047 -0.152237 0.107265 -0.192056 -0.152237 0.105999 -0.177582 -0.158254 0.117525 -0.176574 -0.158254 0.118791 -0.191047 -0.152237 0.104733 -0.163109 -0.152237 0.116259 -0.162101 -0.152237 0.104733 -0.163109 -0.152237 0.116259 -0.162101 -0.152237 0.100184 -0.161476 -0.137708 0.100607 -0.166306 -0.126004 0.104733 -0.163109 -0.12318 0.104208 -0.157114 -0.137708 0.100607 -0.166306 -0.149412 0.104733 -0.163109 -0.152237 0.101627 -0.177965 -0.15426 0.100607 -0.166306 -0.149412 0.102647 -0.189624 -0.149412 0.103069 -0.194454 -0.137708 0.102647 -0.189624 -0.149412 0.102647 -0.189624 -0.126004 0.101627 -0.177965 -0.121156 0.102647 -0.189624 -0.126004 0.100607 -0.166306 -0.126004 -0.0975404 -0.364426 -0.137708 -0.0942706 -0.367696 -0.126544 0.0799119 -0.178138 -0.126544 0.100607 -0.166306 -0.126004 0.100184 -0.161476 -0.137708 0.0766421 -0.174868 -0.137708 -0.0784825 -0.383484 -0.126544 -0.0960207 -0.392638 -0.126004 -0.0955982 -0.397467 -0.137708 -0.0752127 -0.386754 -0.137708 0.0989698 -0.197196 -0.137708 0.0957 -0.193926 -0.126544 -0.0960207 -0.392638 -0.149412 -0.0784825 -0.383484 -0.148872 0.0957 -0.193926 -0.148872 -0.0942706 -0.367696 -0.148872 0.100607 -0.166306 -0.149412 0.0799119 -0.178138 -0.148872 0.10339 -0.573722 -0.137708 0.102865 -0.579717 -0.12318 0.114392 -0.580726 -0.12318 0.114916 -0.574731 -0.137708 0.102865 -0.579717 -0.12318 0.101599 -0.594191 -0.117162 0.113125 -0.595199 -0.117162 0.114392 -0.580726 -0.12318 0.100333 -0.608664 -0.12318 0.111859 -0.609672 -0.12318 0.100333 -0.608664 -0.12318 0.0998084 -0.614659 -0.137708 0.111335 -0.615667 -0.137708 0.111859 -0.609672 -0.12318 0.100333 -0.608664 -0.152237 0.111859 -0.609672 -0.152237 0.100333 -0.608664 -0.152237 0.101599 -0.594191 -0.158254 0.113125 -0.595199 -0.158254 0.111859 -0.609672 -0.152237 0.102865 -0.579717 -0.152237 0.114392 -0.580726 -0.152237 0.102865 -0.579717 -0.152237 0.114392 -0.580726 -0.152237 0.0986696 -0.577319 -0.137708 0.0982471 -0.582149 -0.126004 0.0982471 -0.582149 -0.149412 0.097227 -0.593808 -0.15426 0.0982471 -0.582149 -0.149412 0.0962069 -0.605467 -0.149412 0.0957844 -0.610297 -0.137708 0.0962069 -0.605467 -0.149412 0.100333 -0.608664 -0.152237 0.0998084 -0.614659 -0.137708 0.0962069 -0.605467 -0.126004 0.100333 -0.608664 -0.12318 0.097227 -0.593808 -0.121156 0.0962069 -0.605467 -0.126004 0.0982471 -0.582149 -0.126004 -0.076456 -0.387698 -0.137708 -0.0797258 -0.390967 -0.126544 0.0944568 -0.580526 -0.126544 0.0977267 -0.577256 -0.137708 -0.0797258 -0.390967 -0.126544 -0.0876198 -0.398861 -0.12192 0.0865628 -0.58842 -0.12192 0.0944568 -0.580526 -0.126544 -0.0955138 -0.406756 -0.126544 0.0786687 -0.596314 -0.126544 -0.0955138 -0.406756 -0.126544 -0.0987837 -0.410025 -0.137708 0.0753989 -0.599583 -0.137708 0.0786687 -0.596314 -0.126544 -0.0955138 -0.406755 -0.148872 0.0786687 -0.596314 -0.148872 -0.0955138 -0.406755 -0.148872 -0.0876198 -0.398861 -0.153496 0.0865628 -0.58842 -0.153496 0.0786687 -0.596314 -0.148872 -0.0797258 -0.390967 -0.148872 0.0944568 -0.580526 -0.148872 -0.0797258 -0.390967 -0.148872 0.0944568 -0.580526 -0.148872 -0.104022 -0.369944 -0.137708 -0.115548 -0.368935 -0.137708 -0.116073 -0.37493 -0.123179 -0.104547 -0.375939 -0.123179 -0.104547 -0.375939 -0.123179 -0.116073 -0.37493 -0.123179 -0.117339 -0.389404 -0.117162 -0.105813 -0.390412 -0.117162 -0.118605 -0.403877 -0.123179 -0.107079 -0.404885 -0.123179 -0.107079 -0.404885 -0.123179 -0.118605 -0.403877 -0.123179 -0.11913 -0.409872 -0.137708 -0.107604 -0.41088 -0.137708 -0.118605 -0.403877 -0.152237 -0.107079 -0.404885 -0.152237 -0.107079 -0.404885 -0.152237 -0.118605 -0.403877 -0.152237 -0.117339 -0.389404 -0.158254 -0.105813 -0.390412 -0.158254 -0.116073 -0.37493 -0.152236 -0.104547 -0.375939 -0.152236 -0.104547 -0.375939 -0.152236 -0.116073 -0.37493 -0.152236 -0.104547 -0.375939 -0.123179 -0.100421 -0.379135 -0.126004 -0.0999982 -0.374306 -0.137708 -0.104022 -0.369944 -0.137708 -0.100421 -0.379135 -0.149412 -0.104547 -0.375939 -0.152236 -0.100421 -0.379135 -0.149412 -0.101441 -0.390795 -0.15426 -0.102461 -0.402454 -0.149412 -0.102461 -0.402454 -0.149412 -0.102883 -0.407283 -0.137708 -0.102461 -0.402454 -0.126004 -0.102461 -0.402454 -0.126004 -0.101441 -0.390795 -0.121156 -0.100421 -0.379135 -0.126004 0.0977267 -0.577256 -0.137708 0.0944568 -0.580526 -0.126544 -0.0797258 -0.390967 -0.126544 -0.076456 -0.387698 -0.137708 -0.0999982 -0.374306 -0.137708 -0.100421 -0.379135 -0.126004 0.0786687 -0.596314 -0.126544 0.0753989 -0.599583 -0.137708 0.0957844 -0.610297 -0.137708 0.0962069 -0.605467 -0.126004 -0.0987837 -0.410025 -0.137708 -0.0955138 -0.406756 -0.126544 0.0786687 -0.596314 -0.148872 0.0962069 -0.605467 -0.149412 -0.0955138 -0.406755 -0.148872 0.0944568 -0.580526 -0.148872 -0.0797258 -0.390967 -0.148872 -0.100421 -0.379135 -0.149412 -0.105506 -0.774469 -0.137708 -0.117032 -0.775477 -0.137708 -0.116508 -0.781472 -0.12318 -0.104981 -0.780464 -0.12318 -0.104981 -0.780464 -0.12318 -0.116508 -0.781472 -0.12318 -0.115242 -0.795945 -0.117162 -0.103715 -0.794937 -0.117162 -0.113975 -0.810419 -0.12318 -0.102449 -0.80941 -0.12318 -0.102449 -0.80941 -0.12318 -0.113975 -0.810419 -0.12318 -0.113451 -0.816414 -0.137708 -0.101925 -0.815405 -0.137708 -0.113975 -0.810419 -0.152237 -0.102449 -0.80941 -0.152237 -0.102449 -0.80941 -0.152237 -0.113975 -0.810419 -0.152237 -0.115241 -0.795945 -0.158254 -0.103715 -0.794937 -0.158254 -0.116508 -0.781472 -0.152237 -0.104981 -0.780464 -0.152237 -0.104981 -0.780464 -0.152237 -0.116508 -0.781472 -0.152237 -0.100363 -0.782895 -0.126004 -0.100786 -0.778066 -0.137708 -0.100363 -0.782895 -0.149412 -0.100363 -0.782895 -0.149412 -0.0993431 -0.794555 -0.15426 -0.098323 -0.806214 -0.149412 -0.102449 -0.80941 -0.152237 -0.098323 -0.806214 -0.149412 -0.0979005 -0.811043 -0.137708 -0.101925 -0.815405 -0.137708 -0.098323 -0.806214 -0.126004 -0.102449 -0.80941 -0.12318 -0.098323 -0.806214 -0.126004 -0.0993431 -0.794555 -0.121156 -0.100363 -0.782895 -0.126004 0.0743398 -0.588444 -0.137708 -0.0998427 -0.778002 -0.137708 -0.0965729 -0.781272 -0.126544 0.0776096 -0.591714 -0.126544 0.0776096 -0.591714 -0.126544 -0.0965729 -0.781272 -0.126544 -0.0886789 -0.789166 -0.12192 0.0855036 -0.599608 -0.12192 -0.0807848 -0.79706 -0.126544 0.0933977 -0.607502 -0.126544 0.0933977 -0.607502 -0.126544 -0.0807848 -0.79706 -0.126544 -0.077515 -0.80033 -0.137708 0.0966675 -0.610772 -0.137708 -0.0807848 -0.79706 -0.148872 0.0933977 -0.607502 -0.148872 0.0933977 -0.607502 -0.148872 -0.0807848 -0.79706 -0.148872 -0.0886789 -0.789166 -0.153496 0.0855036 -0.599608 -0.153496 -0.0965729 -0.781272 -0.148872 0.0776096 -0.591714 -0.148872 0.0776096 -0.591714 -0.148872 -0.0965729 -0.781272 -0.148872 0.101906 -0.57069 -0.137708 0.10243 -0.576685 -0.12318 0.113957 -0.575677 -0.12318 0.113432 -0.569682 -0.137708 0.10243 -0.576685 -0.12318 0.103697 -0.591159 -0.117162 0.115223 -0.59015 -0.117162 0.113957 -0.575677 -0.12318 0.104963 -0.605632 -0.12318 0.116489 -0.604623 -0.12318 0.104963 -0.605632 -0.12318 0.105487 -0.611627 -0.137708 0.117014 -0.610618 -0.137708 0.116489 -0.604623 -0.12318 0.104963 -0.605632 -0.152237 0.116489 -0.604623 -0.152237 0.104963 -0.605632 -0.152237 0.103697 -0.591159 -0.158254 0.115223 -0.59015 -0.158254 0.116489 -0.604623 -0.152237 0.10243 -0.576685 -0.152237 0.113957 -0.575677 -0.152237 0.10243 -0.576685 -0.152237 0.113957 -0.575677 -0.152237 0.097882 -0.575052 -0.137708 0.0983045 -0.579882 -0.126004 0.10243 -0.576685 -0.12318 0.101906 -0.57069 -0.137708 0.0983045 -0.579882 -0.149412 0.10243 -0.576685 -0.152237 0.0993246 -0.591541 -0.15426 0.0983045 -0.579882 -0.149412 0.100345 -0.6032 -0.149412 0.100767 -0.60803 -0.137708 0.100345 -0.6032 -0.149412 0.100345 -0.6032 -0.126004 0.0993245 -0.591541 -0.121156 0.100345 -0.6032 -0.126004 0.0983045 -0.579882 -0.126004 -0.0998427 -0.778002 -0.137708 -0.0965729 -0.781272 -0.126544 0.0776096 -0.591714 -0.126544 0.0983045 -0.579882 -0.126004 0.097882 -0.575052 -0.137708 0.0743398 -0.588444 -0.137708 -0.0807848 -0.79706 -0.126544 -0.098323 -0.806214 -0.126004 -0.0979005 -0.811043 -0.137708 -0.077515 -0.80033 -0.137708 0.0966675 -0.610772 -0.137708 0.0933977 -0.607502 -0.126544 -0.098323 -0.806214 -0.149412 -0.0807848 -0.79706 -0.148872 0.0933977 -0.607502 -0.148872 -0.0965729 -0.781272 -0.148872 0.0983045 -0.579882 -0.149412 0.0776096 -0.591714 -0.148872 0.105196 -0.872624 -0.137708 0.116233 -0.872624 -0.137708 0.116233 -0.878364 -0.151566 0.105196 -0.878364 -0.151566 0.105196 -0.878364 -0.151566 0.116233 -0.878364 -0.151566 0.116233 -0.892223 -0.157306 0.105196 -0.892223 -0.157306 0.116233 -0.906081 -0.151566 0.105196 -0.906081 -0.151566 0.105196 -0.906081 -0.151566 0.116233 -0.906081 -0.151566 0.116233 -0.911821 -0.137708 0.105196 -0.911821 -0.137708 0.116233 -0.90608 -0.12385 0.105196 -0.90608 -0.12385 0.105196 -0.90608 -0.12385 0.116233 -0.90608 -0.12385 0.116233 -0.892223 -0.11811 0.105196 -0.892223 -0.11811 0.116233 -0.878364 -0.12385 0.105196 -0.878364 -0.12385 0.105196 -0.878364 -0.12385 0.116233 -0.878364 -0.12385 0.10101 -0.881059 -0.148872 0.10101 -0.876434 -0.137708 0.10101 -0.881059 -0.126544 0.10101 -0.881059 -0.126544 0.10101 -0.892223 -0.12192 0.10101 -0.903386 -0.126544 0.10101 -0.903386 -0.126544 0.10101 -0.908011 -0.137708 0.10101 -0.903386 -0.148872 0.10101 -0.903386 -0.148872 0.10101 -0.892223 -0.153496 0.10101 -0.881059 -0.148872 -0.100255 -0.881059 -0.148872 -0.100255 -0.876434 -0.137708 -0.100255 -0.892223 -0.153496 -0.100255 -0.881059 -0.148872 -0.100255 -0.903386 -0.148872 -0.100255 -0.908011 -0.137708 -0.100255 -0.903386 -0.148872 -0.100255 -0.903386 -0.126544 -0.100255 -0.892223 -0.12192 -0.100255 -0.903386 -0.126544 -0.100255 -0.881059 -0.126544 -0.100255 -0.881059 -0.126544 -0.104441 -0.872624 -0.137708 -0.104441 -0.878364 -0.151566 -0.115478 -0.878364 -0.151566 -0.115478 -0.872624 -0.137708 -0.104441 -0.878364 -0.151566 -0.104441 -0.892223 -0.157306 -0.115478 -0.892223 -0.157306 -0.115478 -0.878364 -0.151566 -0.104441 -0.906081 -0.151566 -0.115478 -0.906081 -0.151566 -0.104441 -0.906081 -0.151566 -0.104441 -0.911821 -0.137708 -0.115478 -0.911821 -0.137708 -0.115478 -0.906081 -0.151566 -0.104441 -0.90608 -0.12385 -0.115478 -0.90608 -0.12385 -0.104441 -0.90608 -0.12385 -0.104441 -0.892223 -0.11811 -0.115478 -0.892223 -0.11811 -0.115478 -0.90608 -0.12385 -0.104441 -0.878364 -0.12385 -0.115478 -0.878364 -0.12385 -0.104441 -0.878364 -0.12385 -0.115478 -0.878364 -0.12385 -0.103204 0.461113 -0.137708 -0.11473 0.460104 -0.137708 -0.114205 0.454109 -0.12318 -0.102679 0.455118 -0.12318 -0.102679 0.455118 -0.12318 -0.114205 0.454109 -0.12318 -0.112939 0.439636 -0.117162 -0.101413 0.440645 -0.117162 -0.111673 0.425163 -0.12318 -0.100147 0.426171 -0.12318 -0.100147 0.426171 -0.12318 -0.111673 0.425163 -0.12318 -0.111148 0.419168 -0.137708 -0.0996222 0.420176 -0.137708 -0.111673 0.425163 -0.152237 -0.100147 0.426172 -0.152237 -0.100147 0.426172 -0.152237 -0.111673 0.425163 -0.152237 -0.112939 0.439636 -0.158254 -0.101413 0.440645 -0.158254 -0.114205 0.454109 -0.152237 -0.102679 0.455118 -0.152237 -0.102679 0.455118 -0.152237 -0.114205 0.454109 -0.152237 -0.0980609 0.452686 -0.126004 -0.0984834 0.457516 -0.137708 -0.0980609 0.452686 -0.149412 -0.0980609 0.452686 -0.149412 -0.0970408 0.441027 -0.15426 -0.0960207 0.429368 -0.149412 -0.100147 0.426172 -0.152237 -0.0960207 0.429368 -0.149412 -0.0955982 0.424538 -0.137708 -0.0996222 0.420176 -0.137708 -0.0960207 0.429368 -0.126004 -0.100147 0.426171 -0.12318 -0.0960207 0.429368 -0.126004 -0.0970408 0.441027 -0.121156 -0.0980609 0.452686 -0.126004 0.0766421 0.647138 -0.137708 -0.0975404 0.457579 -0.137708 -0.0942706 0.45431 -0.126544 0.0799119 0.643868 -0.126544 0.0799119 0.643868 -0.126544 -0.0942706 0.45431 -0.126544 -0.0863766 0.446416 -0.12192 0.0878059 0.635974 -0.12192 -0.0784825 0.438522 -0.126544 0.0957 0.62808 -0.126544 0.0957 0.62808 -0.126544 -0.0784825 0.438522 -0.126544 -0.0752127 0.435252 -0.137708 0.0989698 0.62481 -0.137708 -0.0784825 0.438522 -0.148872 0.0957 0.62808 -0.148872 0.0957 0.62808 -0.148872 -0.0784825 0.438522 -0.148872 -0.0863766 0.446416 -0.153496 0.0878059 0.635974 -0.153496 -0.0942706 0.45431 -0.148872 0.0799119 0.643868 -0.148872 0.0799119 0.643868 -0.148872 -0.0942706 0.45431 -0.148872 0.104208 0.664891 -0.137708 0.104733 0.658896 -0.12318 0.116259 0.659905 -0.12318 0.115735 0.6659 -0.137708 0.104733 0.658896 -0.12318 0.105999 0.644423 -0.117162 0.117525 0.645432 -0.117162 0.116259 0.659905 -0.12318 0.107265 0.62995 -0.12318 0.118791 0.630958 -0.12318 0.107265 0.62995 -0.12318 0.10779 0.623955 -0.137708 0.119316 0.624963 -0.137708 0.118791 0.630958 -0.12318 0.107265 0.62995 -0.152237 0.118791 0.630958 -0.152237 0.107265 0.62995 -0.152237 0.105999 0.644423 -0.158254 0.117525 0.645432 -0.158254 0.118791 0.630958 -0.152237 0.104733 0.658896 -0.152237 0.116259 0.659905 -0.152237 0.104733 0.658896 -0.152237 0.116259 0.659905 -0.152237 0.100184 0.660529 -0.137708 0.100607 0.6557 -0.126004 0.104733 0.658896 -0.12318 0.104208 0.664891 -0.137708 0.100607 0.6557 -0.149412 0.104733 0.658896 -0.152237 0.101627 0.644041 -0.15426 0.100607 0.6557 -0.149412 0.102647 0.632381 -0.149412 0.103069 0.627552 -0.137708 0.102647 0.632381 -0.149412 0.102647 0.632381 -0.126004 0.101627 0.644041 -0.121156 0.102647 0.632381 -0.126004 0.100607 0.6557 -0.126004 -0.0975404 0.457579 -0.137708 -0.0942706 0.45431 -0.126544 0.0799119 0.643868 -0.126544 0.100607 0.6557 -0.126004 0.100184 0.660529 -0.137708 0.0766421 0.647138 -0.137708 -0.0784825 0.438522 -0.126544 -0.0960207 0.429368 -0.126004 -0.0955982 0.424538 -0.137708 -0.0752127 0.435252 -0.137708 0.0989698 0.62481 -0.137708 0.0957 0.62808 -0.126544 -0.0960207 0.429368 -0.149412 -0.0784825 0.438522 -0.148872 0.0957 0.62808 -0.148872 -0.0942706 0.45431 -0.148872 0.100607 0.6557 -0.149412 0.0799119 0.643868 -0.148872 0.113285 -0.872624 0.116297 0.121089 -0.872624 0.124101 0.130888 -0.878364 0.114302 0.123084 -0.878364 0.106498 0.123084 -0.878364 0.106498 0.130888 -0.878364 0.114302 0.134947 -0.892223 0.110243 0.127143 -0.892223 0.102439 0.127143 -0.892223 0.102439 0.134947 -0.892223 0.110243 0.130888 -0.906081 0.114302 0.123084 -0.906081 0.106498 0.123084 -0.906081 0.106498 0.130888 -0.906081 0.114302 0.121089 -0.911821 0.124101 0.113285 -0.911821 0.116297 0.11129 -0.90608 0.133901 0.103486 -0.90608 0.126097 0.103486 -0.90608 0.126097 0.11129 -0.90608 0.133901 0.107231 -0.892223 0.137959 0.0994272 -0.892223 0.130156 0.11129 -0.878364 0.133901 0.103486 -0.878364 0.126097 0.103486 -0.878364 0.126097 0.11129 -0.878364 0.133901 0.118219 -0.881059 0.105443 0.110325 -0.876434 0.113337 0.102431 -0.881059 0.121231 0.103486 -0.878364 0.126097 0.102431 -0.881059 0.121231 0.0991613 -0.892223 0.124501 0.0994272 -0.892223 0.130156 0.102431 -0.903386 0.121231 0.103486 -0.90608 0.126097 0.102431 -0.903386 0.121231 0.110325 -0.908011 0.113337 0.118219 -0.903386 0.105443 0.123084 -0.906081 0.106498 0.118219 -0.903386 0.105443 0.121489 -0.892223 0.102173 0.127143 -0.892223 0.102439 0.118219 -0.881059 0.105443 0.123084 -0.878364 0.106498 -0.103981 -0.881059 -0.116757 -0.111875 -0.876434 -0.108863 -0.100711 -0.892223 -0.120026 -0.103981 -0.881059 -0.116757 0.118219 -0.881059 0.105443 0.121489 -0.892223 0.102173 -0.103981 -0.903386 -0.116757 -0.100711 -0.892223 -0.120026 0.121489 -0.892223 0.102173 0.118219 -0.903386 0.105443 -0.111875 -0.908011 -0.108863 -0.103981 -0.903386 -0.116757 -0.119769 -0.903386 -0.100969 -0.123039 -0.892223 -0.0976988 -0.119769 -0.903386 -0.100969 0.102431 -0.903386 0.121231 0.0991613 -0.892223 0.124501 -0.119769 -0.881059 -0.100969 0.102431 -0.881059 0.121231 -0.119769 -0.881059 -0.100969 -0.114835 -0.872624 -0.111823 -0.105036 -0.878364 -0.121622 -0.11284 -0.878364 -0.129426 -0.122639 -0.872624 -0.119627 -0.105036 -0.878364 -0.121622 -0.100977 -0.892223 -0.125681 -0.108781 -0.892223 -0.133485 -0.11284 -0.878364 -0.129426 -0.105036 -0.906081 -0.121622 -0.11284 -0.906081 -0.129426 -0.105036 -0.906081 -0.121622 -0.114835 -0.911821 -0.111823 -0.122639 -0.911821 -0.119627 -0.11284 -0.906081 -0.129426 -0.124634 -0.90608 -0.102024 -0.132438 -0.90608 -0.109827 -0.124634 -0.90608 -0.102024 -0.128693 -0.892223 -0.0979647 -0.136497 -0.892223 -0.105769 -0.132438 -0.90608 -0.109827 -0.124634 -0.878364 -0.102024 -0.132438 -0.878364 -0.109828 -0.124634 -0.878364 -0.102024 -0.132438 -0.878364 -0.109828 -0.123039 -0.892223 -0.0976988 -0.119769 -0.881059 -0.100969 -0.124634 -0.878364 -0.102024 -0.128693 -0.892223 -0.0979647 -0.119769 -0.903386 -0.100969 -0.124634 -0.90608 -0.102024 -0.103981 -0.903386 -0.116757 -0.111875 -0.908011 -0.108863 -0.114835 -0.911821 -0.111823 -0.105036 -0.906081 -0.121622 -0.100711 -0.892223 -0.120026 -0.103981 -0.903386 -0.116757 -0.105036 -0.906081 -0.121622 -0.100977 -0.892223 -0.125681 -0.103981 -0.881059 -0.116757 -0.105036 -0.878364 -0.121622 -0.103204 -0.573722 0.137708 -0.102679 -0.579717 0.12318 -0.114205 -0.580726 0.12318 -0.11473 -0.574731 0.137708 -0.102679 -0.579717 0.12318 -0.101413 -0.594191 0.117162 -0.112939 -0.595199 0.117162 -0.114205 -0.580726 0.12318 -0.100147 -0.608664 0.12318 -0.111673 -0.609672 0.12318 -0.100147 -0.608664 0.12318 -0.0996222 -0.614659 0.137708 -0.111148 -0.615667 0.137708 -0.111673 -0.609672 0.12318 -0.100147 -0.608664 0.152237 -0.111673 -0.609672 0.152237 -0.100147 -0.608664 0.152237 -0.101413 -0.594191 0.158254 -0.112939 -0.595199 0.158254 -0.111673 -0.609672 0.152237 -0.102679 -0.579717 0.152236 -0.114205 -0.580726 0.152236 -0.102679 -0.579717 0.152236 -0.114205 -0.580726 0.152236 -0.0984834 -0.577319 0.137708 -0.0980609 -0.582149 0.126004 -0.0980609 -0.582149 0.149412 -0.0970408 -0.593808 0.15426 -0.0980609 -0.582149 0.149412 -0.0960208 -0.605467 0.149412 -0.0955983 -0.610297 0.137708 -0.0960208 -0.605467 0.149412 -0.100147 -0.608664 0.152237 -0.0996222 -0.614659 0.137708 -0.0960208 -0.605467 0.126004 -0.100147 -0.608664 0.12318 -0.0970408 -0.593808 0.121156 -0.0960208 -0.605467 0.126004 -0.0980609 -0.582149 0.126004 0.0766421 -0.387698 0.137708 0.0799119 -0.390967 0.126544 -0.0942706 -0.580526 0.126544 -0.0975405 -0.577256 0.137708 0.0799119 -0.390967 0.126544 0.087806 -0.398861 0.12192 -0.0863766 -0.58842 0.12192 -0.0942706 -0.580526 0.126544 0.0957 -0.406756 0.126544 -0.0784826 -0.596314 0.126544 0.0957 -0.406756 0.126544 0.0989698 -0.410025 0.137708 -0.0752127 -0.599583 0.137708 -0.0784826 -0.596314 0.126544 0.0957 -0.406755 0.148872 -0.0784826 -0.596314 0.148872 0.0957 -0.406755 0.148872 0.087806 -0.398861 0.153496 -0.0863766 -0.58842 0.153496 -0.0784826 -0.596314 0.148872 0.079912 -0.390967 0.148872 -0.0942706 -0.580526 0.148872 0.079912 -0.390967 0.148872 -0.0942706 -0.580526 0.148872 0.104208 -0.369944 0.137708 0.115735 -0.368935 0.137708 0.116259 -0.37493 0.123179 0.104733 -0.375939 0.123179 0.104733 -0.375939 0.123179 0.116259 -0.37493 0.123179 0.117525 -0.389404 0.117162 0.105999 -0.390412 0.117162 0.118792 -0.403877 0.123179 0.107265 -0.404885 0.123179 0.107265 -0.404885 0.123179 0.118792 -0.403877 0.123179 0.119316 -0.409872 0.137708 0.10779 -0.41088 0.137708 0.118792 -0.403877 0.152237 0.107265 -0.404885 0.152237 0.107265 -0.404885 0.152237 0.118792 -0.403877 0.152237 0.117525 -0.389404 0.158254 0.105999 -0.390412 0.158254 0.116259 -0.37493 0.152236 0.104733 -0.375939 0.152236 0.104733 -0.375939 0.152236 0.116259 -0.37493 0.152236 0.104733 -0.375939 0.123179 0.100607 -0.379135 0.126004 0.100184 -0.374306 0.137708 0.104208 -0.369944 0.137708 0.100607 -0.379135 0.149412 0.104733 -0.375939 0.152236 0.100607 -0.379135 0.149412 0.101627 -0.390795 0.15426 0.102647 -0.402454 0.149412 0.102647 -0.402454 0.149412 0.103069 -0.407283 0.137708 0.102647 -0.402454 0.126004 0.102647 -0.402454 0.126004 0.101627 -0.390795 0.121156 0.100607 -0.379135 0.126004 -0.0975405 -0.577256 0.137708 -0.0942706 -0.580526 0.126544 0.0799119 -0.390967 0.126544 0.0766421 -0.387698 0.137708 0.100184 -0.374306 0.137708 0.100607 -0.379135 0.126004 -0.0784826 -0.596314 0.126544 -0.0752127 -0.599583 0.137708 -0.0955983 -0.610297 0.137708 -0.0960208 -0.605467 0.126004 0.0989698 -0.410025 0.137708 0.0957 -0.406756 0.126544 -0.0784826 -0.596314 0.148872 -0.0960208 -0.605467 0.149412 0.0957 -0.406755 0.148872 -0.0942706 -0.580526 0.148872 0.079912 -0.390967 0.148872 0.100607 -0.379135 0.149412 -0.105506 -0.160147 0.137708 -0.104982 -0.166142 0.12318 -0.116508 -0.16715 0.12318 -0.117032 -0.161155 0.137708 -0.104982 -0.166142 0.12318 -0.103715 -0.180615 0.117162 -0.115242 -0.181623 0.117162 -0.116508 -0.16715 0.12318 -0.102449 -0.195088 0.12318 -0.113975 -0.196096 0.12318 -0.102449 -0.195088 0.12318 -0.101925 -0.201083 0.137708 -0.113451 -0.202091 0.137708 -0.113975 -0.196096 0.12318 -0.102449 -0.195088 0.152237 -0.113975 -0.196096 0.152237 -0.102449 -0.195088 0.152237 -0.103715 -0.180615 0.158254 -0.115242 -0.181623 0.158254 -0.113975 -0.196096 0.152237 -0.104982 -0.166142 0.152236 -0.116508 -0.16715 0.152236 -0.104982 -0.166142 0.152236 -0.116508 -0.16715 0.152236 -0.100786 -0.163744 0.137708 -0.100363 -0.168573 0.126004 -0.100363 -0.168573 0.149412 -0.0993432 -0.180232 0.15426 -0.100363 -0.168573 0.149412 -0.0983231 -0.191892 0.149412 -0.0979006 -0.196721 0.137708 -0.0983231 -0.191892 0.149412 -0.102449 -0.195088 0.152237 -0.101925 -0.201083 0.137708 -0.0983231 -0.191892 0.126004 -0.102449 -0.195088 0.12318 -0.0993432 -0.180232 0.121156 -0.0983231 -0.191892 0.126004 -0.100363 -0.168573 0.126004 0.0743398 0.0258781 0.137708 0.0776096 0.0226084 0.126544 -0.096573 -0.16695 0.126544 -0.0998428 -0.16368 0.137708 0.0776096 0.0226084 0.126544 0.0855037 0.0147143 0.12192 -0.0886789 -0.174844 0.12192 -0.096573 -0.16695 0.126544 0.0933977 0.00682032 0.126544 -0.0807849 -0.182738 0.126544 0.0933977 0.00682032 0.126544 0.0966675 0.00355045 0.137708 -0.0775151 -0.186008 0.137708 -0.0807849 -0.182738 0.126544 0.0933977 0.00682032 0.148872 -0.0807849 -0.182738 0.148872 0.0933977 0.00682032 0.148872 0.0855037 0.0147143 0.153496 -0.0886789 -0.174844 0.153496 -0.0807849 -0.182738 0.148872 0.0776097 0.0226084 0.148872 -0.096573 -0.16695 0.148872 0.0776097 0.0226084 0.148872 -0.096573 -0.16695 0.148872 0.101906 0.0436319 0.137708 0.113432 0.0446404 0.137708 0.113957 0.0386454 0.123179 0.10243 0.037637 0.123179 0.10243 0.037637 0.123179 0.113957 0.0386454 0.123179 0.115223 0.0241722 0.117162 0.103697 0.0231637 0.117162 0.116489 0.0096989 0.123179 0.104963 0.00869055 0.123179 0.104963 0.00869055 0.123179 0.116489 0.0096989 0.123179 0.117014 0.00370394 0.137708 0.105487 0.00269551 0.137708 0.116489 0.00969905 0.152237 0.104963 0.00869063 0.152237 0.104963 0.00869063 0.152237 0.116489 0.00969905 0.152237 0.115223 0.0241722 0.158254 0.103697 0.0231637 0.158254 0.113957 0.0386454 0.152236 0.10243 0.037637 0.152236 0.10243 0.037637 0.152236 0.113957 0.0386454 0.152236 0.10243 0.037637 0.123179 0.0983045 0.0344406 0.126004 0.097882 0.0392701 0.137708 0.101906 0.0436319 0.137708 0.0983045 0.0344406 0.149412 0.10243 0.037637 0.152236 0.0983045 0.0344406 0.149412 0.0993246 0.0227813 0.15426 0.100345 0.0111219 0.149412 0.100345 0.0111219 0.149412 0.100767 0.0062924 0.137708 0.100345 0.0111219 0.126004 0.100345 0.0111219 0.126004 0.0993246 0.0227813 0.121156 0.0983045 0.0344406 0.126004 -0.0998428 -0.16368 0.137708 -0.096573 -0.16695 0.126544 0.0776096 0.0226084 0.126544 0.0743398 0.0258781 0.137708 0.097882 0.0392701 0.137708 0.0983045 0.0344406 0.126004 -0.0807849 -0.182738 0.126544 -0.0775151 -0.186008 0.137708 -0.0979006 -0.196721 0.137708 -0.0983231 -0.191892 0.126004 0.0966675 0.00355045 0.137708 0.0933977 0.00682032 0.126544 -0.0807849 -0.182738 0.148872 -0.0983231 -0.191892 0.149412 0.0933977 0.00682032 0.148872 -0.096573 -0.16695 0.148872 0.0776097 0.0226084 0.148872 0.0983045 0.0344406 0.149412 -0.103204 0.248283 0.137708 -0.102679 0.242288 0.12318 -0.114205 0.24128 0.12318 -0.11473 0.247275 0.137708 -0.102679 0.242288 0.12318 -0.101413 0.227815 0.117162 -0.112939 0.226807 0.117162 -0.114205 0.24128 0.12318 -0.100147 0.213342 0.12318 -0.111673 0.212333 0.12318 -0.100147 0.213342 0.12318 -0.0996222 0.207347 0.137708 -0.111148 0.206338 0.137708 -0.111673 0.212333 0.12318 -0.100147 0.213342 0.152237 -0.111673 0.212333 0.152237 -0.100147 0.213342 0.152237 -0.101413 0.227815 0.158254 -0.112939 0.226807 0.158254 -0.111673 0.212333 0.152237 -0.102679 0.242288 0.152236 -0.114205 0.24128 0.152236 -0.102679 0.242288 0.152236 -0.114205 0.24128 0.152236 -0.0984834 0.244686 0.137708 -0.0980609 0.239857 0.126004 -0.0980609 0.239857 0.149412 -0.0970408 0.228198 0.15426 -0.0980609 0.239857 0.149412 -0.0960208 0.216538 0.149412 -0.0955983 0.211709 0.137708 -0.0960208 0.216538 0.149412 -0.100147 0.213342 0.152237 -0.0996222 0.207347 0.137708 -0.0960208 0.216538 0.126004 -0.100147 0.213342 0.12318 -0.0970408 0.228198 0.121156 -0.0960208 0.216538 0.126004 -0.0980609 0.239857 0.126004 0.0766421 0.434308 0.137708 0.0799119 0.431038 0.126544 -0.0942706 0.24148 0.126544 -0.0975405 0.24475 0.137708 0.0799119 0.431038 0.126544 0.087806 0.423144 0.12192 -0.0863766 0.233586 0.12192 -0.0942706 0.24148 0.126544 0.0957 0.41525 0.126544 -0.0784826 0.225692 0.126544 0.0957 0.41525 0.126544 0.0989698 0.41198 0.137708 -0.0752127 0.222422 0.137708 -0.0784826 0.225692 0.126544 0.0957 0.41525 0.148872 -0.0784826 0.225692 0.148872 0.0957 0.41525 0.148872 0.087806 0.423144 0.153496 -0.0863766 0.233586 0.153496 -0.0784826 0.225692 0.148872 0.079912 0.431038 0.148872 -0.0942706 0.24148 0.148872 0.079912 0.431038 0.148872 -0.0942706 0.24148 0.148872 0.104208 0.452062 0.137708 0.115735 0.45307 0.137708 0.116259 0.447075 0.123179 0.104733 0.446067 0.123179 0.104733 0.446067 0.123179 0.116259 0.447075 0.123179 0.117525 0.432602 0.117162 0.105999 0.431594 0.117162 0.118792 0.418129 0.123179 0.107265 0.41712 0.123179 0.107265 0.41712 0.123179 0.118792 0.418129 0.123179 0.119316 0.412134 0.137708 0.10779 0.411125 0.137708 0.118792 0.418129 0.152237 0.107265 0.41712 0.152237 0.107265 0.41712 0.152237 0.118792 0.418129 0.152237 0.117525 0.432602 0.158254 0.105999 0.431594 0.158254 0.116259 0.447075 0.152236 0.104733 0.446067 0.152236 0.104733 0.446067 0.152236 0.116259 0.447075 0.152236 0.104733 0.446067 0.123179 0.100607 0.44287 0.126004 0.100184 0.4477 0.137708 0.104208 0.452062 0.137708 0.100607 0.44287 0.149412 0.104733 0.446067 0.152236 0.100607 0.44287 0.149412 0.101627 0.431211 0.15426 0.102647 0.419552 0.149412 0.102647 0.419552 0.149412 0.103069 0.414722 0.137708 0.102647 0.419552 0.126004 0.102647 0.419552 0.126004 0.101627 0.431211 0.121156 0.100607 0.44287 0.126004 -0.0975405 0.24475 0.137708 -0.0942706 0.24148 0.126544 0.0799119 0.431038 0.126544 0.0766421 0.434308 0.137708 0.100184 0.4477 0.137708 0.100607 0.44287 0.126004 -0.0784826 0.225692 0.126544 -0.0752127 0.222422 0.137708 -0.0955983 0.211709 0.137708 -0.0960208 0.216538 0.126004 0.0989698 0.41198 0.137708 0.0957 0.41525 0.126544 -0.0784826 0.225692 0.148872 -0.0960208 0.216538 0.149412 0.0957 0.41525 0.148872 -0.0942706 0.24148 0.148872 0.079912 0.431038 0.148872 0.100607 0.44287 0.149412 0.105692 0.0475367 0.137708 0.117218 0.0465283 0.137708 0.116694 0.0405332 0.12318 0.105168 0.0415417 0.12318 0.105168 0.0415417 0.12318 0.116694 0.0405332 0.12318 0.115428 0.0260601 0.117162 0.103901 0.0270685 0.117162 0.114161 0.0115869 0.12318 0.102635 0.0125953 0.12318 0.102635 0.0125953 0.12318 0.114161 0.0115869 0.12318 0.113637 0.00559185 0.137708 0.102111 0.00660028 0.137708 0.114161 0.011587 0.152237 0.102635 0.0125954 0.152237 0.102635 0.0125954 0.152237 0.114161 0.011587 0.152237 0.115428 0.0260601 0.158254 0.103901 0.0270685 0.158254 0.116694 0.0405333 0.152237 0.105168 0.0415417 0.152237 0.105168 0.0415417 0.152237 0.116694 0.0405333 0.152237 0.100549 0.0391103 0.126004 0.100972 0.0439398 0.137708 0.100549 0.0391103 0.149412 0.100549 0.0391103 0.149412 0.0995293 0.027451 0.15426 0.0985092 0.0157916 0.149412 0.102635 0.0125954 0.152237 0.0985092 0.0157916 0.149412 0.0980867 0.0109621 0.137708 0.102111 0.00660028 0.137708 0.0985092 0.0157916 0.126004 0.102635 0.0125953 0.12318 0.0985092 0.0157916 0.126004 0.0995293 0.027451 0.121156 0.100549 0.0391103 0.126004 -0.0741537 0.233561 0.137708 0.100029 0.0440033 0.137708 0.0967591 0.0407335 0.126544 -0.0774235 0.230292 0.126544 -0.0774235 0.230292 0.126544 0.0967591 0.0407335 0.126544 0.088865 0.0328395 0.12192 -0.0853175 0.222398 0.12192 0.080971 0.0249455 0.126544 -0.0932115 0.214504 0.126544 -0.0932115 0.214504 0.126544 0.080971 0.0249455 0.126544 0.0777012 0.0216757 0.137708 -0.0964814 0.211234 0.137708 0.080971 0.0249455 0.148872 -0.0932115 0.214504 0.148872 -0.0932115 0.214504 0.148872 0.080971 0.0249455 0.148872 0.088865 0.0328395 0.153496 -0.0853175 0.222398 0.153496 0.0967591 0.0407335 0.148872 -0.0774235 0.230292 0.148872 -0.0774235 0.230292 0.148872 0.0967591 0.0407335 0.148872 -0.10172 0.251315 0.137708 -0.102244 0.24532 0.123179 -0.113771 0.246329 0.123179 -0.113246 0.252324 0.137708 -0.102244 0.24532 0.123179 -0.103511 0.230847 0.117162 -0.115037 0.231855 0.117162 -0.113771 0.246329 0.123179 -0.104777 0.216374 0.123179 -0.116303 0.217382 0.123179 -0.104777 0.216374 0.123179 -0.105301 0.210379 0.137708 -0.116827 0.211387 0.137708 -0.116303 0.217382 0.123179 -0.104777 0.216374 0.152237 -0.116303 0.217382 0.152237 -0.104777 0.216374 0.152237 -0.103511 0.230847 0.158254 -0.115037 0.231855 0.158254 -0.116303 0.217382 0.152237 -0.102244 0.24532 0.152236 -0.11377 0.246329 0.152236 -0.102244 0.24532 0.152236 -0.11377 0.246329 0.152236 -0.0976958 0.246953 0.137708 -0.0981183 0.242124 0.126004 -0.102244 0.24532 0.123179 -0.10172 0.251315 0.137708 -0.0981183 0.242124 0.149412 -0.102244 0.24532 0.152236 -0.0991384 0.230465 0.15426 -0.0981183 0.242124 0.149412 -0.100158 0.218805 0.149412 -0.100581 0.213976 0.137708 -0.100158 0.218805 0.149412 -0.100158 0.218805 0.126004 -0.0991384 0.230465 0.121156 -0.100158 0.218805 0.126004 -0.0981183 0.242124 0.126004 0.100029 0.0440033 0.137708 0.0967591 0.0407335 0.126544 -0.0774235 0.230292 0.126544 -0.0981183 0.242124 0.126004 -0.0976958 0.246953 0.137708 -0.0741537 0.233561 0.137708 0.080971 0.0249455 0.126544 0.0985092 0.0157916 0.126004 0.0980867 0.0109621 0.137708 0.0777012 0.0216757 0.137708 -0.0964814 0.211234 0.137708 -0.0932115 0.214504 0.126544 0.0985092 0.0157916 0.149412 0.080971 0.0249455 0.148872 -0.0932115 0.214504 0.148872 0.0967591 0.0407335 0.148872 -0.0981183 0.242124 0.149412 -0.0774235 0.230292 0.148872 0.10339 0.461113 0.137708 0.114916 0.460104 0.137708 0.114392 0.454109 0.12318 0.102865 0.455118 0.12318 0.102865 0.455118 0.12318 0.114392 0.454109 0.12318 0.113125 0.439636 0.117162 0.101599 0.440645 0.117162 0.111859 0.425163 0.12318 0.100333 0.426171 0.12318 0.100333 0.426171 0.12318 0.111859 0.425163 0.12318 0.111335 0.419168 0.137708 0.0998083 0.420176 0.137708 0.111859 0.425163 0.152237 0.100333 0.426172 0.152237 0.100333 0.426172 0.152237 0.111859 0.425163 0.152237 0.113125 0.439636 0.158254 0.101599 0.440645 0.158254 0.114392 0.454109 0.152237 0.102865 0.455118 0.152237 0.102865 0.455118 0.152237 0.114392 0.454109 0.152237 0.098247 0.452686 0.126004 0.0986696 0.457516 0.137708 0.098247 0.452686 0.149412 0.098247 0.452686 0.149412 0.0972269 0.441027 0.15426 0.0962069 0.429368 0.149412 0.100333 0.426172 0.152237 0.0962069 0.429368 0.149412 0.0957844 0.424538 0.137708 0.0998083 0.420176 0.137708 0.0962069 0.429368 0.126004 0.100333 0.426171 0.12318 0.0962069 0.429368 0.126004 0.097227 0.441027 0.121156 0.098247 0.452686 0.126004 -0.076456 0.647138 0.137708 0.0977266 0.457579 0.137708 0.0944568 0.45431 0.126544 -0.0797258 0.643868 0.126544 -0.0797258 0.643868 0.126544 0.0944568 0.45431 0.126544 0.0865627 0.446416 0.12192 -0.0876198 0.635974 0.12192 0.0786687 0.438522 0.126544 -0.0955138 0.62808 0.126544 -0.0955138 0.62808 0.126544 0.0786687 0.438522 0.126544 0.0753989 0.435252 0.137708 -0.0987837 0.62481 0.137708 0.0786687 0.438522 0.148872 -0.0955138 0.62808 0.148872 -0.0955138 0.62808 0.148872 0.0786687 0.438522 0.148872 0.0865627 0.446416 0.153496 -0.0876198 0.635974 0.153496 0.0944568 0.45431 0.148872 -0.0797258 0.643868 0.148872 -0.0797258 0.643868 0.148872 0.0944568 0.45431 0.148872 -0.104022 0.664891 0.137708 -0.104547 0.658896 0.123179 -0.116073 0.659905 0.123179 -0.115548 0.6659 0.137708 -0.104547 0.658896 0.123179 -0.105813 0.644423 0.117162 -0.117339 0.645432 0.117162 -0.116073 0.659905 0.123179 -0.107079 0.62995 0.123179 -0.118605 0.630958 0.123179 -0.107079 0.62995 0.123179 -0.107604 0.623955 0.137708 -0.11913 0.624963 0.137708 -0.118605 0.630958 0.123179 -0.107079 0.62995 0.152237 -0.118605 0.630958 0.152237 -0.107079 0.62995 0.152237 -0.105813 0.644423 0.158254 -0.117339 0.645432 0.158254 -0.118605 0.630958 0.152237 -0.104547 0.658896 0.152236 -0.116073 0.659905 0.152236 -0.104547 0.658896 0.152236 -0.116073 0.659905 0.152236 -0.0999981 0.660529 0.137708 -0.100421 0.6557 0.126004 -0.104547 0.658896 0.123179 -0.104022 0.664891 0.137708 -0.100421 0.6557 0.149412 -0.104547 0.658896 0.152236 -0.101441 0.644041 0.15426 -0.100421 0.6557 0.149412 -0.102461 0.632381 0.149412 -0.102883 0.627552 0.137708 -0.102461 0.632381 0.149412 -0.102461 0.632381 0.126004 -0.101441 0.644041 0.121156 -0.102461 0.632381 0.126004 -0.100421 0.6557 0.126004 0.0977266 0.457579 0.137708 0.0944568 0.45431 0.126544 -0.0797258 0.643868 0.126544 -0.100421 0.6557 0.126004 -0.0999981 0.660529 0.137708 -0.076456 0.647138 0.137708 0.0786687 0.438522 0.126544 0.0962069 0.429368 0.126004 0.0957844 0.424538 0.137708 0.0753989 0.435252 0.137708 -0.0987837 0.62481 0.137708 -0.0955138 0.62808 0.126544 0.0962069 0.429368 0.149412 0.0786687 0.438522 0.148872 -0.0955138 0.62808 0.148872 0.0944568 0.45431 0.148872 -0.100421 0.6557 0.149412 -0.0797258 0.643868 0.148872 -0.105506 0.661859 0.137708 -0.104982 0.655864 0.12318 -0.116508 0.654856 0.12318 -0.117032 0.660851 0.137708 -0.104982 0.655864 0.12318 -0.103715 0.641391 0.117162 -0.115242 0.640383 0.117162 -0.116508 0.654856 0.12318 -0.102449 0.626918 0.12318 -0.113975 0.625909 0.12318 -0.102449 0.626918 0.12318 -0.101925 0.620923 0.137708 -0.113451 0.619914 0.137708 -0.113975 0.625909 0.12318 -0.102449 0.626918 0.152237 -0.113975 0.62591 0.152237 -0.102449 0.626918 0.152237 -0.103715 0.641391 0.158254 -0.115242 0.640383 0.158254 -0.113975 0.62591 0.152237 -0.104982 0.655864 0.152236 -0.116508 0.654856 0.152236 -0.104982 0.655864 0.152236 -0.116508 0.654856 0.152236 -0.100786 0.658262 0.137708 -0.100363 0.653433 0.126004 -0.100363 0.653433 0.149412 -0.0993432 0.641773 0.15426 -0.100363 0.653433 0.149412 -0.0983231 0.630114 0.149412 -0.0979006 0.625285 0.137708 -0.0983231 0.630114 0.149412 -0.102449 0.626918 0.152237 -0.101925 0.620923 0.137708 -0.0983231 0.630114 0.126004 -0.102449 0.626918 0.12318 -0.0993432 0.641773 0.121156 -0.0983231 0.630114 0.126004 -0.100363 0.653433 0.126004 0.0743398 0.847884 0.137708 0.0776096 0.844614 0.126544 -0.096573 0.655056 0.126544 -0.0998428 0.658326 0.137708 0.0776096 0.844614 0.126544 0.0855037 0.83672 0.12192 -0.0886789 0.647162 0.12192 -0.096573 0.655056 0.126544 0.0933977 0.828826 0.126544 -0.0807849 0.639268 0.126544 0.0933977 0.828826 0.126544 0.0966675 0.825556 0.137708 -0.0775151 0.635998 0.137708 -0.0807849 0.639268 0.126544 0.0933977 0.828826 0.148872 -0.0807849 0.639268 0.148872 0.0933977 0.828826 0.148872 0.0855037 0.83672 0.153496 -0.0886789 0.647162 0.153496 -0.0807849 0.639268 0.148872 0.0776097 0.844614 0.148872 -0.096573 0.655056 0.148872 0.0776097 0.844614 0.148872 -0.096573 0.655056 0.148872 0.101906 0.865638 0.137708 0.113432 0.866646 0.137708 0.113957 0.860651 0.123179 0.10243 0.859643 0.123179 0.10243 0.859643 0.123179 0.113957 0.860651 0.123179 0.115223 0.846178 0.117162 0.103697 0.845169 0.117162 0.116489 0.831705 0.123179 0.104963 0.830696 0.123179 0.104963 0.830696 0.123179 0.116489 0.831705 0.123179 0.117014 0.82571 0.137708 0.105487 0.824701 0.137708 0.116489 0.831705 0.152237 0.104963 0.830696 0.152237 0.104963 0.830696 0.152237 0.116489 0.831705 0.152237 0.115223 0.846178 0.158254 0.103697 0.845169 0.158254 0.113957 0.860651 0.152236 0.10243 0.859643 0.152236 0.10243 0.859643 0.152236 0.113957 0.860651 0.152236 0.10243 0.859643 0.123179 0.0983045 0.856446 0.126004 0.097882 0.861276 0.137708 0.101906 0.865638 0.137708 0.0983045 0.856446 0.149412 0.10243 0.859643 0.152236 0.0983045 0.856446 0.149412 0.0993246 0.844787 0.15426 0.100345 0.833128 0.149412 0.100345 0.833128 0.149412 0.100767 0.828298 0.137708 0.100345 0.833128 0.126004 0.100345 0.833128 0.126004 0.0993246 0.844787 0.121156 0.0983045 0.856446 0.126004 -0.0998428 0.658326 0.137708 -0.096573 0.655056 0.126544 0.0776096 0.844614 0.126544 0.0743398 0.847884 0.137708 0.097882 0.861276 0.137708 0.0983045 0.856446 0.126004 -0.0807849 0.639268 0.126544 -0.0775151 0.635998 0.137708 -0.0979006 0.625285 0.137708 -0.0983231 0.630114 0.126004 0.0966675 0.825556 0.137708 0.0933977 0.828826 0.126544 -0.0807849 0.639268 0.148872 -0.0983231 0.630114 0.149412 0.0933977 0.828826 0.148872 -0.096573 0.655056 0.148872 0.0776097 0.844614 0.148872 0.0983045 0.856446 0.149412 0.10339 -0.360893 0.137708 0.114916 -0.361901 0.137708 0.114392 -0.367896 0.12318 0.102865 -0.366888 0.12318 0.102865 -0.366888 0.12318 0.114392 -0.367896 0.12318 0.113125 -0.382369 0.117162 0.101599 -0.381361 0.117162 0.111859 -0.396843 0.12318 0.100333 -0.395834 0.12318 0.100333 -0.395834 0.12318 0.111859 -0.396843 0.12318 0.111335 -0.402838 0.137708 0.0998083 -0.401829 0.137708 0.111859 -0.396843 0.152237 0.100333 -0.395834 0.152237 0.100333 -0.395834 0.152237 0.111859 -0.396843 0.152237 0.113125 -0.382369 0.158254 0.101599 -0.381361 0.158254 0.114392 -0.367896 0.152237 0.102865 -0.366888 0.152237 0.102865 -0.366888 0.152237 0.114392 -0.367896 0.152237 0.098247 -0.369319 0.126004 0.0986696 -0.36449 0.137708 0.098247 -0.369319 0.149412 0.098247 -0.369319 0.149412 0.0972269 -0.380978 0.15426 0.0962069 -0.392638 0.149412 0.100333 -0.395834 0.152237 0.0962069 -0.392638 0.149412 0.0957844 -0.397467 0.137708 0.0998083 -0.401829 0.137708 0.0962069 -0.392638 0.126004 0.100333 -0.395834 0.12318 0.0962069 -0.392638 0.126004 0.097227 -0.380978 0.121156 0.098247 -0.369319 0.126004 -0.076456 -0.174868 0.137708 0.0977266 -0.364426 0.137708 0.0944568 -0.367696 0.126544 -0.0797258 -0.178138 0.126544 -0.0797258 -0.178138 0.126544 0.0944568 -0.367696 0.126544 0.0865627 -0.37559 0.12192 -0.0876198 -0.186032 0.12192 0.0786687 -0.383484 0.126544 -0.0955138 -0.193926 0.126544 -0.0955138 -0.193926 0.126544 0.0786687 -0.383484 0.126544 0.0753989 -0.386754 0.137708 -0.0987837 -0.197196 0.137708 0.0786687 -0.383484 0.148872 -0.0955138 -0.193926 0.148872 -0.0955138 -0.193926 0.148872 0.0786687 -0.383484 0.148872 0.0865627 -0.37559 0.153496 -0.0876198 -0.186032 0.153496 0.0944568 -0.367696 0.148872 -0.0797258 -0.178138 0.148872 -0.0797258 -0.178138 0.148872 0.0944568 -0.367696 0.148872 -0.104022 -0.157114 0.137708 -0.104547 -0.163109 0.123179 -0.116073 -0.162101 0.123179 -0.115548 -0.156106 0.137708 -0.104547 -0.163109 0.123179 -0.105813 -0.177582 0.117162 -0.117339 -0.176574 0.117162 -0.116073 -0.162101 0.123179 -0.107079 -0.192056 0.123179 -0.118605 -0.191047 0.123179 -0.107079 -0.192056 0.123179 -0.107604 -0.198051 0.137708 -0.11913 -0.197042 0.137708 -0.118605 -0.191047 0.123179 -0.107079 -0.192056 0.152237 -0.118605 -0.191047 0.152237 -0.107079 -0.192056 0.152237 -0.105813 -0.177582 0.158254 -0.117339 -0.176574 0.158254 -0.118605 -0.191047 0.152237 -0.104547 -0.163109 0.152236 -0.116073 -0.162101 0.152236 -0.104547 -0.163109 0.152236 -0.116073 -0.162101 0.152236 -0.0999981 -0.161476 0.137708 -0.100421 -0.166306 0.126004 -0.104547 -0.163109 0.123179 -0.104022 -0.157114 0.137708 -0.100421 -0.166306 0.149412 -0.104547 -0.163109 0.152236 -0.101441 -0.177965 0.15426 -0.100421 -0.166306 0.149412 -0.102461 -0.189624 0.149412 -0.102883 -0.194454 0.137708 -0.102461 -0.189624 0.149412 -0.102461 -0.189624 0.126004 -0.101441 -0.177965 0.121156 -0.102461 -0.189624 0.126004 -0.100421 -0.166306 0.126004 0.0977266 -0.364426 0.137708 0.0944568 -0.367696 0.126544 -0.0797258 -0.178138 0.126544 -0.100421 -0.166306 0.126004 -0.0999981 -0.161476 0.137708 -0.076456 -0.174868 0.137708 0.0786687 -0.383484 0.126544 0.0962069 -0.392638 0.126004 0.0957844 -0.397467 0.137708 0.0753989 -0.386754 0.137708 -0.0987837 -0.197196 0.137708 -0.0955138 -0.193926 0.126544 0.0962069 -0.392638 0.149412 0.0786687 -0.383484 0.148872 -0.0955138 -0.193926 0.148872 0.0944568 -0.367696 0.148872 -0.100421 -0.166306 0.149412 -0.0797258 -0.178138 0.148872 0.105692 -0.774469 0.137708 0.117218 -0.775477 0.137708 0.116694 -0.781472 0.12318 0.105168 -0.780464 0.12318 0.105168 -0.780464 0.12318 0.116694 -0.781472 0.12318 0.115428 -0.795945 0.117162 0.103901 -0.794937 0.117162 0.114161 -0.810419 0.12318 0.102635 -0.80941 0.12318 0.102635 -0.80941 0.12318 0.114161 -0.810419 0.12318 0.113637 -0.816414 0.137708 0.102111 -0.815405 0.137708 0.114161 -0.810419 0.152237 0.102635 -0.80941 0.152237 0.102635 -0.80941 0.152237 0.114161 -0.810419 0.152237 0.115428 -0.795945 0.158254 0.103901 -0.794937 0.158254 0.116694 -0.781472 0.152237 0.105168 -0.780464 0.152237 0.105168 -0.780464 0.152237 0.116694 -0.781472 0.152237 0.100549 -0.782895 0.126004 0.100972 -0.778066 0.137708 0.100549 -0.782895 0.149412 0.100549 -0.782895 0.149412 0.0995293 -0.794555 0.15426 0.0985092 -0.806214 0.149412 0.102635 -0.80941 0.152237 0.0985092 -0.806214 0.149412 0.0980867 -0.811043 0.137708 0.102111 -0.815405 0.137708 0.0985092 -0.806214 0.126004 0.102635 -0.80941 0.12318 0.0985092 -0.806214 0.126004 0.0995293 -0.794555 0.121156 0.100549 -0.782895 0.126004 -0.0741537 -0.588444 0.137708 0.100029 -0.778002 0.137708 0.0967591 -0.781272 0.126544 -0.0774235 -0.591714 0.126544 -0.0774235 -0.591714 0.126544 0.0967591 -0.781272 0.126544 0.088865 -0.789166 0.12192 -0.0853175 -0.599608 0.12192 0.080971 -0.79706 0.126544 -0.0932115 -0.607502 0.126544 -0.0932115 -0.607502 0.126544 0.080971 -0.79706 0.126544 0.0777012 -0.80033 0.137708 -0.0964814 -0.610772 0.137708 0.080971 -0.79706 0.148872 -0.0932115 -0.607502 0.148872 -0.0932115 -0.607502 0.148872 0.080971 -0.79706 0.148872 0.088865 -0.789166 0.153496 -0.0853175 -0.599608 0.153496 0.0967591 -0.781272 0.148872 -0.0774235 -0.591714 0.148872 -0.0774235 -0.591714 0.148872 0.0967591 -0.781272 0.148872 -0.10172 -0.57069 0.137708 -0.102244 -0.576685 0.123179 -0.113771 -0.575677 0.123179 -0.113246 -0.569682 0.137708 -0.102244 -0.576685 0.123179 -0.103511 -0.591159 0.117162 -0.115037 -0.59015 0.117162 -0.113771 -0.575677 0.123179 -0.104777 -0.605632 0.123179 -0.116303 -0.604623 0.123179 -0.104777 -0.605632 0.123179 -0.105301 -0.611627 0.137708 -0.116827 -0.610618 0.137708 -0.116303 -0.604623 0.123179 -0.104777 -0.605632 0.152237 -0.116303 -0.604623 0.152237 -0.104777 -0.605632 0.152237 -0.103511 -0.591159 0.158254 -0.115037 -0.59015 0.158254 -0.116303 -0.604623 0.152237 -0.102244 -0.576685 0.152236 -0.11377 -0.575677 0.152236 -0.102244 -0.576685 0.152236 -0.11377 -0.575677 0.152236 -0.0976958 -0.575052 0.137708 -0.0981183 -0.579882 0.126004 -0.102244 -0.576685 0.123179 -0.10172 -0.57069 0.137708 -0.0981183 -0.579882 0.149412 -0.102244 -0.576685 0.152236 -0.0991384 -0.591541 0.15426 -0.0981183 -0.579882 0.149412 -0.100158 -0.6032 0.149412 -0.100581 -0.60803 0.137708 -0.100158 -0.6032 0.149412 -0.100158 -0.6032 0.126004 -0.0991384 -0.591541 0.121156 -0.100158 -0.6032 0.126004 -0.0981183 -0.579882 0.126004 0.100029 -0.778002 0.137708 0.0967591 -0.781272 0.126544 -0.0774235 -0.591714 0.126544 -0.0981183 -0.579882 0.126004 -0.0976958 -0.575052 0.137708 -0.0741537 -0.588444 0.137708 0.080971 -0.79706 0.126544 0.0985092 -0.806214 0.126004 0.0980867 -0.811043 0.137708 0.0777012 -0.80033 0.137708 -0.0964814 -0.610772 0.137708 -0.0932115 -0.607502 0.126544 0.0985092 -0.806214 0.149412 0.080971 -0.79706 0.148872 -0.0932115 -0.607502 0.148872 0.0967591 -0.781272 0.148872 -0.0981183 -0.579882 0.149412 -0.0774235 -0.591714 0.148872 0.105196 -0.872624 0.137708 0.116233 -0.872624 0.137708 0.116233 -0.878364 0.12385 0.105196 -0.878364 0.12385 0.105196 -0.878364 0.12385 0.116233 -0.878364 0.12385 0.116233 -0.892223 0.11811 0.105196 -0.892223 0.11811 0.116233 -0.906081 0.12385 0.105196 -0.906081 0.12385 0.105196 -0.906081 0.12385 0.116233 -0.906081 0.12385 0.116233 -0.911821 0.137708 0.105196 -0.911821 0.137708 0.116233 -0.90608 0.151566 0.105196 -0.90608 0.151566 0.105196 -0.90608 0.151566 0.116233 -0.90608 0.151566 0.116233 -0.892223 0.157306 0.105196 -0.892223 0.157306 0.116233 -0.878364 0.151566 0.105196 -0.878364 0.151566 0.105196 -0.878364 0.151566 0.116233 -0.878364 0.151566 0.10101 -0.881059 0.126544 0.10101 -0.876434 0.137708 0.10101 -0.881059 0.148872 0.10101 -0.881059 0.148872 0.10101 -0.892223 0.153496 0.10101 -0.903386 0.148872 0.10101 -0.903386 0.148872 0.10101 -0.908011 0.137708 0.10101 -0.903386 0.126544 0.10101 -0.903386 0.126544 0.10101 -0.892223 0.12192 0.10101 -0.881059 0.126544 -0.100255 -0.881059 0.126544 -0.100255 -0.876434 0.137708 -0.100255 -0.892223 0.12192 -0.100255 -0.881059 0.126544 -0.100255 -0.903386 0.126544 -0.100255 -0.908011 0.137708 -0.100255 -0.903386 0.126544 -0.100255 -0.903386 0.148872 -0.100255 -0.892223 0.153496 -0.100255 -0.903386 0.148872 -0.100255 -0.881059 0.148872 -0.100255 -0.881059 0.148872 -0.104441 -0.872624 0.137708 -0.104441 -0.878364 0.12385 -0.115478 -0.878364 0.12385 -0.115478 -0.872624 0.137708 -0.104441 -0.878364 0.12385 -0.104441 -0.892223 0.11811 -0.115478 -0.892223 0.11811 -0.115478 -0.878364 0.12385 -0.104441 -0.906081 0.12385 -0.115478 -0.906081 0.12385 -0.104441 -0.906081 0.12385 -0.104441 -0.911821 0.137708 -0.115478 -0.911821 0.137708 -0.115478 -0.906081 0.12385 -0.104441 -0.90608 0.151566 -0.115478 -0.90608 0.151566 -0.104441 -0.90608 0.151566 -0.104441 -0.892223 0.157306 -0.115478 -0.892223 0.157306 -0.115478 -0.90608 0.151566 -0.104441 -0.878364 0.151566 -0.115478 -0.878364 0.151566 -0.104441 -0.878364 0.151566 -0.115478 -0.878364 0.151566 0.137708 0.248283 -0.103425 0.152236 0.242288 -0.102901 0.152236 0.24128 -0.114427 0.137708 0.247275 -0.114952 0.152236 0.242288 -0.102901 0.158254 0.227815 -0.101635 0.158254 0.226807 -0.113161 0.152236 0.24128 -0.114427 0.152236 0.213342 -0.100368 0.152236 0.212333 -0.111895 0.152236 0.213342 -0.100368 0.137708 0.207347 -0.0998438 0.137708 0.206338 -0.11137 0.152236 0.212333 -0.111895 0.123179 0.213342 -0.100368 0.123179 0.212333 -0.111895 0.123179 0.213342 -0.100368 0.117162 0.227815 -0.101635 0.117162 0.226807 -0.113161 0.123179 0.212333 -0.111895 0.123179 0.242288 -0.102901 0.123179 0.24128 -0.114427 0.123179 0.242288 -0.102901 0.123179 0.24128 -0.114427 0.137708 0.244686 -0.098705 0.149412 0.239857 -0.0982825 0.126004 0.239857 -0.0982825 0.121156 0.228198 -0.0972624 0.126004 0.239857 -0.0982825 0.126004 0.216538 -0.0962423 0.137708 0.211709 -0.0958198 0.126004 0.216538 -0.0962423 0.123179 0.213342 -0.100368 0.137708 0.207347 -0.0998438 0.149412 0.216538 -0.0962423 0.152236 0.213342 -0.100368 0.15426 0.228198 -0.0972624 0.149412 0.216538 -0.0962423 0.149412 0.239857 -0.0982825 0.137708 0.434308 0.0764206 0.148872 0.431038 0.0796904 0.148872 0.24148 -0.0944922 0.137708 0.24475 -0.097762 0.148872 0.431038 0.0796904 0.153496 0.423144 0.0875844 0.153496 0.233586 -0.0865982 0.148872 0.24148 -0.0944922 0.148872 0.41525 0.0954784 0.148872 0.225692 -0.0787041 0.148872 0.41525 0.0954784 0.137708 0.41198 0.0987482 0.137708 0.222422 -0.0754343 0.148872 0.225692 -0.0787041 0.126544 0.41525 0.0954784 0.126544 0.225692 -0.0787041 0.126544 0.41525 0.0954784 0.12192 0.423144 0.0875844 0.12192 0.233586 -0.0865982 0.126544 0.225692 -0.0787041 0.126544 0.431038 0.0796904 0.126544 0.24148 -0.0944922 0.126544 0.431038 0.0796904 0.126544 0.24148 -0.0944922 0.137708 0.452062 0.103987 0.137708 0.45307 0.115513 0.152237 0.447075 0.116037 0.152237 0.446067 0.104511 0.152237 0.446067 0.104511 0.152237 0.447075 0.116037 0.158254 0.432602 0.117304 0.158254 0.431594 0.105777 0.152237 0.418129 0.11857 0.152237 0.41712 0.107044 0.152237 0.41712 0.107044 0.152237 0.418129 0.11857 0.137708 0.412134 0.119094 0.137708 0.411125 0.107568 0.123179 0.418129 0.11857 0.123179 0.41712 0.107044 0.123179 0.41712 0.107044 0.123179 0.418129 0.11857 0.117162 0.432602 0.117304 0.117162 0.431594 0.105777 0.12318 0.447075 0.116037 0.12318 0.446067 0.104511 0.12318 0.446067 0.104511 0.12318 0.447075 0.116037 0.152237 0.446067 0.104511 0.149412 0.44287 0.100385 0.137708 0.4477 0.0999628 0.137708 0.452062 0.103987 0.126004 0.44287 0.100385 0.12318 0.446067 0.104511 0.126004 0.44287 0.100385 0.121156 0.431211 0.101405 0.126004 0.419552 0.102425 0.126004 0.419552 0.102425 0.137708 0.414722 0.102848 0.149412 0.419552 0.102425 0.149412 0.419552 0.102425 0.15426 0.431211 0.101405 0.149412 0.44287 0.100385 0.137708 0.24475 -0.097762 0.148872 0.24148 -0.0944922 0.148872 0.431038 0.0796904 0.137708 0.434308 0.0764206 0.137708 0.4477 0.0999628 0.149412 0.44287 0.100385 0.148872 0.225692 -0.0787041 0.137708 0.222422 -0.0754343 0.137708 0.211709 -0.0958198 0.149412 0.216538 -0.0962423 0.137708 0.41198 0.0987482 0.148872 0.41525 0.0954784 0.126544 0.225692 -0.0787041 0.126004 0.216538 -0.0962423 0.126544 0.41525 0.0954784 0.126544 0.24148 -0.0944922 0.126544 0.431038 0.0796904 0.126004 0.44287 0.100385 0.137708 0.461113 0.103168 0.137708 0.460104 0.114695 0.152236 0.454109 0.11417 0.152236 0.455118 0.102644 0.152236 0.455118 0.102644 0.152236 0.454109 0.11417 0.158254 0.439636 0.112904 0.158254 0.440645 0.101378 0.152236 0.425163 0.111638 0.152236 0.426171 0.100111 0.152236 0.426171 0.100111 0.152236 0.425163 0.111638 0.137708 0.419168 0.111113 0.137708 0.420176 0.0995868 0.123179 0.425163 0.111638 0.123179 0.426172 0.100111 0.123179 0.426172 0.100111 0.123179 0.425163 0.111638 0.117162 0.439636 0.112904 0.117162 0.440645 0.101378 0.123179 0.454109 0.11417 0.123179 0.455118 0.102644 0.123179 0.455118 0.102644 0.123179 0.454109 0.11417 0.149412 0.452686 0.0980255 0.137708 0.457516 0.098448 0.126004 0.452686 0.0980255 0.126004 0.452686 0.0980255 0.121156 0.441027 0.0970054 0.126004 0.429368 0.0959853 0.123179 0.426172 0.100111 0.126004 0.429368 0.0959853 0.137708 0.424538 0.0955628 0.137708 0.420176 0.0995868 0.149412 0.429368 0.0959853 0.152236 0.426171 0.100111 0.149412 0.429368 0.0959853 0.15426 0.441027 0.0970054 0.149412 0.452686 0.0980255 0.137708 0.647138 -0.0766775 0.137708 0.457579 0.097505 0.148872 0.45431 0.0942352 0.148872 0.643868 -0.0799473 0.148872 0.643868 -0.0799473 0.148872 0.45431 0.0942352 0.153496 0.446416 0.0863412 0.153496 0.635974 -0.0878413 0.148872 0.438522 0.0784471 0.148872 0.62808 -0.0957354 0.148872 0.62808 -0.0957354 0.148872 0.438522 0.0784471 0.137708 0.435252 0.0751773 0.137708 0.62481 -0.0990052 0.126544 0.438522 0.0784471 0.126544 0.62808 -0.0957354 0.126544 0.62808 -0.0957354 0.126544 0.438522 0.0784471 0.12192 0.446416 0.0863412 0.12192 0.635974 -0.0878413 0.126544 0.45431 0.0942352 0.126544 0.643868 -0.0799473 0.126544 0.643868 -0.0799473 0.126544 0.45431 0.0942352 0.137708 0.664891 -0.104244 0.152236 0.658896 -0.104768 0.152236 0.659905 -0.116294 0.137708 0.6659 -0.11577 0.152236 0.658896 -0.104768 0.158254 0.644423 -0.106034 0.158254 0.645432 -0.117561 0.152236 0.659905 -0.116294 0.152236 0.62995 -0.107301 0.152236 0.630958 -0.118827 0.152236 0.62995 -0.107301 0.137708 0.623955 -0.107825 0.137708 0.624963 -0.119351 0.152236 0.630958 -0.118827 0.123179 0.62995 -0.107301 0.123179 0.630958 -0.118827 0.123179 0.62995 -0.107301 0.117162 0.644423 -0.106034 0.117162 0.645432 -0.117561 0.123179 0.630958 -0.118827 0.123179 0.658896 -0.104768 0.123179 0.659905 -0.116294 0.123179 0.658896 -0.104768 0.123179 0.659905 -0.116294 0.137708 0.660529 -0.10022 0.149412 0.6557 -0.100642 0.152236 0.658896 -0.104768 0.137708 0.664891 -0.104244 0.126004 0.6557 -0.100642 0.123179 0.658896 -0.104768 0.121156 0.644041 -0.101662 0.126004 0.6557 -0.100642 0.126004 0.632381 -0.102682 0.137708 0.627552 -0.103105 0.126004 0.632381 -0.102682 0.149412 0.632381 -0.102682 0.15426 0.644041 -0.101662 0.149412 0.632381 -0.102682 0.149412 0.6557 -0.100642 0.137708 0.457579 0.097505 0.148872 0.45431 0.0942352 0.148872 0.643868 -0.0799473 0.149412 0.6557 -0.100642 0.137708 0.660529 -0.10022 0.137708 0.647138 -0.0766775 0.148872 0.438522 0.0784471 0.149412 0.429368 0.0959853 0.137708 0.424538 0.0955628 0.137708 0.435252 0.0751773 0.137708 0.62481 -0.0990052 0.148872 0.62808 -0.0957354 0.126004 0.429368 0.0959853 0.126544 0.438522 0.0784471 0.126544 0.62808 -0.0957354 0.126544 0.45431 0.0942352 0.126004 0.6557 -0.100642 0.126544 0.643868 -0.0799473 0.137708 0.661859 -0.105728 0.152236 0.655864 -0.105203 0.152236 0.654856 -0.116729 0.137708 0.660851 -0.117254 0.152236 0.655864 -0.105203 0.158254 0.641391 -0.103937 0.158254 0.640383 -0.115463 0.152236 0.654856 -0.116729 0.152236 0.626918 -0.102671 0.152236 0.625909 -0.114197 0.152236 0.626918 -0.102671 0.137708 0.620923 -0.102146 0.137708 0.619914 -0.113672 0.152236 0.625909 -0.114197 0.123179 0.626918 -0.102671 0.123179 0.62591 -0.114197 0.123179 0.626918 -0.102671 0.117162 0.641391 -0.103937 0.117162 0.640383 -0.115463 0.123179 0.62591 -0.114197 0.123179 0.655864 -0.105203 0.123179 0.654856 -0.116729 0.123179 0.655864 -0.105203 0.123179 0.654856 -0.116729 0.137708 0.658262 -0.101007 0.149412 0.653433 -0.100585 0.126004 0.653433 -0.100585 0.121156 0.641773 -0.0995647 0.126004 0.653433 -0.100585 0.126004 0.630114 -0.0985446 0.137708 0.625285 -0.0981221 0.126004 0.630114 -0.0985446 0.123179 0.626918 -0.102671 0.137708 0.620923 -0.102146 0.149412 0.630114 -0.0985446 0.152236 0.626918 -0.102671 0.15426 0.641773 -0.0995647 0.149412 0.630114 -0.0985446 0.149412 0.653433 -0.100585 0.137708 0.847884 0.0741182 0.148872 0.844614 0.0773881 0.148872 0.655056 -0.0967945 0.137708 0.658326 -0.100064 0.148872 0.844614 0.0773881 0.153496 0.83672 0.0852821 0.153496 0.647162 -0.0889005 0.148872 0.655056 -0.0967945 0.148872 0.828826 0.0931761 0.148872 0.639268 -0.0810065 0.148872 0.828826 0.0931761 0.137708 0.825556 0.0964459 0.137708 0.635998 -0.0777366 0.148872 0.639268 -0.0810065 0.126544 0.828826 0.0931761 0.126544 0.639268 -0.0810065 0.126544 0.828826 0.0931761 0.12192 0.83672 0.0852821 0.12192 0.647162 -0.0889005 0.126544 0.639268 -0.0810065 0.126544 0.844614 0.0773881 0.126544 0.655056 -0.0967945 0.126544 0.844614 0.0773881 0.126544 0.655056 -0.0967945 0.137708 0.865638 0.101684 0.137708 0.866646 0.113211 0.152237 0.860651 0.113735 0.152237 0.859643 0.102209 0.152237 0.859643 0.102209 0.152237 0.860651 0.113735 0.158254 0.846178 0.115001 0.158254 0.845169 0.103475 0.152237 0.831705 0.116268 0.152237 0.830696 0.104741 0.152237 0.830696 0.104741 0.152237 0.831705 0.116268 0.137708 0.82571 0.116792 0.137708 0.824701 0.105266 0.123179 0.831705 0.116268 0.123179 0.830696 0.104741 0.123179 0.830696 0.104741 0.123179 0.831705 0.116268 0.117162 0.846178 0.115001 0.117162 0.845169 0.103475 0.12318 0.860651 0.113735 0.12318 0.859643 0.102209 0.12318 0.859643 0.102209 0.12318 0.860651 0.113735 0.152237 0.859643 0.102209 0.149412 0.856446 0.0980829 0.137708 0.861276 0.0976605 0.137708 0.865638 0.101684 0.126004 0.856446 0.098083 0.12318 0.859643 0.102209 0.126004 0.856446 0.098083 0.121156 0.844787 0.099103 0.126004 0.833128 0.100123 0.126004 0.833128 0.100123 0.137708 0.828298 0.100546 0.149412 0.833128 0.100123 0.149412 0.833128 0.100123 0.15426 0.844787 0.099103 0.149412 0.856446 0.0980829 0.137708 0.658326 -0.100064 0.148872 0.655056 -0.0967945 0.148872 0.844614 0.0773881 0.137708 0.847884 0.0741182 0.137708 0.861276 0.0976605 0.149412 0.856446 0.0980829 0.148872 0.639268 -0.0810065 0.137708 0.635998 -0.0777366 0.137708 0.625285 -0.0981221 0.149412 0.630114 -0.0985446 0.137708 0.825556 0.0964459 0.148872 0.828826 0.0931761 0.126544 0.639268 -0.0810065 0.126004 0.630114 -0.0985446 0.126544 0.828826 0.0931761 0.126544 0.655056 -0.0967945 0.126544 0.844614 0.0773881 0.126004 0.856446 0.098083 0.137708 0.0475367 0.105471 0.137708 0.0465283 0.116997 0.152236 0.0405332 0.116472 0.152236 0.0415417 0.104946 0.152236 0.0415417 0.104946 0.152236 0.0405332 0.116472 0.158254 0.0260601 0.115206 0.158254 0.0270685 0.10368 0.152236 0.0115869 0.11394 0.152236 0.0125953 0.102414 0.152236 0.0125953 0.102414 0.152236 0.0115869 0.11394 0.137708 0.00559185 0.113415 0.137708 0.00660028 0.101889 0.123179 0.011587 0.11394 0.123179 0.0125954 0.102414 0.123179 0.0125954 0.102414 0.123179 0.011587 0.11394 0.117162 0.0260601 0.115206 0.117162 0.0270685 0.10368 0.123179 0.0405333 0.116472 0.123179 0.0415417 0.104946 0.123179 0.0415417 0.104946 0.123179 0.0405333 0.116472 0.149412 0.0391103 0.100328 0.137708 0.0439398 0.10075 0.126004 0.0391103 0.100328 0.126004 0.0391103 0.100328 0.121156 0.027451 0.0993077 0.126004 0.0157916 0.0982876 0.123179 0.0125954 0.102414 0.126004 0.0157916 0.0982876 0.137708 0.0109621 0.0978651 0.137708 0.00660028 0.101889 0.149412 0.0157916 0.0982876 0.152236 0.0125953 0.102414 0.149412 0.0157916 0.0982876 0.15426 0.027451 0.0993077 0.149412 0.0391103 0.100328 0.137708 0.233561 -0.0743752 0.137708 0.0440033 0.0998074 0.148872 0.0407335 0.0965375 0.148872 0.230292 -0.077645 0.148872 0.230292 -0.077645 0.148872 0.0407335 0.0965375 0.153496 0.0328395 0.0886435 0.153496 0.222398 -0.085539 0.148872 0.0249455 0.0807495 0.148872 0.214504 -0.0934331 0.148872 0.214504 -0.0934331 0.148872 0.0249455 0.0807495 0.137708 0.0216757 0.0774796 0.137708 0.211234 -0.0967029 0.126544 0.0249455 0.0807494 0.126544 0.214504 -0.0934331 0.126544 0.214504 -0.0934331 0.126544 0.0249455 0.0807494 0.12192 0.0328395 0.0886435 0.12192 0.222398 -0.085539 0.126544 0.0407335 0.0965375 0.126544 0.230292 -0.077645 0.126544 0.230292 -0.077645 0.126544 0.0407335 0.0965375 0.137708 0.251315 -0.101941 0.152236 0.24532 -0.102466 0.152236 0.246329 -0.113992 0.137708 0.252324 -0.113468 0.152236 0.24532 -0.102466 0.158254 0.230847 -0.103732 0.158254 0.231855 -0.115258 0.152236 0.246329 -0.113992 0.152236 0.216374 -0.104998 0.152236 0.217382 -0.116525 0.152236 0.216374 -0.104998 0.137708 0.210379 -0.105523 0.137708 0.211387 -0.117049 0.152236 0.217382 -0.116525 0.123179 0.216374 -0.104998 0.123179 0.217382 -0.116525 0.123179 0.216374 -0.104998 0.117162 0.230847 -0.103732 0.117162 0.231855 -0.115258 0.123179 0.217382 -0.116525 0.123179 0.24532 -0.102466 0.123179 0.246329 -0.113992 0.123179 0.24532 -0.102466 0.123179 0.246329 -0.113992 0.137708 0.246953 -0.0979174 0.149412 0.242124 -0.0983399 0.152236 0.24532 -0.102466 0.137708 0.251315 -0.101941 0.126004 0.242124 -0.0983399 0.123179 0.24532 -0.102466 0.121156 0.230465 -0.09936 0.126004 0.242124 -0.0983399 0.126004 0.218805 -0.10038 0.137708 0.213976 -0.100803 0.126004 0.218805 -0.10038 0.149412 0.218805 -0.10038 0.15426 0.230465 -0.0993599 0.149412 0.218805 -0.10038 0.149412 0.242124 -0.0983399 0.137708 0.0440033 0.0998074 0.148872 0.0407335 0.0965375 0.148872 0.230292 -0.077645 0.149412 0.242124 -0.0983399 0.137708 0.246953 -0.0979174 0.137708 0.233561 -0.0743752 0.148872 0.0249455 0.0807495 0.149412 0.0157916 0.0982876 0.137708 0.0109621 0.0978651 0.137708 0.0216757 0.0774796 0.137708 0.211234 -0.0967029 0.148872 0.214504 -0.0934331 0.126004 0.0157916 0.0982876 0.126544 0.0249455 0.0807494 0.126544 0.214504 -0.0934331 0.126544 0.0407335 0.0965375 0.126004 0.242124 -0.0983399 0.126544 0.230292 -0.077645 0.137708 -0.160147 -0.105728 0.152236 -0.166142 -0.105203 0.152236 -0.16715 -0.116729 0.137708 -0.161155 -0.117254 0.152236 -0.166142 -0.105203 0.158254 -0.180615 -0.103937 0.158254 -0.181623 -0.115463 0.152236 -0.16715 -0.116729 0.152236 -0.195088 -0.102671 0.152236 -0.196096 -0.114197 0.152236 -0.195088 -0.102671 0.137708 -0.201083 -0.102146 0.137708 -0.202091 -0.113672 0.152236 -0.196096 -0.114197 0.123179 -0.195088 -0.102671 0.123179 -0.196096 -0.114197 0.123179 -0.195088 -0.102671 0.117162 -0.180615 -0.103937 0.117162 -0.181623 -0.115463 0.123179 -0.196096 -0.114197 0.123179 -0.166142 -0.105203 0.123179 -0.16715 -0.116729 0.123179 -0.166142 -0.105203 0.123179 -0.16715 -0.116729 0.137708 -0.163744 -0.101007 0.149412 -0.168573 -0.100585 0.126004 -0.168573 -0.100585 0.121156 -0.180232 -0.0995647 0.126004 -0.168573 -0.100585 0.126004 -0.191892 -0.0985446 0.137708 -0.196721 -0.0981221 0.126004 -0.191892 -0.0985446 0.123179 -0.195088 -0.102671 0.137708 -0.201083 -0.102146 0.149412 -0.191892 -0.0985446 0.152236 -0.195088 -0.102671 0.15426 -0.180232 -0.0995647 0.149412 -0.191892 -0.0985446 0.149412 -0.168573 -0.100585 0.137708 0.0258781 0.0741182 0.148872 0.0226084 0.0773881 0.148872 -0.16695 -0.0967945 0.137708 -0.16368 -0.100064 0.148872 0.0226084 0.0773881 0.153496 0.0147143 0.0852821 0.153496 -0.174844 -0.0889005 0.148872 -0.16695 -0.0967945 0.148872 0.00682032 0.0931761 0.148872 -0.182738 -0.0810065 0.148872 0.00682032 0.0931761 0.137708 0.00355045 0.0964459 0.137708 -0.186008 -0.0777366 0.148872 -0.182738 -0.0810065 0.126544 0.00682032 0.0931761 0.126544 -0.182738 -0.0810065 0.126544 0.00682032 0.0931761 0.12192 0.0147143 0.0852821 0.12192 -0.174844 -0.0889005 0.126544 -0.182738 -0.0810065 0.126544 0.0226084 0.0773881 0.126544 -0.16695 -0.0967945 0.126544 0.0226084 0.0773881 0.126544 -0.16695 -0.0967945 0.137708 0.0436319 0.101684 0.137708 0.0446404 0.113211 0.152237 0.0386454 0.113735 0.152237 0.037637 0.102209 0.152237 0.037637 0.102209 0.152237 0.0386454 0.113735 0.158254 0.0241722 0.115001 0.158254 0.0231637 0.103475 0.152237 0.0096989 0.116268 0.152237 0.00869055 0.104741 0.152237 0.00869055 0.104741 0.152237 0.0096989 0.116268 0.137708 0.00370394 0.116792 0.137708 0.00269551 0.105266 0.123179 0.00969905 0.116268 0.123179 0.00869063 0.104741 0.123179 0.00869063 0.104741 0.123179 0.00969905 0.116268 0.117162 0.0241722 0.115001 0.117162 0.0231637 0.103475 0.12318 0.0386454 0.113735 0.12318 0.037637 0.102209 0.12318 0.037637 0.102209 0.12318 0.0386454 0.113735 0.152237 0.037637 0.102209 0.149412 0.0344406 0.0980829 0.137708 0.0392701 0.0976605 0.137708 0.0436319 0.101684 0.126004 0.0344406 0.098083 0.12318 0.037637 0.102209 0.126004 0.0344406 0.098083 0.121156 0.0227813 0.099103 0.126004 0.0111219 0.100123 0.126004 0.0111219 0.100123 0.137708 0.0062924 0.100546 0.149412 0.0111219 0.100123 0.149412 0.0111219 0.100123 0.15426 0.0227813 0.099103 0.149412 0.0344406 0.0980829 0.137708 -0.16368 -0.100064 0.148872 -0.16695 -0.0967945 0.148872 0.0226084 0.0773881 0.137708 0.0258781 0.0741182 0.137708 0.0392701 0.0976605 0.149412 0.0344406 0.0980829 0.148872 -0.182738 -0.0810065 0.137708 -0.186008 -0.0777366 0.137708 -0.196721 -0.0981221 0.149412 -0.191892 -0.0985446 0.137708 0.00355045 0.0964459 0.148872 0.00682032 0.0931761 0.126544 -0.182738 -0.0810065 0.126004 -0.191892 -0.0985446 0.126544 0.00682032 0.0931761 0.126544 -0.16695 -0.0967945 0.126544 0.0226084 0.0773881 0.126004 0.0344406 0.098083 0.137708 -0.360893 0.103168 0.137708 -0.361901 0.114695 0.152236 -0.367896 0.11417 0.152236 -0.366888 0.102644 0.152236 -0.366888 0.102644 0.152236 -0.367896 0.11417 0.158254 -0.382369 0.112904 0.158254 -0.381361 0.101378 0.152236 -0.396843 0.111638 0.152236 -0.395834 0.100111 0.152236 -0.395834 0.100111 0.152236 -0.396843 0.111638 0.137708 -0.402838 0.111113 0.137708 -0.401829 0.0995868 0.123179 -0.396843 0.111638 0.123179 -0.395834 0.100111 0.123179 -0.395834 0.100111 0.123179 -0.396843 0.111638 0.117162 -0.382369 0.112904 0.117162 -0.381361 0.101378 0.123179 -0.367896 0.11417 0.123179 -0.366888 0.102644 0.123179 -0.366888 0.102644 0.123179 -0.367896 0.11417 0.149412 -0.369319 0.0980255 0.137708 -0.36449 0.098448 0.126004 -0.369319 0.0980255 0.126004 -0.369319 0.0980255 0.121156 -0.380978 0.0970054 0.126004 -0.392638 0.0959853 0.123179 -0.395834 0.100111 0.126004 -0.392638 0.0959853 0.137708 -0.397467 0.0955628 0.137708 -0.401829 0.0995868 0.149412 -0.392638 0.0959853 0.152236 -0.395834 0.100111 0.149412 -0.392638 0.0959853 0.15426 -0.380978 0.0970054 0.149412 -0.369319 0.0980255 0.137708 -0.174868 -0.0766775 0.137708 -0.364426 0.097505 0.148872 -0.367696 0.0942352 0.148872 -0.178138 -0.0799473 0.148872 -0.178138 -0.0799473 0.148872 -0.367696 0.0942352 0.153496 -0.37559 0.0863412 0.153496 -0.186032 -0.0878413 0.148872 -0.383484 0.0784471 0.148872 -0.193926 -0.0957354 0.148872 -0.193926 -0.0957354 0.148872 -0.383484 0.0784471 0.137708 -0.386754 0.0751773 0.137708 -0.197196 -0.0990052 0.126544 -0.383484 0.0784471 0.126544 -0.193926 -0.0957354 0.126544 -0.193926 -0.0957354 0.126544 -0.383484 0.0784471 0.12192 -0.37559 0.0863412 0.12192 -0.186032 -0.0878413 0.126544 -0.367696 0.0942352 0.126544 -0.178138 -0.0799473 0.126544 -0.178138 -0.0799473 0.126544 -0.367696 0.0942352 0.137708 -0.157114 -0.104244 0.152236 -0.163109 -0.104768 0.152236 -0.162101 -0.116294 0.137708 -0.156106 -0.11577 0.152236 -0.163109 -0.104768 0.158254 -0.177582 -0.106034 0.158254 -0.176574 -0.117561 0.152236 -0.162101 -0.116294 0.152236 -0.192056 -0.107301 0.152236 -0.191047 -0.118827 0.152236 -0.192056 -0.107301 0.137708 -0.198051 -0.107825 0.137708 -0.197042 -0.119351 0.152236 -0.191047 -0.118827 0.123179 -0.192056 -0.107301 0.123179 -0.191047 -0.118827 0.123179 -0.192056 -0.107301 0.117162 -0.177582 -0.106034 0.117162 -0.176574 -0.117561 0.123179 -0.191047 -0.118827 0.123179 -0.163109 -0.104768 0.123179 -0.162101 -0.116294 0.123179 -0.163109 -0.104768 0.123179 -0.162101 -0.116294 0.137708 -0.161476 -0.10022 0.149412 -0.166306 -0.100642 0.152236 -0.163109 -0.104768 0.137708 -0.157114 -0.104244 0.126004 -0.166306 -0.100642 0.123179 -0.163109 -0.104768 0.121156 -0.177965 -0.101662 0.126004 -0.166306 -0.100642 0.126004 -0.189624 -0.102682 0.137708 -0.194454 -0.103105 0.126004 -0.189624 -0.102682 0.149412 -0.189624 -0.102682 0.15426 -0.177965 -0.101662 0.149412 -0.189624 -0.102682 0.149412 -0.166306 -0.100642 0.137708 -0.364426 0.097505 0.148872 -0.367696 0.0942352 0.148872 -0.178138 -0.0799473 0.149412 -0.166306 -0.100642 0.137708 -0.161476 -0.10022 0.137708 -0.174868 -0.0766775 0.148872 -0.383484 0.0784471 0.149412 -0.392638 0.0959853 0.137708 -0.397467 0.0955628 0.137708 -0.386754 0.0751773 0.137708 -0.197196 -0.0990052 0.148872 -0.193926 -0.0957354 0.126004 -0.392638 0.0959853 0.126544 -0.383484 0.0784471 0.126544 -0.193926 -0.0957354 0.126544 -0.367696 0.0942352 0.126004 -0.166306 -0.100642 0.126544 -0.178138 -0.0799473 0.137708 -0.573722 -0.103425 0.152236 -0.579717 -0.102901 0.152236 -0.580726 -0.114427 0.137708 -0.574731 -0.114952 0.152236 -0.579717 -0.102901 0.158254 -0.594191 -0.101635 0.158254 -0.595199 -0.113161 0.152236 -0.580726 -0.114427 0.152236 -0.608664 -0.100368 0.152236 -0.609672 -0.111895 0.152236 -0.608664 -0.100368 0.137708 -0.614659 -0.0998438 0.137708 -0.615667 -0.11137 0.152236 -0.609672 -0.111895 0.123179 -0.608664 -0.100368 0.123179 -0.609672 -0.111895 0.123179 -0.608664 -0.100368 0.117162 -0.594191 -0.101635 0.117162 -0.595199 -0.113161 0.123179 -0.609672 -0.111895 0.123179 -0.579717 -0.102901 0.123179 -0.580726 -0.114427 0.123179 -0.579717 -0.102901 0.123179 -0.580726 -0.114427 0.137708 -0.577319 -0.098705 0.149412 -0.582149 -0.0982825 0.126004 -0.582149 -0.0982825 0.121156 -0.593808 -0.0972624 0.126004 -0.582149 -0.0982825 0.126004 -0.605467 -0.0962423 0.137708 -0.610297 -0.0958198 0.126004 -0.605467 -0.0962423 0.123179 -0.608664 -0.100368 0.137708 -0.614659 -0.0998438 0.149412 -0.605467 -0.0962423 0.152236 -0.608664 -0.100368 0.15426 -0.593808 -0.0972624 0.149412 -0.605467 -0.0962423 0.149412 -0.582149 -0.0982825 0.137708 -0.387698 0.0764206 0.148872 -0.390967 0.0796904 0.148872 -0.580526 -0.0944922 0.137708 -0.577256 -0.097762 0.148872 -0.390967 0.0796904 0.153496 -0.398861 0.0875844 0.153496 -0.58842 -0.0865982 0.148872 -0.580526 -0.0944922 0.148872 -0.406756 0.0954784 0.148872 -0.596314 -0.0787041 0.148872 -0.406756 0.0954784 0.137708 -0.410025 0.0987482 0.137708 -0.599583 -0.0754343 0.148872 -0.596314 -0.0787041 0.126544 -0.406755 0.0954784 0.126544 -0.596314 -0.0787041 0.126544 -0.406755 0.0954784 0.12192 -0.398861 0.0875844 0.12192 -0.58842 -0.0865982 0.126544 -0.596314 -0.0787041 0.126544 -0.390967 0.0796904 0.126544 -0.580526 -0.0944922 0.126544 -0.390967 0.0796904 0.126544 -0.580526 -0.0944922 0.137708 -0.369944 0.103987 0.137708 -0.368935 0.115513 0.152237 -0.37493 0.116037 0.152237 -0.375939 0.104511 0.152237 -0.375939 0.104511 0.152237 -0.37493 0.116037 0.158254 -0.389404 0.117304 0.158254 -0.390412 0.105777 0.152237 -0.403877 0.11857 0.152237 -0.404885 0.107044 0.152237 -0.404885 0.107044 0.152237 -0.403877 0.11857 0.137708 -0.409872 0.119094 0.137708 -0.41088 0.107568 0.123179 -0.403877 0.11857 0.123179 -0.404885 0.107044 0.123179 -0.404885 0.107044 0.123179 -0.403877 0.11857 0.117162 -0.389404 0.117304 0.117162 -0.390412 0.105777 0.12318 -0.37493 0.116037 0.12318 -0.375939 0.104511 0.12318 -0.375939 0.104511 0.12318 -0.37493 0.116037 0.152237 -0.375939 0.104511 0.149412 -0.379135 0.100385 0.137708 -0.374306 0.0999628 0.137708 -0.369944 0.103987 0.126004 -0.379135 0.100385 0.12318 -0.375939 0.104511 0.126004 -0.379135 0.100385 0.121156 -0.390795 0.101405 0.126004 -0.402454 0.102425 0.126004 -0.402454 0.102425 0.137708 -0.407283 0.102848 0.149412 -0.402454 0.102425 0.149412 -0.402454 0.102425 0.15426 -0.390795 0.101405 0.149412 -0.379135 0.100385 0.137708 -0.577256 -0.097762 0.148872 -0.580526 -0.0944922 0.148872 -0.390967 0.0796904 0.137708 -0.387698 0.0764206 0.137708 -0.374306 0.0999628 0.149412 -0.379135 0.100385 0.148872 -0.596314 -0.0787041 0.137708 -0.599583 -0.0754343 0.137708 -0.610297 -0.0958198 0.149412 -0.605467 -0.0962423 0.137708 -0.410025 0.0987482 0.148872 -0.406756 0.0954784 0.126544 -0.596314 -0.0787041 0.126004 -0.605467 -0.0962423 0.126544 -0.406755 0.0954784 0.126544 -0.580526 -0.0944922 0.126544 -0.390967 0.0796904 0.126004 -0.379135 0.100385 0.137708 -0.774469 0.105471 0.137708 -0.775477 0.116997 0.152236 -0.781472 0.116472 0.152236 -0.780464 0.104946 0.152236 -0.780464 0.104946 0.152236 -0.781472 0.116472 0.158254 -0.795945 0.115206 0.158254 -0.794937 0.10368 0.152236 -0.810419 0.11394 0.152236 -0.80941 0.102414 0.152236 -0.80941 0.102414 0.152236 -0.810419 0.11394 0.137708 -0.816414 0.113415 0.137708 -0.815405 0.101889 0.123179 -0.810419 0.11394 0.123179 -0.80941 0.102414 0.123179 -0.80941 0.102414 0.123179 -0.810419 0.11394 0.117162 -0.795945 0.115206 0.117162 -0.794937 0.10368 0.123179 -0.781472 0.116472 0.123179 -0.780464 0.104946 0.123179 -0.780464 0.104946 0.123179 -0.781472 0.116472 0.149412 -0.782895 0.100328 0.137708 -0.778066 0.10075 0.126004 -0.782895 0.100328 0.126004 -0.782895 0.100328 0.121156 -0.794555 0.0993077 0.126004 -0.806214 0.0982876 0.123179 -0.80941 0.102414 0.126004 -0.806214 0.0982876 0.137708 -0.811043 0.0978651 0.137708 -0.815405 0.101889 0.149412 -0.806214 0.0982876 0.152236 -0.80941 0.102414 0.149412 -0.806214 0.0982876 0.15426 -0.794555 0.0993077 0.149412 -0.782895 0.100328 0.137708 -0.588444 -0.0743752 0.137708 -0.778002 0.0998074 0.148872 -0.781272 0.0965375 0.148872 -0.591714 -0.077645 0.148872 -0.591714 -0.077645 0.148872 -0.781272 0.0965375 0.153496 -0.789166 0.0886435 0.153496 -0.599608 -0.085539 0.148872 -0.79706 0.0807495 0.148872 -0.607502 -0.0934331 0.148872 -0.607502 -0.0934331 0.148872 -0.79706 0.0807495 0.137708 -0.80033 0.0774796 0.137708 -0.610772 -0.0967029 0.126544 -0.79706 0.0807494 0.126544 -0.607502 -0.0934331 0.126544 -0.607502 -0.0934331 0.126544 -0.79706 0.0807494 0.12192 -0.789166 0.0886435 0.12192 -0.599608 -0.085539 0.126544 -0.781272 0.0965375 0.126544 -0.591714 -0.077645 0.126544 -0.591714 -0.077645 0.126544 -0.781272 0.0965375 0.137708 -0.57069 -0.101941 0.152236 -0.576685 -0.102466 0.152236 -0.575677 -0.113992 0.137708 -0.569682 -0.113468 0.152236 -0.576685 -0.102466 0.158254 -0.591159 -0.103732 0.158254 -0.59015 -0.115258 0.152236 -0.575677 -0.113992 0.152236 -0.605632 -0.104998 0.152236 -0.604623 -0.116525 0.152236 -0.605632 -0.104998 0.137708 -0.611627 -0.105523 0.137708 -0.610618 -0.117049 0.152236 -0.604623 -0.116525 0.123179 -0.605632 -0.104998 0.123179 -0.604623 -0.116525 0.123179 -0.605632 -0.104998 0.117162 -0.591159 -0.103732 0.117162 -0.59015 -0.115258 0.123179 -0.604623 -0.116525 0.123179 -0.576685 -0.102466 0.123179 -0.575677 -0.113992 0.123179 -0.576685 -0.102466 0.123179 -0.575677 -0.113992 0.137708 -0.575052 -0.0979174 0.149412 -0.579882 -0.0983399 0.152236 -0.576685 -0.102466 0.137708 -0.57069 -0.101941 0.126004 -0.579882 -0.0983399 0.123179 -0.576685 -0.102466 0.121156 -0.591541 -0.09936 0.126004 -0.579882 -0.0983399 0.126004 -0.6032 -0.10038 0.137708 -0.60803 -0.100803 0.126004 -0.6032 -0.10038 0.149412 -0.6032 -0.10038 0.15426 -0.591541 -0.0993599 0.149412 -0.6032 -0.10038 0.149412 -0.579882 -0.0983399 0.137708 -0.778002 0.0998074 0.148872 -0.781272 0.0965375 0.148872 -0.591714 -0.077645 0.149412 -0.579882 -0.0983399 0.137708 -0.575052 -0.0979174 0.137708 -0.588444 -0.0743752 0.148872 -0.79706 0.0807495 0.149412 -0.806214 0.0982876 0.137708 -0.811043 0.0978651 0.137708 -0.80033 0.0774796 0.137708 -0.610772 -0.0967029 0.148872 -0.607502 -0.0934331 0.126004 -0.806214 0.0982876 0.126544 -0.79706 0.0807494 0.126544 -0.607502 -0.0934331 0.126544 -0.781272 0.0965375 0.126004 -0.579882 -0.0983399 0.126544 -0.591714 -0.077645 0.105196 0.953084 0.137708 0.116233 0.953084 0.137708 0.116233 0.947343 0.12385 0.105196 0.947343 0.12385 0.105196 0.947343 0.12385 0.116233 0.947343 0.12385 0.116233 0.933485 0.11811 0.105196 0.933485 0.11811 0.116233 0.919627 0.12385 0.105196 0.919627 0.12385 0.105196 0.919627 0.12385 0.116233 0.919627 0.12385 0.116233 0.913887 0.137708 0.105196 0.913887 0.137708 0.116233 0.919627 0.151566 0.105196 0.919627 0.151566 0.105196 0.919627 0.151566 0.116233 0.919627 0.151566 0.116233 0.933485 0.157306 0.105196 0.933485 0.157306 0.116233 0.947343 0.151566 0.105196 0.947343 0.151566 0.105196 0.947343 0.151566 0.116233 0.947343 0.151566 0.10101 0.944649 0.126544 0.10101 0.949273 0.137708 0.10101 0.944649 0.148872 0.10101 0.944649 0.148872 0.10101 0.933485 0.153496 0.10101 0.922321 0.148872 0.10101 0.922321 0.148872 0.10101 0.917697 0.137708 0.10101 0.922321 0.126544 0.10101 0.922321 0.126544 0.10101 0.933485 0.12192 0.10101 0.944649 0.126544 -0.100255 0.944649 0.126544 -0.100255 0.949273 0.137708 -0.100255 0.933485 0.12192 -0.100255 0.944649 0.126544 -0.100255 0.922321 0.126544 -0.100255 0.917697 0.137708 -0.100255 0.922321 0.126544 -0.100255 0.922321 0.148872 -0.100255 0.933485 0.153496 -0.100255 0.922321 0.148872 -0.100255 0.944649 0.148872 -0.100255 0.944649 0.148872 -0.104441 0.953084 0.137708 -0.104441 0.947343 0.12385 -0.115478 0.947343 0.12385 -0.115478 0.953084 0.137708 -0.104441 0.947343 0.12385 -0.104441 0.933485 0.11811 -0.115478 0.933485 0.11811 -0.115478 0.947343 0.12385 -0.104441 0.919627 0.12385 -0.115478 0.919627 0.12385 -0.104441 0.919627 0.12385 -0.104441 0.913887 0.137708 -0.115478 0.913887 0.137708 -0.115478 0.919627 0.12385 -0.104441 0.919627 0.151566 -0.115478 0.919627 0.151566 -0.104441 0.919627 0.151566 -0.104441 0.933485 0.157306 -0.115478 0.933485 0.157306 -0.115478 0.919627 0.151566 -0.104441 0.947343 0.151566 -0.115478 0.947343 0.151566 -0.104441 0.947343 0.151566 -0.115478 0.947343 0.151566 -0.137708 0.953084 0.105196 -0.137708 0.953084 0.116233 -0.12385 0.947343 0.116233 -0.12385 0.947343 0.105196 -0.12385 0.947343 0.105196 -0.12385 0.947343 0.116233 -0.11811 0.933485 0.116233 -0.11811 0.933485 0.105196 -0.12385 0.919627 0.116233 -0.12385 0.919627 0.105196 -0.12385 0.919627 0.105196 -0.12385 0.919627 0.116233 -0.137708 0.913887 0.116233 -0.137708 0.913887 0.105196 -0.151566 0.919627 0.116233 -0.151566 0.919627 0.105196 -0.151566 0.919627 0.105196 -0.151566 0.919627 0.116233 -0.157306 0.933485 0.116233 -0.157306 0.933485 0.105196 -0.151566 0.947343 0.116233 -0.151566 0.947343 0.105196 -0.151566 0.947343 0.105196 -0.151566 0.947343 0.116233 -0.126544 0.944649 0.10101 -0.137708 0.949273 0.10101 -0.148872 0.944649 0.10101 -0.148872 0.944649 0.10101 -0.153496 0.933485 0.10101 -0.148872 0.922321 0.10101 -0.148872 0.922321 0.10101 -0.137708 0.917697 0.10101 -0.126544 0.922321 0.10101 -0.126544 0.922321 0.10101 -0.12192 0.933485 0.10101 -0.126544 0.944649 0.10101 -0.126544 0.944649 -0.100255 -0.137708 0.949273 -0.100255 -0.12192 0.933485 -0.100255 -0.126544 0.944649 -0.100255 -0.126544 0.922321 -0.100255 -0.137708 0.917697 -0.100255 -0.126544 0.922321 -0.100255 -0.148872 0.922321 -0.100255 -0.153496 0.933485 -0.100255 -0.148872 0.922321 -0.100255 -0.148872 0.944649 -0.100255 -0.148872 0.944649 -0.100255 -0.137708 0.953084 -0.104441 -0.12385 0.947343 -0.104441 -0.12385 0.947343 -0.115478 -0.137708 0.953084 -0.115478 -0.12385 0.947343 -0.104441 -0.11811 0.933485 -0.104441 -0.11811 0.933485 -0.115478 -0.12385 0.947343 -0.115478 -0.12385 0.919627 -0.104441 -0.12385 0.919627 -0.115478 -0.12385 0.919627 -0.104441 -0.137708 0.913887 -0.104441 -0.137708 0.913887 -0.115478 -0.12385 0.919627 -0.115478 -0.151566 0.919627 -0.104441 -0.151566 0.919627 -0.115478 -0.151566 0.919627 -0.104441 -0.157306 0.933485 -0.104441 -0.157306 0.933485 -0.115478 -0.151566 0.919627 -0.115478 -0.151566 0.947343 -0.104441 -0.151566 0.947343 -0.115478 -0.151566 0.947343 -0.104441 -0.151566 0.947343 -0.115478 0.137708 -0.872624 0.105196 0.137708 -0.872624 0.116233 0.151566 -0.878364 0.116233 0.151566 -0.878364 0.105196 0.151566 -0.878364 0.105196 0.151566 -0.878364 0.116233 0.157306 -0.892223 0.116233 0.157306 -0.892223 0.105196 0.151566 -0.906081 0.116233 0.151566 -0.906081 0.105196 0.151566 -0.906081 0.105196 0.151566 -0.906081 0.116233 0.137708 -0.911821 0.116233 0.137708 -0.911821 0.105196 0.12385 -0.90608 0.116233 0.12385 -0.90608 0.105196 0.12385 -0.90608 0.105196 0.12385 -0.90608 0.116233 0.11811 -0.892223 0.116233 0.11811 -0.892223 0.105196 0.12385 -0.878364 0.116233 0.12385 -0.878364 0.105196 0.12385 -0.878364 0.105196 0.12385 -0.878364 0.116233 0.148872 -0.881059 0.10101 0.137708 -0.876434 0.10101 0.126544 -0.881059 0.10101 0.126544 -0.881059 0.10101 0.12192 -0.892223 0.10101 0.126544 -0.903386 0.10101 0.126544 -0.903386 0.10101 0.137708 -0.908011 0.10101 0.148872 -0.903386 0.10101 0.148872 -0.903386 0.10101 0.153496 -0.892223 0.10101 0.148872 -0.881059 0.10101 0.148872 -0.881059 -0.100255 0.137708 -0.876434 -0.100255 0.153496 -0.892223 -0.100255 0.148872 -0.881059 -0.100255 0.148872 -0.903386 -0.100255 0.137708 -0.908011 -0.100255 0.148872 -0.903386 -0.100255 0.126544 -0.903386 -0.100255 0.12192 -0.892223 -0.100255 0.126544 -0.903386 -0.100255 0.126544 -0.881059 -0.100255 0.126544 -0.881059 -0.100255 0.137708 -0.872624 -0.104441 0.151566 -0.878364 -0.104441 0.151566 -0.878364 -0.115478 0.137708 -0.872624 -0.115478 0.151566 -0.878364 -0.104441 0.157306 -0.892223 -0.104441 0.157306 -0.892223 -0.115478 0.151566 -0.878364 -0.115478 0.151566 -0.906081 -0.104441 0.151566 -0.906081 -0.115478 0.151566 -0.906081 -0.104441 0.137708 -0.911821 -0.104441 0.137708 -0.911821 -0.115478 0.151566 -0.906081 -0.115478 0.12385 -0.90608 -0.104441 0.12385 -0.90608 -0.115478 0.12385 -0.90608 -0.104441 0.11811 -0.892223 -0.104441 0.11811 -0.892223 -0.115478 0.12385 -0.90608 -0.115478 0.12385 -0.878364 -0.104441 0.12385 -0.878364 -0.115478 0.12385 -0.878364 -0.104441 0.12385 -0.878364 -0.115478 </float_array>
          <technique_common>
            <accessor count="5333" offset="0" source="#meshId0-positions-array" stride="3">
              <param name="X" type="float" />
              <param name="Y" type="float" />
              <param name="Z" type="float" />
            </accessor>
          </technique_common>
        </source>
        <source id="meshId0-normals" name="meshId0-normals">
          <float_array id="meshId0-normals-array" count="15999"> 0.866025 6.20973e-09 -0.5 0.866025 6.14033e-09 -0.5 1 1.67464e-09 1.37494e-07 1 1.69356e-09 1.47315e-07 0.5 4.51617e-09 -0.866025 0.5 4.4657e-09 -0.866025 -5.89261e-08 6.12323e-17 -1 -6.87471e-08 6.12323e-17 -1 0.5 4.4657e-09 -0.866025 0.5 4.51617e-09 -0.866025 -0.5 4.51617e-09 -0.866025 -0.5 4.4657e-09 -0.866025 -0.866025 6.77425e-09 -0.5 -0.866025 6.69855e-09 -0.5 -0.5 4.4657e-09 -0.866025 -0.5 4.51617e-09 -0.866025 -1 2.25808e-09 -1.57136e-07 -1 2.23285e-09 -1.52226e-07 -0.866026 -3.06162e-17 0.5 -0.866026 -3.06162e-17 0.5 -0.5 -5.30288e-17 0.866025 -0.5 -5.30288e-17 0.866025 -4.51767e-07 -6.12323e-17 1 -4.46856e-07 -6.12323e-17 1 -0.5 -5.30288e-17 0.866025 -0.5 -5.30288e-17 0.866025 0.499999 -5.30288e-17 0.866026 0.499999 -5.30288e-17 0.866026 0.866025 -3.06162e-17 0.5 0.866025 -3.06162e-17 0.5 0.866025 -3.06162e-17 0.5 0.866025 -3.06162e-17 0.5 -0.552289 -0.770262 0.318864 0.655722 -0.653227 -0.378581 0.757162 -0.653227 1.04105e-07 -0.637728 -0.770262 -9.3947e-08 -0.318864 -0.770262 0.552288 0.378581 -0.653227 -0.655722 4.3842e-08 -0.770262 0.637728 -4.46166e-08 -0.653227 -0.757162 0.318864 -0.770262 0.552288 -0.378581 -0.653227 -0.655722 0.552288 -0.770262 0.318864 -0.655722 -0.653227 -0.378581 0.637728 -0.770262 8.76839e-08 -0.757162 -0.653227 -1.18978e-07 0.552289 -0.770262 -0.318864 -0.655722 -0.653227 0.378581 0.318864 -0.770262 -0.552288 -0.378581 -0.653227 0.655722 3.06894e-07 -0.770262 -0.637728 -3.49497e-07 -0.653227 0.757162 -0.318864 -0.770262 -0.552289 0.378581 -0.653227 0.655722 -0.552288 -0.770262 -0.318864 0.655722 -0.653227 0.378581 -0.637728 0.770262 -9.3947e-08 0.757162 0.653227 8.92333e-08 0.655722 0.653227 -0.378581 -0.552289 0.770262 0.318864 0.378581 0.653227 -0.655722 -0.318864 0.770262 0.552288 -5.94888e-08 0.653227 -0.757162 1.25263e-08 0.770262 0.637728 -0.378581 0.653227 -0.655722 0.318864 0.770262 0.552288 -0.655722 0.653227 -0.378581 0.552289 0.770262 0.318864 -0.757162 0.653227 -1.11542e-07 0.637728 0.770262 1.0021e-07 -0.655722 0.653227 0.378581 0.552289 0.770262 -0.318864 -0.378581 0.653227 0.655722 0.318864 0.770262 -0.552288 -3.42061e-07 0.653227 0.757162 3.00631e-07 0.770262 -0.637728 0.378581 0.653227 0.655722 -0.318864 0.770262 -0.552289 0.655722 0.653227 0.378581 -0.552288 0.770262 -0.318864 -0.499999 5.30288e-17 -0.866026 -0.499999 -3.70588e-10 -0.866026 4.8123e-07 -7.41166e-10 -1 4.66498e-07 6.12323e-17 -1 0.5 -3.70585e-10 -0.866025 0.5 5.30288e-17 -0.866025 0.5 5.30288e-17 -0.866025 0.5 -3.70585e-10 -0.866025 0.866026 3.70585e-10 -0.5 0.866026 3.06162e-17 -0.5 1 7.41169e-10 1.47315e-07 1 -9.62182e-24 1.57136e-07 0.866025 3.70584e-10 0.5 0.866025 -3.06162e-17 0.5 0.5 3.70584e-10 0.866025 0.5 -5.30288e-17 0.866025 0.5 -5.30288e-17 0.866025 0.5 3.70584e-10 0.866025 5.89261e-08 7.41169e-10 1 3.43736e-08 -6.12323e-17 1 -0.5 3.70584e-10 0.866025 -0.5 -5.30288e-17 0.866025 -0.5 -5.30288e-17 0.866025 -0.5 3.70584e-10 0.866025 -0.866025 -3.70585e-10 0.5 -0.866025 -3.06162e-17 0.5 -1 -7.51462e-10 -1.42405e-07 -1 8.71978e-24 -1.42405e-07 -0.866025 -3.80878e-10 -0.5 -0.866025 3.06162e-17 -0.5 -0.866025 3.06162e-17 -0.5 -0.866025 -3.80878e-10 -0.5 0.655722 0.653227 -0.378581 0.757162 0.653227 8.92333e-08 0.757162 -0.653227 1.04105e-07 0.655722 -0.653227 -0.378581 0.378581 0.653227 -0.655722 0.378581 -0.653227 -0.655722 -5.94888e-08 0.653227 -0.757162 0.378581 0.653227 -0.655722 0.378581 -0.653227 -0.655722 -4.46166e-08 -0.653227 -0.757162 -0.378581 0.653227 -0.655722 -0.378581 -0.653227 -0.655722 -0.655722 0.653227 -0.378581 -0.378581 0.653227 -0.655722 -0.5 4.51617e-09 -0.866025 -0.378581 -0.653227 -0.655722 -0.655722 -0.653227 -0.378581 -0.866025 6.77425e-09 -0.5 -0.757162 0.653227 -1.11542e-07 -0.655722 -0.653227 -0.378581 -0.757162 -0.653227 -1.18978e-07 -0.655722 0.653227 0.378581 -0.655722 -0.653227 0.378581 -0.378581 0.653227 0.655722 -0.378581 -0.653227 0.655722 -3.42061e-07 0.653227 0.757162 -0.378581 0.653227 0.655722 -0.378581 -0.653227 0.655722 -3.49497e-07 -0.653227 0.757162 0.378581 0.653227 0.655722 0.378581 -0.653227 0.655722 0.655722 0.653227 0.378581 0.655722 -0.653227 0.378581 0.655722 0.653227 0.378581 0.655722 -0.653227 0.378581 -0.318864 -0.770262 -0.552289 3.06894e-07 -0.770262 -0.637728 3.00631e-07 0.770262 -0.637728 -0.318864 0.770262 -0.552289 0.318864 -0.770262 -0.552288 0.318864 0.770262 -0.552288 0.318864 -0.770262 -0.552288 0.552289 -0.770262 -0.318864 0.552289 0.770262 -0.318864 0.318864 0.770262 -0.552288 0.637728 -0.770262 8.76839e-08 0.637728 0.770262 1.0021e-07 0.552288 -0.770262 0.318864 0.552289 0.770262 0.318864 0.318864 -0.770262 0.552288 0.318864 0.770262 0.552288 0.318864 -0.770262 0.552288 4.3842e-08 -0.770262 0.637728 1.25263e-08 0.770262 0.637728 0.318864 0.770262 0.552288 -0.318864 -0.770262 0.552288 -0.318864 0.770262 0.552288 -0.318864 -0.770262 0.552288 -0.552289 -0.770262 0.318864 -0.552289 0.770262 0.318864 -0.318864 0.770262 0.552288 -0.637728 -0.770262 -9.3947e-08 -0.637728 0.770262 -9.3947e-08 -0.552288 -0.770262 -0.318864 -0.552288 0.770262 -0.318864 -0.552288 -0.770262 -0.318864 -0.552288 0.770262 -0.318864 0.866025 3.06162e-17 -0.5 0.866025 3.06162e-17 -0.5 1 -7.81773e-24 1.27673e-07 1 -8.41909e-24 1.37494e-07 0.5 5.30288e-17 -0.866025 0.5 5.30288e-17 -0.866025 1.47315e-08 6.12323e-17 -1 1.47315e-08 6.12323e-17 -1 0.5 5.30288e-17 -0.866025 0.5 5.30288e-17 -0.866025 -0.5 5.30288e-17 -0.866025 -0.5 5.30288e-17 -0.866025 -0.866026 3.06162e-17 -0.5 -0.866026 3.06162e-17 -0.5 -0.5 5.30288e-17 -0.866025 -0.5 5.30288e-17 -0.866025 -1 7.81773e-24 -1.27673e-07 -1 8.41909e-24 -1.37494e-07 -0.866026 -3.06162e-17 0.5 -0.866026 -3.06162e-17 0.5 -0.5 -5.30288e-17 0.866025 -0.5 -5.30288e-17 0.866025 -2.9463e-08 -6.12323e-17 1 -2.45525e-08 -6.12323e-17 1 -0.5 -5.30288e-17 0.866025 -0.5 -5.30288e-17 0.866025 0.499999 -5.30288e-17 0.866026 0.499999 -5.30288e-17 0.866026 0.866025 -3.06162e-17 0.5 0.866025 -3.06162e-17 0.5 0.866025 -3.06162e-17 0.5 0.866025 -3.06162e-17 0.5 -0.552289 -0.770262 0.318864 0.655722 -0.653227 -0.378581 0.757162 -0.653227 1.04105e-07 -0.637728 -0.770262 -6.26314e-08 -0.318864 -0.770262 0.552288 0.378581 -0.653227 -0.655722 0 -0.770262 0.637728 0 -0.653227 -0.757162 0.318864 -0.770262 0.552288 -0.378581 -0.653227 -0.655722 0.552289 -0.770262 0.318864 -0.655722 -0.653227 -0.378581 0.637728 -0.770262 6.88945e-08 -0.757162 -0.653227 -9.66694e-08 0.552288 -0.770262 -0.318864 -0.655722 -0.653227 0.378581 0.318864 -0.770262 -0.552289 -0.378581 -0.653227 0.655722 5.32367e-07 -0.770262 -0.637728 -2.23083e-08 -0.653227 0.757162 -0.318863 -0.770262 -0.552289 0.378581 -0.653227 0.655722 -0.552288 -0.770262 -0.318864 0.655722 -0.653227 0.378582 -0.637728 0.770262 -5.63682e-08 0.757162 0.653227 8.92333e-08 0.655722 0.653227 -0.378581 -0.552289 0.770262 0.318864 0.378581 0.653227 -0.655722 -0.318864 0.770262 0.552288 0 0.653227 -0.757162 0 0.770262 0.637728 -0.378581 0.653227 -0.655722 0.318864 0.770262 0.552288 -0.655722 0.653227 -0.378581 0.552289 0.770262 0.318864 -0.757162 0.653227 -1.11542e-07 0.637728 0.770262 1.0021e-07 -0.655722 0.653227 0.378581 0.552288 0.770262 -0.318864 -0.378581 0.653227 0.655722 0.318864 0.770262 -0.552289 -1.48722e-08 0.653227 0.757162 5.1984e-07 0.770262 -0.637728 0.378581 0.653227 0.655722 -0.318863 0.770262 -0.552289 0.655722 0.653227 0.378582 -0.552288 0.770262 -0.318864 -0.499999 5.30288e-17 -0.866026 -0.499999 5.30288e-17 -0.866026 8.29876e-07 6.12323e-17 -1 8.15144e-07 6.12323e-17 -1 0.5 5.30288e-17 -0.866025 0.5 5.30288e-17 -0.866025 0.866025 3.70585e-10 -0.5 0.866025 3.06162e-17 -0.5 0.866025 3.06162e-17 -0.5 0.866025 3.70585e-10 -0.5 1 7.41169e-10 1.32584e-07 1 -9.62182e-24 1.57136e-07 0.866026 3.70584e-10 0.5 0.866026 -3.06162e-17 0.5 0.5 -5.30288e-17 0.866026 0.5 -5.30288e-17 0.866025 0.5 -5.30288e-17 0.866025 0.5 -5.30288e-17 0.866026 0 -6.12323e-17 1 0 -6.12323e-17 1 -0.5 -5.30288e-17 0.866026 -0.5 -5.30288e-17 0.866026 -0.5 -5.30288e-17 0.866026 -0.5 -5.30288e-17 0.866026 -0.866026 -3.70585e-10 0.5 -0.866026 -3.06162e-17 0.5 -1 -7.41168e-10 -1.03121e-07 -1 6.01364e-24 -9.82102e-08 -0.866025 -3.70584e-10 -0.5 -0.866025 3.06162e-17 -0.5 -0.866025 3.06162e-17 -0.5 -0.866025 -3.70584e-10 -0.5 0.655722 0.653227 -0.378581 0.757162 0.653227 8.92333e-08 0.757162 -0.653227 1.04105e-07 0.655722 -0.653227 -0.378581 0.378581 0.653227 -0.655722 0.378581 -0.653227 -0.655722 0 0.653227 -0.757162 0.378581 0.653227 -0.655722 0.378581 -0.653227 -0.655722 0 -0.653227 -0.757162 -0.378581 0.653227 -0.655722 -0.378581 -0.653227 -0.655722 -0.655722 0.653227 -0.378581 -0.378581 0.653227 -0.655722 -0.378581 -0.653227 -0.655722 -0.655722 -0.653227 -0.378581 -0.757162 0.653227 -1.11542e-07 -0.757162 -0.653227 -9.66694e-08 -0.655722 0.653227 0.378581 -0.655722 -0.653227 0.378581 -0.378581 0.653227 0.655722 -0.378581 -0.653227 0.655722 -1.48722e-08 0.653227 0.757162 -0.378581 0.653227 0.655722 -0.378581 -0.653227 0.655722 -2.23083e-08 -0.653227 0.757162 0.378581 0.653227 0.655722 0.378581 -0.653227 0.655722 0.655722 0.653227 0.378582 0.655722 -0.653227 0.378582 0.655722 0.653227 0.378582 0.655722 -0.653227 0.378582 -0.318863 -0.770262 -0.552289 5.32367e-07 -0.770262 -0.637728 5.1984e-07 0.770262 -0.637728 -0.318863 0.770262 -0.552289 0.318864 -0.770262 -0.552289 0.318864 0.770262 -0.552289 0.552288 -0.770262 -0.318864 0.552288 0.770262 -0.318864 0.552288 -0.770262 -0.318864 0.637728 -0.770262 6.88945e-08 0.637728 0.770262 1.0021e-07 0.552288 0.770262 -0.318864 0.552289 -0.770262 0.318864 0.552289 0.770262 0.318864 0.318864 -0.770262 0.552288 0.318864 0.770262 0.552288 0.318864 -0.770262 0.552288 0 -0.770262 0.637728 0 0.770262 0.637728 0.318864 0.770262 0.552288 -0.318864 -0.770262 0.552288 -0.318864 0.770262 0.552288 -0.318864 -0.770262 0.552288 -0.552289 -0.770262 0.318864 -0.552289 0.770262 0.318864 -0.318864 0.770262 0.552288 -0.637728 -0.770262 -6.26314e-08 -0.637728 0.770262 -5.63682e-08 -0.552288 -0.770262 -0.318864 -0.552288 0.770262 -0.318864 -0.552288 -0.770262 -0.318864 -0.552288 0.770262 -0.318864 0.866026 3.06162e-17 -0.5 0.866026 3.06162e-17 -0.5 1 -2.5558e-23 4.17393e-07 1 -2.58586e-23 4.22304e-07 0.5 5.30288e-17 -0.866026 0.5 5.30288e-17 -0.866026 0 6.12323e-17 -1 0 6.12323e-17 -1 0.5 5.30288e-17 -0.866026 0.5 5.30288e-17 -0.866026 -0.5 5.30288e-17 -0.866026 -0.5 5.30288e-17 -0.866026 -0.866026 3.06162e-17 -0.5 -0.866026 3.06162e-17 -0.5 -1 0 0 -1 0 0 -0.866026 3.06162e-17 -0.5 -0.866026 3.06162e-17 -0.5 -0.866026 -3.06161e-17 0.499999 -0.866026 -3.06161e-17 0.499999 -0.5 -5.30288e-17 0.866025 -0.5 -5.30288e-17 0.866025 0 -6.12323e-17 1 0 -6.12323e-17 1 -0.5 -5.30288e-17 0.866025 -0.5 -5.30288e-17 0.866025 0.499999 -5.30288e-17 0.866026 0.499999 -5.30288e-17 0.866026 0.866025 -3.06162e-17 0.500001 0.866025 -3.06162e-17 0.500001 0.866025 -3.06162e-17 0.500001 0.866025 -3.06162e-17 0.500001 -0.552289 -0.770262 0.318864 0.655722 -0.653227 -0.378581 0.757162 -0.653227 3.12316e-07 -0.637728 -0.770262 -3.63262e-07 -0.318864 -0.770262 0.552289 0.378581 -0.653227 -0.655722 0 -0.770262 0.637728 0 -0.653227 -0.757162 0.318864 -0.770262 0.552288 -0.378581 -0.653227 -0.655722 0.552289 -0.770262 0.318864 -0.655722 -0.653227 -0.378581 0.637728 -0.770262 4.88525e-07 -0.757162 -0.653227 -3.99986e-17 0.552288 -0.770262 -0.318864 -0.655722 -0.653227 0.378581 0.318864 -0.770262 -0.552289 -0.378581 -0.653227 0.655722 4.88525e-07 -0.770262 -0.637728 0 -0.653227 0.757162 -0.318864 -0.770262 -0.552289 0.378581 -0.653227 0.655722 -0.552288 -0.770262 -0.318864 0.655722 -0.653227 0.378582 -0.637728 0.770262 -3.75788e-07 0.757162 0.653227 3.0488e-07 0.655722 0.653227 -0.378581 -0.552289 0.770262 0.318864 0.378581 0.653227 -0.655722 -0.318864 0.770262 0.552289 0 0.653227 -0.757162 0 0.770262 0.637728 -0.378581 0.653227 -0.655722 0.318864 0.770262 0.552288 -0.655722 0.653227 -0.378581 0.552289 0.770262 0.318864 -0.757162 0.653227 3.99986e-17 0.637728 0.770262 5.01051e-07 -0.655722 0.653227 0.378581 0.552288 0.770262 -0.318864 -0.378581 0.653227 0.655722 0.318864 0.770262 -0.552289 0 0.653227 0.757162 5.01051e-07 0.770262 -0.637728 0.378581 0.653227 0.655722 -0.318864 0.770262 -0.552289 0.655722 0.653227 0.378582 -0.552289 0.770262 -0.318864 -0.5 5.30288e-17 -0.866026 -0.5 5.30288e-17 -0.866026 7.7586e-07 6.12323e-17 -1 7.7586e-07 6.12323e-17 -1 0.5 5.30288e-17 -0.866026 0.5 5.30288e-17 -0.866026 0.866025 3.06162e-17 -0.5 0.866025 3.06162e-17 -0.5 0.866025 3.06162e-17 -0.5 0.866025 3.06162e-17 -0.5 1 -4.75077e-23 7.7586e-07 1 -4.81091e-23 7.85681e-07 0.866026 -3.06162e-17 0.5 0.866026 -3.06162e-17 0.5 0.5 -5.30288e-17 0.866025 0.5 -5.30288e-17 0.866025 0.5 -5.30288e-17 0.866025 0.5 -5.30288e-17 0.866025 0 -6.12323e-17 1 0 -6.12323e-17 1 -0.5 -5.30288e-17 0.866026 -0.5 -5.30288e-17 0.866026 -0.5 -5.30288e-17 0.866026 -0.5 -5.30288e-17 0.866026 -0.866026 -3.06161e-17 0.5 -0.866026 -3.06161e-17 0.5 -0.866026 -3.06161e-17 0.5 -0.866026 -3.06161e-17 0.5 -1 3.54805e-23 -5.7944e-07 -1 3.60818e-23 -5.89261e-07 -0.866025 3.06162e-17 -0.5 -0.866025 3.06162e-17 -0.5 -0.5 5.30288e-17 -0.866026 -0.5 5.30288e-17 -0.866026 0.655722 0.653227 -0.378581 0.757162 0.653227 3.0488e-07 0.757162 -0.653227 3.12316e-07 0.655722 -0.653227 -0.378581 0.378581 0.653227 -0.655722 0.378581 -0.653227 -0.655722 0 0.653227 -0.757162 0.378581 0.653227 -0.655722 0.378581 -0.653227 -0.655722 0 -0.653227 -0.757162 -0.378581 0.653227 -0.655722 -0.378581 -0.653227 -0.655722 -0.655722 0.653227 -0.378581 -0.655722 -0.653227 -0.378581 -0.757162 0.653227 3.99986e-17 -0.655722 0.653227 -0.378581 -0.655722 -0.653227 -0.378581 -0.757162 -0.653227 -3.99986e-17 -0.655722 0.653227 0.378581 -0.655722 -0.653227 0.378581 -0.378581 0.653227 0.655722 -0.378581 -0.653227 0.655722 0 0.653227 0.757162 -0.378581 0.653227 0.655722 -0.378581 -0.653227 0.655722 0 -0.653227 0.757162 0.378581 0.653227 0.655722 0.378581 -0.653227 0.655722 0.655722 0.653227 0.378582 0.655722 -0.653227 0.378582 0.655722 0.653227 0.378582 0.655722 -0.653227 0.378582 -0.318864 -0.770262 -0.552289 4.88525e-07 -0.770262 -0.637728 5.01051e-07 0.770262 -0.637728 -0.318864 0.770262 -0.552289 0.318864 -0.770262 -0.552289 0.318864 0.770262 -0.552289 0.552288 -0.770262 -0.318864 0.552288 0.770262 -0.318864 0.552288 -0.770262 -0.318864 0.637728 -0.770262 4.88525e-07 0.637728 0.770262 5.01051e-07 0.552288 0.770262 -0.318864 0.552289 -0.770262 0.318864 0.552289 0.770262 0.318864 0.318864 -0.770262 0.552288 0.318864 0.770262 0.552288 0.318864 -0.770262 0.552288 0 -0.770262 0.637728 0 0.770262 0.637728 0.318864 0.770262 0.552288 -0.318864 -0.770262 0.552289 -0.318864 0.770262 0.552289 -0.5 -5.30288e-17 0.866026 -0.318864 -0.770262 0.552289 -0.552289 -0.770262 0.318864 -0.552289 0.770262 0.318864 -0.318864 0.770262 0.552289 -0.5 -5.30288e-17 0.866026 -0.637728 -0.770262 -3.63262e-07 -0.637728 0.770262 -3.75788e-07 -0.552288 -0.770262 -0.318864 -0.552289 0.770262 -0.318864 -0.318864 -0.770262 -0.552289 -0.318864 0.770262 -0.552289 0.866025 9.03233e-09 -0.5 0.866025 8.93139e-09 -0.5 1 2.23286e-09 4.22304e-07 1 2.25809e-09 4.32125e-07 0.5 6.77425e-09 -0.866025 0.5 6.69855e-09 -0.866026 0.866025 8.93139e-09 -0.5 0.866025 9.03233e-09 -0.5 -5.89261e-08 6.12323e-17 -1 -6.38366e-08 6.12323e-17 -1 -0.5 4.51617e-09 -0.866026 -0.5 4.4657e-09 -0.866025 -0.866025 6.77425e-09 -0.5 -0.866025 6.69855e-09 -0.5 -1 2.25808e-09 -9.82102e-09 -1 2.23285e-09 -4.91051e-09 -0.866025 6.69855e-09 -0.5 -0.866025 6.77425e-09 -0.5 -0.866026 -3.06161e-17 0.5 -0.866026 -3.06161e-17 0.5 -0.5 -5.30287e-17 0.866025 -0.5 -5.30287e-17 0.866025 -4.32125e-07 -6.12323e-17 1 -4.32125e-07 -6.12323e-17 1 -0.5 -5.30287e-17 0.866025 -0.5 -5.30287e-17 0.866025 0.499999 -5.30288e-17 0.866026 0.499999 -5.30288e-17 0.866026 0.866025 -3.06162e-17 0.5 0.866025 -3.06162e-17 0.5 0.866025 -3.06162e-17 0.5 0.866025 -3.06162e-17 0.5 -0.552288 -0.770262 0.318864 0.655722 -0.653227 -0.378581 0.757162 -0.653227 3.27189e-07 -0.637728 -0.770262 -3.88314e-07 -0.318864 -0.770262 0.552289 0.378581 -0.653227 -0.655722 3.75788e-08 -0.770262 0.637728 -4.46166e-08 -0.653227 -0.757162 0.318864 -0.770262 0.552288 -0.378581 -0.653227 -0.655722 0.552289 -0.770262 0.318864 -0.655722 -0.653227 -0.378581 0.637728 -0.770262 5.01051e-07 -0.757162 -0.653227 -7.4361e-09 0.552288 -0.770262 -0.318864 -0.655722 -0.653227 0.378581 0.318864 -0.770262 -0.552289 -0.378581 -0.653227 0.655722 2.63052e-07 -0.770262 -0.637728 -3.27189e-07 -0.653227 0.757162 -0.318864 -0.770262 -0.552288 0.378581 -0.653227 0.655722 -0.552289 -0.770262 -0.318864 0.655722 -0.653227 0.378582 -0.637728 0.770262 -4.13367e-07 0.757162 0.653227 3.12316e-07 0.655722 0.653227 -0.378581 -0.552288 0.770262 0.318864 0.378581 0.653227 -0.655722 -0.318864 0.770262 0.552289 -5.20527e-08 0.653227 -0.757162 2.50525e-08 0.770262 0.637728 -0.378581 0.653227 -0.655722 0.318864 0.770262 0.552288 -0.655722 0.653227 -0.378581 0.552289 0.770262 0.318864 -0.757162 0.653227 3.99986e-17 0.637728 0.770262 5.01051e-07 -0.655722 0.653227 0.378581 0.552288 0.770262 -0.318864 -0.378582 0.653227 0.655722 0.318864 0.770262 -0.552289 -3.27189e-07 0.653227 0.757162 2.94367e-07 0.770262 -0.637728 0.378581 0.653227 0.655722 -0.318864 0.770262 -0.552288 0.655722 0.653227 0.378582 -0.552289 0.770262 -0.318864 -0.5 5.30288e-17 -0.866026 -0.5 -3.70588e-10 -0.866026 4.27214e-07 -7.41166e-10 -1 4.46856e-07 6.12323e-17 -1 0.5 -3.70584e-10 -0.866026 0.5 5.30288e-17 -0.866026 0.866026 3.06162e-17 -0.5 0.866026 3.06162e-17 -0.5 0.866026 3.06162e-17 -0.5 0.866026 3.06162e-17 -0.5 1 -4.87105e-23 7.95502e-07 1 -4.87105e-23 7.95502e-07 0.866025 -3.06162e-17 0.5 0.866025 -3.06162e-17 0.5 0.5 3.70584e-10 0.866025 0.5 -5.30288e-17 0.866025 0.5 -5.30288e-17 0.866025 0.5 3.70584e-10 0.866025 5.40156e-08 7.41169e-10 1 4.41946e-08 -6.12323e-17 1 -0.5 3.70584e-10 0.866026 -0.5 -5.30288e-17 0.866026 -0.866026 -3.06162e-17 0.5 -0.866026 -3.06162e-17 0.5 -0.866026 -3.06162e-17 0.5 -0.866026 -3.06162e-17 0.5 -1 3.78859e-23 -6.18724e-07 -1 3.90886e-23 -6.38366e-07 -0.866025 3.06162e-17 -0.5 -0.866025 3.06162e-17 -0.5 -0.5 -3.70588e-10 -0.866026 -0.5 5.30288e-17 -0.866026 0.655722 0.653227 -0.378581 0.757162 0.653227 3.12316e-07 0.757162 -0.653227 3.27189e-07 0.655722 -0.653227 -0.378581 0.378581 0.653227 -0.655722 0.655722 0.653227 -0.378581 0.655722 -0.653227 -0.378581 0.378581 -0.653227 -0.655722 -5.20527e-08 0.653227 -0.757162 -4.46166e-08 -0.653227 -0.757162 -0.378581 0.653227 -0.655722 -0.378581 -0.653227 -0.655722 -0.655722 0.653227 -0.378581 -0.655722 -0.653227 -0.378581 -0.757162 0.653227 3.99986e-17 -0.655722 0.653227 -0.378581 -0.655722 -0.653227 -0.378581 -0.757162 -0.653227 -7.4361e-09 -0.655722 0.653227 0.378581 -0.655722 -0.653227 0.378581 -0.378582 0.653227 0.655722 -0.378581 -0.653227 0.655722 -3.27189e-07 0.653227 0.757162 -0.378582 0.653227 0.655722 -0.378581 -0.653227 0.655722 -3.27189e-07 -0.653227 0.757162 0.378581 0.653227 0.655722 0.378581 -0.653227 0.655722 0.655722 0.653227 0.378582 0.655722 -0.653227 0.378582 0.655722 0.653227 0.378582 0.655722 -0.653227 0.378582 -0.318864 -0.770262 -0.552288 2.63052e-07 -0.770262 -0.637728 2.94367e-07 0.770262 -0.637728 -0.318864 0.770262 -0.552288 0.318864 -0.770262 -0.552289 0.318864 0.770262 -0.552289 0.552288 -0.770262 -0.318864 0.552288 0.770262 -0.318864 0.552288 -0.770262 -0.318864 0.637728 -0.770262 5.01051e-07 0.637728 0.770262 5.01051e-07 0.552288 0.770262 -0.318864 0.552289 -0.770262 0.318864 0.552289 0.770262 0.318864 0.318864 -0.770262 0.552288 0.318864 0.770262 0.552288 0.318864 -0.770262 0.552288 3.75788e-08 -0.770262 0.637728 2.50525e-08 0.770262 0.637728 0.318864 0.770262 0.552288 -0.318864 -0.770262 0.552289 -0.318864 0.770262 0.552289 -0.552288 -0.770262 0.318864 -0.552288 0.770262 0.318864 -0.552288 -0.770262 0.318864 -0.637728 -0.770262 -3.88314e-07 -0.637728 0.770262 -4.13367e-07 -0.552288 0.770262 0.318864 -0.552289 -0.770262 -0.318864 -0.552289 0.770262 -0.318864 -0.318864 -0.770262 -0.552288 -0.318864 0.770262 -0.552288 1.77195e-08 0.942482 -0.334256 0 1 1.94612e-08 0.707107 0.707106 7.29795e-08 0.666436 0.666435 -0.334256 0.666436 0.666435 -0.334256 0.707107 0.707106 7.29795e-08 1 6.16079e-08 1.07037e-07 0.942482 5.31585e-08 -0.334256 0.707109 -0.707105 6.32489e-08 0.666437 -0.666434 -0.334257 0.666437 -0.666434 -0.334257 0.707109 -0.707105 6.32489e-08 1.23216e-06 -1 1.94613e-08 3.27221e-06 -0.942483 -0.334255 -0.707109 -0.707105 5.83842e-08 -0.66644 -0.666432 -0.334255 -0.66644 -0.666432 -0.334255 -0.707109 -0.707105 5.83842e-08 -1 1.72502e-06 1.07037e-07 -0.942482 1.44118e-06 -0.334257 -0.707107 0.707106 5.83836e-08 -0.666436 0.666435 -0.334257 -0.666436 0.666435 -0.334257 -0.707107 0.707106 5.83836e-08 0.649788 0.649791 -0.394396 5.98357e-08 0.918941 -0.394396 -0.649788 0.649791 -0.394396 -0.649788 0.649791 -0.394396 -0.918941 6.88111e-07 -0.394396 -0.649786 -0.649794 -0.394394 -0.649786 -0.649794 -0.394394 -3.75968e-06 -0.918942 -0.394394 0.649788 -0.649789 -0.394397 0.649788 -0.649789 -0.394397 0.918941 9.97262e-09 -0.394395 0.649788 0.649791 -0.394396 0.649788 0.649791 0.394395 5.98357e-08 0.918941 0.394395 0.918942 1.99452e-08 0.394394 0.649788 0.649791 0.394395 0.649788 -0.64979 0.394396 -3.76965e-06 -0.918942 0.394393 0.649788 -0.64979 0.394396 -0.649786 -0.649794 0.394393 -0.918941 6.88111e-07 0.394395 -0.649786 -0.649794 0.394393 -0.649788 0.649791 0.394395 -0.649788 0.649791 0.394395 5.31585e-08 0.942482 0.334256 0.666436 0.666435 0.334256 0.707107 0.707106 -5.35183e-08 1.0268e-07 1 -1.94612e-08 0.666436 0.666435 0.334256 0.942483 7.67844e-08 0.334255 1 1.0268e-07 -9.73061e-08 0.707107 0.707106 -5.35183e-08 0.666437 -0.666434 0.334257 0.707109 -0.707105 -6.08164e-08 0.666437 -0.666434 0.334257 3.25448e-06 -0.942483 0.334254 1.29377e-06 -1 -2.18938e-08 0.707109 -0.707105 -6.08164e-08 -0.66644 -0.666432 0.334254 -0.707109 -0.707105 -6.32494e-08 -0.66644 -0.666432 0.334254 -0.942482 1.44118e-06 0.334256 -1 1.72502e-06 -1.07037e-07 -0.707109 -0.707105 -6.32494e-08 -0.666436 0.666435 0.334256 -0.707107 0.707106 -6.81143e-08 -0.666436 0.666435 0.334256 -0.707107 0.707106 -6.81143e-08 -0.236355 0.942482 -0.236355 2.0536e-08 1 6.12323e-17 0.5 0.707107 -0.5 0.234886 0.666435 -0.707596 0.234886 0.666435 -0.707596 0.5 0.707107 -0.5 0.707107 2.0536e-08 -0.707107 0.430081 1.1813e-08 -0.90279 0.430081 1.1813e-08 -0.90279 0.707107 2.0536e-08 -0.707107 0.500001 -0.707105 -0.500001 0.234886 -0.666434 -0.707598 0.234886 -0.666434 -0.707598 0.500001 -0.707105 -0.500001 9.44655e-07 -1 -9.03583e-07 -0.236351 -0.942483 -0.236356 -0.500001 -0.707105 0.500002 -0.707598 -0.666432 0.23489 -0.707598 -0.666432 0.23489 -0.500001 -0.707105 0.500002 -0.707107 1.8277e-06 0.707107 -0.902791 1.50025e-06 0.430081 -0.5 0.707106 0.5 -0.707596 0.666435 0.234886 -0.707596 0.666435 0.234886 -0.5 0.707106 0.5 0.180589 0.649791 -0.738349 -0.27888 0.918941 -0.27888 -0.738349 0.649791 0.180589 -0.707596 0.666435 0.234886 -0.738349 0.649791 0.180589 -0.928669 6.88111e-07 0.370909 -0.902791 1.50025e-06 0.430081 -0.738347 -0.649794 0.180589 -0.707598 -0.666432 0.23489 -0.738347 -0.649794 0.180589 -0.278881 -0.918942 -0.278876 0.180588 -0.649789 -0.738351 0.234886 -0.666434 -0.707598 0.180588 -0.649789 -0.738351 0.37091 9.97262e-09 -0.928669 0.430081 1.1813e-08 -0.90279 0.180589 0.649791 -0.738349 0.234886 0.666435 -0.707596 0.73835 0.64979 -0.180587 0.278881 0.91894 0.278881 0.92867 9.97263e-09 -0.370908 0.73835 0.64979 -0.180587 0.180589 0.649791 -0.738349 0.37091 9.97262e-09 -0.928669 0.738351 -0.649789 -0.180587 0.180588 -0.649789 -0.738351 0.278877 -0.918941 0.278882 0.738351 -0.649789 -0.180587 -0.180588 -0.649793 0.738348 -0.370907 5.48494e-07 0.92867 -0.180588 -0.649793 0.738348 -0.738347 -0.649794 0.180589 -0.928669 6.88111e-07 0.370909 -0.180588 0.64979 0.73835 -0.738349 0.649791 0.180589 -0.180588 0.64979 0.73835 0.236356 0.942482 0.236356 0.707597 0.666435 -0.234885 0.5 0.707106 -0.5 0 1 6.12323e-17 0.707597 0.666435 -0.234885 0.902791 5.9065e-09 -0.43008 0.707107 4.32978e-17 -0.707107 0.5 0.707106 -0.5 0.707599 -0.666433 -0.234885 0.500001 -0.707105 -0.500001 0.707599 -0.666433 -0.234885 0.236357 -0.942482 0.236353 5.95544e-07 -1 -5.95544e-07 0.500001 -0.707105 -0.500001 -0.234889 -0.666432 0.707599 -0.500002 -0.707105 0.500002 -0.234889 -0.666432 0.707599 -0.430079 1.13405e-06 0.902791 -0.707107 1.35537e-06 0.707107 -0.500002 -0.707105 0.500002 -0.234885 0.666435 0.707597 -0.5 0.707106 0.5 -0.234885 0.666435 0.707597 -0.5 0.707106 0.5 -0.370907 5.48494e-07 0.92867 -0.180588 0.64979 0.73835 -0.234885 0.666435 0.707597 -0.430079 1.13405e-06 0.902791 -0.180588 -0.649793 0.738348 -0.234889 -0.666432 0.707599 0.738351 -0.649789 -0.180587 0.278877 -0.918941 0.278882 0.236357 -0.942482 0.236353 0.707599 -0.666433 -0.234885 0.92867 9.97263e-09 -0.370908 0.738351 -0.649789 -0.180587 0.707599 -0.666433 -0.234885 0.902791 5.9065e-09 -0.43008 0.73835 0.64979 -0.180587 0.707597 0.666435 -0.234885 -2.95325e-08 0.968029 -0.25084 -0.666437 0.693031 -0.274899 -0.707107 0.704415 0.0616276 0 0.996195 0.0871566 -0.666437 0.693031 -0.274899 -0.942482 0.0291292 -0.332984 -1 3.142e-06 2.73385e-07 -0.707107 0.704415 0.0616276 -0.666437 -0.634765 -0.391069 -0.707109 -0.704414 -0.0616274 -0.666437 -0.634765 -0.391069 -3.10092e-06 -0.909764 -0.415126 -1.21162e-06 -0.996195 -0.0871567 -0.707109 -0.704414 -0.0616274 0.66644 -0.634763 -0.391066 0.70711 -0.704412 -0.0616297 0.66644 -0.634763 -0.391066 0.942482 0.0291364 -0.332985 1 3.63486e-06 -9.27968e-07 0.70711 -0.704412 -0.0616297 0.666436 0.693032 -0.2749 0.707107 0.704416 0.0616286 0.666436 0.693032 -0.2749 0.707107 0.704416 0.0616286 -6.2618e-08 0.975423 -0.22034 -0.687767 0.672409 -0.273574 0.687767 0.672409 -0.273574 0.899171 0.00428718 -0.437576 0.687767 0.672409 -0.273574 0.586763 -0.565704 -0.579386 3.4873e-06 -0.777476 -0.628913 0.586763 -0.565704 -0.579386 0.66644 -0.634763 -0.391066 -3.10092e-06 -0.909764 -0.415126 -0.586764 -0.5657 -0.57939 -0.666437 -0.634765 -0.391069 -0.899171 0.00428905 -0.437576 -0.586764 -0.5657 -0.57939 -0.687767 0.672409 -0.273574 3.54558e-07 0.778431 0.62773 -0.680939 0.568415 0.461764 -0.726684 0.586085 0.358377 2.33707e-07 0.85559 0.517655 -0.680939 0.568415 0.461764 -0.998997 0.0236826 0.0380016 -0.99837 -0.0265812 -0.0504991 -0.726684 0.586085 0.358377 -0.715671 -0.550258 -0.430153 -0.679546 -0.577239 -0.452783 -0.715671 -0.550258 -0.430153 1.40356e-07 -0.773469 -0.633834 4.32829e-08 -0.788531 -0.614995 -0.679546 -0.577239 -0.452783 0.715671 -0.550257 -0.430154 0.679547 -0.577238 -0.452783 0.715671 -0.550257 -0.430154 0.998997 0.0236836 0.0380018 0.998371 -0.026578 -0.050497 0.679547 -0.577238 -0.452783 0.68094 0.568415 0.461764 0.726683 0.586086 0.358378 0.68094 0.568415 0.461764 0.726683 0.586086 0.358378 -6.37905e-07 0.909761 0.415132 -8.2144e-07 0.996195 0.0871565 -0.707108 0.704415 0.0616288 -0.666436 0.634765 0.39107 -0.666436 0.634765 0.39107 -0.707108 0.704415 0.0616288 -1 4.72326e-07 4.23554e-08 -0.942482 -0.029133 0.332986 -0.707108 -0.704415 -0.0616254 -0.666435 -0.693031 0.274904 -0.666435 -0.693031 0.274904 -0.707108 -0.704415 -0.0616254 -1.47859e-06 -0.996195 -0.0871501 -3.04183e-06 -0.968028 0.250842 0.707109 -0.704414 -0.0616262 0.666439 -0.693029 0.274901 0.666439 -0.693029 0.274901 0.707109 -0.704414 -0.0616262 1 1.56073e-06 -2.18194e-07 0.942482 -0.0291315 0.332986 0.707108 0.704415 0.0616289 0.666436 0.634765 0.391071 0.666436 0.634765 0.391071 0.707108 0.704415 0.0616289 -0.666436 0.634765 0.39107 -0.581793 0.560595 0.58928 4.22682e-07 0.767592 0.640939 -6.37905e-07 0.909761 0.415132 0.581794 0.560594 0.58928 0.666436 0.634765 0.391071 0.581794 0.560594 0.58928 0.901063 0.00533176 0.433655 0.719329 -0.662726 0.20823 0.719329 -0.662726 0.20823 3.97693e-06 -0.997368 0.0725078 -0.71933 -0.662723 0.208236 -0.71933 -0.662723 0.208236 -0.901063 0.0053312 0.433655 -0.581793 0.560595 0.58928 2.33707e-07 0.85559 0.517655 -0.726684 0.586085 0.358377 -0.680939 0.568415 0.461764 3.54558e-07 0.778431 0.62773 4.22682e-07 0.767592 0.640939 -0.581793 0.560595 0.58928 -0.679546 -0.577239 -0.452783 4.32829e-08 -0.788531 -0.614995 3.4873e-06 -0.777476 -0.628913 -0.586764 -0.5657 -0.57939 1.40356e-07 -0.773469 -0.633834 -0.715671 -0.550258 -0.430153 0.679547 -0.577238 -0.452783 0.586763 -0.565704 -0.579386 0.715671 -0.550257 -0.430154 0.726683 0.586086 0.358378 0.68094 0.568415 0.461764 0.581794 0.560594 0.58928 -8.85975e-08 0.968029 0.25084 -8.21439e-08 0.996195 -0.0871565 -0.707107 0.704416 -0.061629 -0.666436 0.693032 0.274899 -0.666436 0.693032 0.274899 -0.707107 0.704416 -0.061629 -1 1.97145e-06 -1.64288e-07 -0.942482 0.029135 0.332984 -0.70711 -0.704413 0.0616286 -0.666438 -0.634764 0.391068 -0.666438 -0.634764 0.391068 -0.70711 -0.704413 0.0616286 -8.41976e-07 -0.996195 0.0871566 -3.79789e-06 -0.909764 0.415126 0.70711 -0.704413 0.0616293 0.66644 -0.634763 0.391066 0.66644 -0.634763 0.391066 0.70711 -0.704413 0.0616293 1 3.3679e-06 5.33935e-07 0.942482 0.0291363 0.332985 0.707107 0.704416 -0.0616285 0.666436 0.693032 0.2749 0.666436 0.693032 0.2749 0.707107 0.704416 -0.0616285 -0.687767 0.672409 0.273573 -1.66981e-07 0.975423 0.22034 0.687766 0.67241 0.273574 0.687766 0.67241 0.273574 0.899171 0.0042873 0.437576 0.586763 -0.565704 0.579386 0.66644 -0.634763 0.391066 0.586763 -0.565704 0.579386 3.65429e-06 -0.777476 0.628913 -3.79789e-06 -0.909764 0.415126 -0.586765 -0.565699 0.579389 -0.666438 -0.634764 0.391068 -0.586765 -0.565699 0.579389 -0.899171 0.00428682 0.437576 -0.687767 0.672409 0.273573 3.76046e-07 0.778431 -0.62773 2.92133e-07 0.85559 -0.517655 -0.726683 0.586086 -0.358379 -0.680939 0.568415 -0.461765 -0.680939 0.568415 -0.461765 -0.726683 0.586086 -0.358379 -0.998371 -0.0265782 0.0504968 -0.998997 0.023683 -0.038002 -0.679547 -0.577238 0.452783 -0.715671 -0.550257 0.430153 -0.715671 -0.550257 0.430153 -0.679547 -0.577238 0.452783 1.08207e-08 -0.788531 0.614995 6.01524e-08 -0.773469 0.633834 0.679547 -0.577238 0.452783 0.715671 -0.550257 0.430154 0.715671 -0.550257 0.430154 0.679547 -0.577238 0.452783 0.998371 -0.0265781 0.0504971 0.998997 0.0236833 -0.0380016 0.726683 0.586086 -0.358378 0.680939 0.568415 -0.461764 0.680939 0.568415 -0.461764 0.726683 0.586086 -0.358378 2.36259e-08 0.909761 -0.415132 -0.666434 0.634767 -0.39107 -0.707106 0.704416 -0.0616322 -1.64288e-07 0.996194 -0.087163 -0.666434 0.634767 -0.39107 -0.942482 -0.0291332 -0.332985 -1 3.08039e-07 -1.15515e-08 -0.707106 0.704416 -0.0616322 -0.666436 -0.693031 -0.274903 -0.707108 -0.704415 0.0616256 -0.666436 -0.693031 -0.274903 -3.69154e-06 -0.968028 -0.250842 -1.29377e-06 -0.996195 0.08715 -0.707108 -0.704415 0.0616256 0.666438 -0.693029 -0.2749 0.707108 -0.704415 0.0616259 0.666438 -0.693029 -0.2749 0.942482 -0.0291319 -0.332985 1 1.51966e-06 6.72551e-07 0.707108 -0.704415 0.0616259 0.666435 0.634767 -0.391071 0.707106 0.704416 -0.0616319 0.666435 0.634767 -0.391071 0.707106 0.704416 -0.0616319 2.26086e-07 0.767595 -0.640935 -0.581792 0.560597 -0.589278 -0.666434 0.634767 -0.39107 2.36259e-08 0.909761 -0.415132 0.581793 0.560596 -0.589279 0.666435 0.634767 -0.391071 0.901063 0.0053315 -0.433655 0.581793 0.560596 -0.589279 0.719329 -0.662726 -0.208229 4.14753e-06 -0.997368 -0.072508 0.719329 -0.662726 -0.208229 -0.719331 -0.662723 -0.208234 -0.901064 0.00533098 -0.433654 -0.719331 -0.662723 -0.208234 -0.581792 0.560597 -0.589278 2.92133e-07 0.85559 -0.517655 -0.726683 0.586086 -0.358379 -0.680939 0.568415 -0.461765 -0.581792 0.560597 -0.589278 2.26086e-07 0.767595 -0.640935 3.76046e-07 0.778431 -0.62773 -0.679547 -0.577238 0.452783 -0.586765 -0.565699 0.579389 3.65429e-06 -0.777476 0.628913 1.08207e-08 -0.788531 0.614995 6.01524e-08 -0.773469 0.633834 -0.715671 -0.550257 0.430153 0.586763 -0.565704 0.579386 0.679547 -0.577238 0.452783 0.715671 -0.550257 0.430154 0.726683 0.586086 -0.358378 0.581793 0.560596 -0.589279 0.680939 0.568415 -0.461764 -1.93733e-06 0.968028 -0.250843 -0.666436 0.693031 -0.274901 -0.707108 0.704415 0.0616289 -2.30003e-06 0.996195 0.0871565 -0.666436 0.693031 -0.274901 -0.942482 0.0291325 -0.332984 -1 1.57183e-25 -2.56699e-09 -0.707108 0.704415 0.0616289 -0.666438 -0.634765 -0.391068 -0.707109 -0.704414 -0.0616288 -0.666438 -0.634765 -0.391068 -4.90239e-06 -0.909764 -0.415125 -3.40897e-06 -0.996195 -0.0871567 -0.707109 -0.704414 -0.0616288 0.666439 -0.634764 -0.391067 0.707109 -0.704414 -0.0616298 0.666439 -0.634764 -0.391067 0.942482 0.0291339 -0.332986 1 1.68395e-06 -1.09867e-06 0.707109 -0.704414 -0.0616298 0.666435 0.693032 -0.274902 0.707107 0.704416 0.0616286 0.666435 0.693032 -0.274902 0.707107 0.704416 0.0616286 -1.04362e-06 0.975423 -0.220339 -0.687765 0.67241 -0.273576 0.687765 0.672409 -0.273578 0.899171 0.00428897 -0.437577 0.687765 0.672409 -0.273578 0.586762 -0.565703 -0.579388 2.71125e-06 -0.777477 -0.628912 0.586762 -0.565703 -0.579388 0.666439 -0.634764 -0.391067 -4.90239e-06 -0.909764 -0.415125 -0.586764 -0.5657 -0.579389 -0.666438 -0.634765 -0.391068 -0.899171 0.00428848 -0.437576 -0.586764 -0.5657 -0.579389 -0.687765 0.67241 -0.273576 3.97535e-07 0.778431 0.62773 -0.68094 0.568415 0.461764 -0.726685 0.586085 0.358376 3.11611e-07 0.855588 0.517657 -0.68094 0.568415 0.461764 -0.998997 0.0236829 0.0380019 -0.99837 -0.0265793 -0.0504985 -0.726685 0.586085 0.358376 -0.715671 -0.550257 -0.430153 -0.679548 -0.577237 -0.452783 -0.715671 -0.550257 -0.430153 1.50381e-07 -0.773469 -0.633834 4.3283e-08 -0.788531 -0.614995 -0.679548 -0.577237 -0.452783 0.715671 -0.550257 -0.430153 0.679548 -0.577237 -0.452783 0.715671 -0.550257 -0.430153 0.998997 0.0236833 0.0380015 0.99837 -0.026579 -0.0504986 0.679548 -0.577237 -0.452783 0.68094 0.568415 0.461764 0.726685 0.586085 0.358376 0.68094 0.568415 0.461764 0.726685 0.586085 0.358376 -6.55618e-07 0.909761 0.415132 -8.62513e-07 0.996194 0.087163 -0.707106 0.704416 0.0616322 -0.666435 0.634767 0.39107 -0.666435 0.634767 0.39107 -0.707106 0.704416 0.0616322 -1 4.72326e-07 4.23554e-08 -0.942482 -0.029133 0.332986 -0.707108 -0.704415 -0.0616254 -0.666435 -0.693031 0.274904 -0.666435 -0.693031 0.274904 -0.707108 -0.704415 -0.0616254 -1.49913e-06 -0.996195 -0.0871501 -3.05364e-06 -0.968028 0.250842 0.707109 -0.704414 -0.0616262 0.666439 -0.693029 0.274901 0.666439 -0.693029 0.274901 0.707109 -0.704414 -0.0616262 1 1.6018e-06 -2.19477e-07 0.942482 -0.0291315 0.332986 0.707106 0.704416 0.0616323 0.666435 0.634767 0.39107 0.666435 0.634767 0.39107 0.707106 0.704416 0.0616323 -0.666435 0.634767 0.39107 -0.581793 0.560597 0.589278 4.22682e-07 0.767595 0.640935 -6.55618e-07 0.909761 0.415132 0.581793 0.560596 0.589278 0.666435 0.634767 0.39107 0.581793 0.560596 0.589278 0.901063 0.00533176 0.433655 0.719329 -0.662726 0.20823 0.719329 -0.662726 0.20823 3.97693e-06 -0.997368 0.0725078 -0.71933 -0.662723 0.208236 -0.71933 -0.662723 0.208236 -0.901063 0.0053312 0.433655 -0.581793 0.560597 0.589278 3.11611e-07 0.855588 0.517657 -0.726685 0.586085 0.358376 -0.68094 0.568415 0.461764 3.97535e-07 0.778431 0.62773 4.22682e-07 0.767595 0.640935 -0.581793 0.560597 0.589278 -0.679548 -0.577237 -0.452783 4.3283e-08 -0.788531 -0.614995 2.71125e-06 -0.777477 -0.628912 -0.586764 -0.5657 -0.579389 1.50381e-07 -0.773469 -0.633834 -0.715671 -0.550257 -0.430153 0.679548 -0.577237 -0.452783 0.586762 -0.565703 -0.579388 0.715671 -0.550257 -0.430153 0.726685 0.586085 0.358376 0.68094 0.568415 0.461764 0.581793 0.560596 0.589278 -7.02874e-07 0.968028 0.250842 -1.23216e-06 0.996195 -0.0871549 -0.707108 0.704415 -0.0616289 -0.666436 0.693031 0.2749 -0.666436 0.693031 0.2749 -0.707108 0.704415 -0.0616289 -1 1.43752e-07 8.80226e-24 -0.942482 0.0291325 0.332984 -0.707109 -0.704414 0.0616287 -0.666438 -0.634765 0.391068 -0.666438 -0.634765 0.391068 -0.707109 -0.704414 0.0616287 -3.0804e-06 -0.996195 0.0871566 -5.66433e-06 -0.909764 0.415125 0.707108 -0.704414 0.0616294 0.666439 -0.634765 0.391066 0.666439 -0.634765 0.391066 0.707108 -0.704414 0.0616294 1 1.95091e-06 1.3374e-06 0.942482 0.0291344 0.332985 0.707106 0.704417 -0.0616263 0.666436 0.693031 0.274902 0.666436 0.693031 0.274902 0.707106 0.704417 -0.0616263 -0.687765 0.67241 0.273576 -1.56544e-07 0.975424 0.220337 0.687765 0.67241 0.273576 0.687765 0.67241 0.273576 0.899171 0.00428945 0.437576 0.586761 -0.565704 0.579388 0.666439 -0.634765 0.391066 0.586761 -0.565704 0.579388 2.8586e-06 -0.777476 0.628913 -5.66433e-06 -0.909764 0.415125 -0.586763 -0.5657 0.579389 -0.666438 -0.634765 0.391068 -0.586763 -0.5657 0.579389 -0.899171 0.00428865 0.437576 -0.687765 0.67241 0.273576 4.40511e-07 0.77843 -0.627732 3.50562e-07 0.855589 -0.517657 -0.726684 0.586086 -0.358377 -0.680939 0.568415 -0.461765 -0.680939 0.568415 -0.461765 -0.726684 0.586086 -0.358377 -0.99837 -0.0265792 0.0504985 -0.998997 0.0236826 -0.0380014 -0.679547 -0.577237 0.452784 -0.715671 -0.550256 0.430155 -0.715671 -0.550256 0.430155 -0.679547 -0.577237 0.452784 2.16415e-08 -0.78853 0.614996 8.02032e-08 -0.773467 0.633836 0.679547 -0.577237 0.452784 0.715671 -0.550256 0.430155 0.715671 -0.550256 0.430155 0.679547 -0.577237 0.452784 0.99837 -0.0265791 0.0504988 0.998997 0.0236829 -0.038001 0.726684 0.586086 -0.358376 0.680939 0.568415 -0.461764 0.680939 0.568415 -0.461764 0.726684 0.586086 -0.358376 6.73341e-07 0.909763 -0.415128 -0.666435 0.634767 -0.391068 -0.707106 0.704417 -0.061629 8.62511e-07 0.996195 -0.0871548 -0.666435 0.634767 -0.391068 -0.942482 -0.0291339 -0.332985 -1 -2.25895e-07 -6.45599e-07 -0.707106 0.704417 -0.061629 -0.666437 -0.693029 -0.274903 -0.707108 -0.704415 0.0616266 -0.666437 -0.693029 -0.274903 -4.96738e-06 -0.968028 -0.250843 -2.42324e-06 -0.996195 0.0871549 -0.707108 -0.704415 0.0616266 0.666438 -0.693029 -0.274901 0.707108 -0.704414 0.0616292 0.666438 -0.693029 -0.274901 0.942482 -0.029131 -0.332985 1 1.95091e-06 1.31301e-06 0.707108 -0.704414 0.0616292 0.666435 0.634767 -0.391069 0.707108 0.704415 -0.0616262 0.666435 0.634767 -0.391069 0.707108 0.704415 -0.0616262 2.35916e-07 0.767594 -0.640937 -0.581793 0.560596 -0.589278 -0.666435 0.634767 -0.391068 6.73341e-07 0.909763 -0.415128 0.581793 0.560595 -0.589279 0.666435 0.634767 -0.391069 0.901064 0.00532822 -0.433654 0.581793 0.560595 -0.589279 0.719331 -0.662724 -0.208231 3.13464e-06 -0.997368 -0.072511 0.719331 -0.662724 -0.208231 -0.719333 -0.662721 -0.208234 -0.901064 0.00533026 -0.433653 -0.719333 -0.662721 -0.208234 -0.581793 0.560596 -0.589278 3.50562e-07 0.855589 -0.517657 -0.726684 0.586086 -0.358377 -0.680939 0.568415 -0.461765 -0.581793 0.560596 -0.589278 2.35916e-07 0.767594 -0.640937 4.40511e-07 0.77843 -0.627732 -0.679547 -0.577237 0.452784 -0.586763 -0.5657 0.579389 2.8586e-06 -0.777476 0.628913 2.16415e-08 -0.78853 0.614996 8.02032e-08 -0.773467 0.633836 -0.715671 -0.550256 0.430155 0.586761 -0.565704 0.579388 0.679547 -0.577237 0.452784 0.715671 -0.550256 0.430155 0.726684 0.586086 -0.358376 0.581793 0.560595 -0.589279 0.680939 0.568415 -0.461764 -1.93733e-06 0.968028 -0.250843 -0.666436 0.693031 -0.274901 -0.707108 0.704415 0.0616289 -2.30003e-06 0.996195 0.0871565 -0.666436 0.693031 -0.274901 -0.942482 0.0291325 -0.332984 -1 1.57183e-25 -2.56699e-09 -0.707108 0.704415 0.0616289 -0.666438 -0.634765 -0.391068 -0.707109 -0.704414 -0.0616288 -0.666438 -0.634765 -0.391068 -4.9083e-06 -0.909764 -0.415125 -3.40897e-06 -0.996195 -0.0871567 -0.707109 -0.704414 -0.0616288 0.666439 -0.634765 -0.391067 0.707109 -0.704414 -0.0616298 0.666439 -0.634765 -0.391067 0.942482 0.0291339 -0.332986 1 1.68395e-06 -1.09867e-06 0.707109 -0.704414 -0.0616298 0.666435 0.693032 -0.274902 0.707107 0.704416 0.0616286 0.666435 0.693032 -0.274902 0.707107 0.704416 0.0616286 -1.0645e-06 0.975423 -0.220339 -0.687765 0.67241 -0.273576 0.687765 0.672409 -0.273578 0.899171 0.00428893 -0.437577 0.687765 0.672409 -0.273578 0.586762 -0.565703 -0.579388 2.68178e-06 -0.777477 -0.628912 0.586762 -0.565703 -0.579388 0.666439 -0.634765 -0.391067 -4.9083e-06 -0.909764 -0.415125 -0.586764 -0.5657 -0.579389 -0.666438 -0.634765 -0.391068 -0.899171 0.00428848 -0.437576 -0.586764 -0.5657 -0.579389 -0.687765 0.67241 -0.273576 3.65302e-07 0.77843 0.627732 -0.680939 0.568415 0.461765 -0.726684 0.586085 0.358377 2.62922e-07 0.855588 0.517657 -0.680939 0.568415 0.461765 -0.998997 0.0236828 0.0380015 -0.99837 -0.0265793 -0.0504985 -0.726684 0.586085 0.358377 -0.715671 -0.550257 -0.430154 -0.679548 -0.577237 -0.452783 -0.715671 -0.550257 -0.430154 1.40356e-07 -0.773468 -0.633836 2.16415e-08 -0.788531 -0.614995 -0.679548 -0.577237 -0.452783 0.715671 -0.550256 -0.430155 0.679548 -0.577237 -0.452783 0.715671 -0.550256 -0.430155 0.998997 0.0236832 0.0380011 0.99837 -0.026579 -0.0504986 0.679548 -0.577237 -0.452783 0.680939 0.568415 0.461764 0.726684 0.586085 0.358376 0.680939 0.568415 0.461764 0.726684 0.586085 0.358376 -6.67434e-07 0.909763 0.415129 -8.00902e-07 0.996195 0.0871565 -0.707106 0.704416 0.0616289 -0.666435 0.634767 0.391068 -0.666435 0.634767 0.391068 -0.707106 0.704416 0.0616289 -1 -4.10719e-08 6.77686e-07 -0.942482 -0.0291337 0.332986 -0.707108 -0.704415 -0.0616264 -0.666437 -0.693029 0.274904 -0.666437 -0.693029 0.274904 -0.707108 -0.704415 -0.0616264 -2.58753e-06 -0.996195 -0.087155 -4.32357e-06 -0.968028 0.250843 0.707108 -0.704414 -0.0616295 0.666439 -0.693029 0.274901 0.666439 -0.693029 0.274901 0.707108 -0.704414 -0.0616295 1 1.6018e-06 -2.19477e-07 0.942482 -0.0291316 0.332986 0.707106 0.704416 0.0616291 0.666436 0.634767 0.391069 0.666436 0.634767 0.391069 0.707106 0.704416 0.0616291 -0.666435 0.634767 0.391068 -0.581793 0.560596 0.589278 4.12853e-07 0.767594 0.640936 -6.67434e-07 0.909763 0.415129 0.581794 0.560595 0.589278 0.666436 0.634767 0.391069 0.581794 0.560595 0.589278 0.901063 0.00533144 0.433655 0.719331 -0.662723 0.208232 0.719331 -0.662723 0.208232 2.94273e-06 -0.997368 0.0725108 -0.719332 -0.662721 0.208236 -0.719332 -0.662721 0.208236 -0.901064 0.00533047 0.433654 -0.581793 0.560596 0.589278 2.62922e-07 0.855588 0.517657 -0.726684 0.586085 0.358377 -0.680939 0.568415 0.461765 3.65302e-07 0.77843 0.627732 4.12853e-07 0.767594 0.640936 -0.581793 0.560596 0.589278 -0.679548 -0.577237 -0.452783 2.16415e-08 -0.788531 -0.614995 2.68178e-06 -0.777477 -0.628912 -0.586764 -0.5657 -0.579389 1.40356e-07 -0.773468 -0.633836 -0.715671 -0.550257 -0.430154 0.679548 -0.577237 -0.452783 0.586762 -0.565703 -0.579388 0.715671 -0.550256 -0.430155 0.726684 0.586085 0.358376 0.680939 0.568415 0.461764 0.581794 0.560595 0.589278 -1.1813e-07 0.968028 0.250841 -1.0268e-07 0.996195 -0.0871565 -0.707107 0.704416 -0.061629 -0.666436 0.693032 0.2749 -0.666436 0.693032 0.2749 -0.707107 0.704416 -0.061629 -1 1.0268e-07 5.13399e-09 -0.942482 0.0291324 0.332984 -0.707109 -0.704414 0.0616287 -0.666437 -0.634765 0.391069 -0.666437 -0.634765 0.391069 -0.707109 -0.704414 0.0616287 -8.83048e-07 -0.996195 0.0871566 -3.8097e-06 -0.909764 0.415127 0.707109 -0.704414 0.0616294 0.666439 -0.634764 0.391067 0.666439 -0.634764 0.391067 0.707109 -0.704414 0.0616294 1 1.45805e-06 6.98222e-07 0.942482 0.0291337 0.332985 0.707107 0.704416 -0.0616285 0.666436 0.693032 0.2749 0.666436 0.693032 0.2749 0.707107 0.704416 -0.0616285 -0.687764 0.672411 0.273577 -1.87852e-07 0.975423 0.220339 0.687764 0.672411 0.273578 0.687764 0.672411 0.273578 0.899171 0.00428869 0.437577 0.586762 -0.565704 0.579388 0.666439 -0.634764 0.391067 0.586762 -0.565704 0.579388 3.65429e-06 -0.777475 0.628914 -3.8097e-06 -0.909764 0.415127 -0.586764 -0.565699 0.579391 -0.666437 -0.634765 0.391069 -0.586764 -0.565699 0.579391 -0.899171 0.00428825 0.437576 -0.687764 0.672411 0.273577 4.29767e-07 0.77843 -0.627732 3.603e-07 0.855591 -0.517653 -0.726685 0.586086 -0.358374 -0.680939 0.568415 -0.461765 -0.680939 0.568415 -0.461765 -0.726685 0.586086 -0.358374 -0.99837 -0.0265794 0.0504987 -0.998997 0.0236826 -0.0380014 -0.679547 -0.577237 0.452783 -0.715671 -0.550256 0.430155 -0.715671 -0.550256 0.430155 -0.679547 -0.577237 0.452783 4.3283e-08 -0.788531 0.614995 1.00254e-07 -0.773467 0.633836 0.679547 -0.577237 0.452783 0.715671 -0.550256 0.430155 0.715671 -0.550256 0.430155 0.679547 -0.577237 0.452783 0.99837 -0.0265793 0.050499 0.998997 0.0236829 -0.038001 0.726686 0.586086 -0.358374 0.68094 0.568415 -0.461764 0.68094 0.568415 -0.461764 0.726686 0.586086 -0.358374 6.73341e-07 0.909763 -0.415128 -0.666435 0.634767 -0.391068 -0.707106 0.704417 -0.061629 8.62511e-07 0.996195 -0.0871548 -0.666435 0.634767 -0.391068 -0.942482 -0.0291339 -0.332985 -1 -2.25895e-07 -6.45599e-07 -0.707106 0.704417 -0.061629 -0.666437 -0.693029 -0.274903 -0.707108 -0.704415 0.0616266 -0.666437 -0.693029 -0.274903 -4.96738e-06 -0.968028 -0.250843 -2.42324e-06 -0.996195 0.0871549 -0.707108 -0.704415 0.0616266 0.666438 -0.693029 -0.274901 0.707108 -0.704414 0.0616292 0.666438 -0.693029 -0.274901 0.942482 -0.029131 -0.332985 1 1.95091e-06 1.31301e-06 0.707108 -0.704414 0.0616292 0.666435 0.634767 -0.391069 0.707108 0.704415 -0.0616262 0.666435 0.634767 -0.391069 0.707108 0.704415 -0.0616262 2.35916e-07 0.767594 -0.640937 -0.581793 0.560596 -0.589278 -0.666435 0.634767 -0.391068 6.73341e-07 0.909763 -0.415128 0.581793 0.560595 -0.589279 0.666435 0.634767 -0.391069 0.901064 0.00532822 -0.433654 0.581793 0.560595 -0.589279 0.719331 -0.662724 -0.208231 3.13464e-06 -0.997368 -0.072511 0.719331 -0.662724 -0.208231 -0.719333 -0.662721 -0.208234 -0.901064 0.00533026 -0.433653 -0.719333 -0.662721 -0.208234 -0.581793 0.560596 -0.589278 3.603e-07 0.855591 -0.517653 -0.726685 0.586086 -0.358374 -0.680939 0.568415 -0.461765 -0.581793 0.560596 -0.589278 2.35916e-07 0.767594 -0.640937 4.29767e-07 0.77843 -0.627732 -0.679547 -0.577237 0.452783 -0.586764 -0.565699 0.579391 3.65429e-06 -0.777475 0.628914 4.3283e-08 -0.788531 0.614995 1.00254e-07 -0.773467 0.633836 -0.715671 -0.550256 0.430155 0.586762 -0.565704 0.579388 0.679547 -0.577237 0.452783 0.715671 -0.550256 0.430155 0.726686 0.586086 -0.358374 0.581793 0.560595 -0.589279 0.68094 0.568415 -0.461764 -5.31585e-08 0.968028 -0.250841 -0.666436 0.693032 -0.2749 -0.707107 0.704416 0.061629 -6.16079e-08 0.996195 0.0871565 -0.666436 0.693032 -0.2749 -0.942482 0.0291324 -0.332984 -1 -8.21438e-08 -8.98448e-09 -0.707107 0.704416 0.061629 -0.666437 -0.634765 -0.39107 -0.707108 -0.704414 -0.0616288 -0.666437 -0.634765 -0.39107 -3.10682e-06 -0.909764 -0.415127 -1.2527e-06 -0.996195 -0.0871567 -0.707108 -0.704414 -0.0616288 0.666439 -0.634764 -0.391067 0.707109 -0.704413 -0.0616297 0.666439 -0.634764 -0.391067 0.942482 0.0291339 -0.332985 1 1.80716e-06 -1.08712e-06 0.707109 -0.704413 -0.0616297 0.666436 0.693032 -0.2749 0.707107 0.704416 0.0616285 0.666436 0.693032 -0.2749 0.707107 0.704416 0.0616285 -3.54832e-07 0.975424 -0.220337 -0.687764 0.672411 -0.273577 0.687765 0.67241 -0.273576 0.899171 0.00428844 -0.437576 0.687765 0.67241 -0.273576 0.586762 -0.565703 -0.579388 3.7427e-06 -0.777475 -0.628913 0.586762 -0.565703 -0.579388 0.666439 -0.634764 -0.391067 -3.10682e-06 -0.909764 -0.415127 -0.586763 -0.565699 -0.579391 -0.666437 -0.634765 -0.39107 -0.899171 0.00428817 -0.437576 -0.586763 -0.565699 -0.579391 -0.687764 0.672411 -0.273577 3.97534e-07 0.77843 0.627731 -0.680939 0.568415 0.461764 -0.726685 0.586086 0.358374 -3.89514e-07 0.85559 0.517655 -0.680939 0.568415 0.461764 -0.998997 0.023683 0.0380017 -0.99837 -0.0265793 -0.0504984 -0.726685 0.586086 0.358374 -0.71567 -0.550257 -0.430155 -0.679547 -0.577238 -0.452783 -0.71567 -0.550257 -0.430155 1.04264e-06 -0.773467 -0.633836 8.11556e-07 -0.788531 -0.614995 -0.679547 -0.577238 -0.452783 0.715671 -0.550256 -0.430155 0.679547 -0.577237 -0.452783 0.715671 -0.550256 -0.430155 0.998997 0.0236833 0.0380011 0.99837 -0.0265794 -0.0504989 0.679547 -0.577237 -0.452783 0.68094 0.568415 0.461764 0.726685 0.586085 0.358376 0.68094 0.568415 0.461764 0.726685 0.586085 0.358376 -5.78837e-07 0.909763 0.415129 -8.21439e-07 0.996195 0.0871565 -0.707107 0.704416 0.0616289 -0.666436 0.634767 0.391068 -0.666436 0.634767 0.391068 -0.707107 0.704416 0.0616289 -1 1.64288e-07 3.54245e-07 -0.942482 -0.029133 0.332986 -0.707108 -0.704414 -0.0616275 -0.666437 -0.69303 0.274904 -0.666437 -0.69303 0.274904 -0.707108 -0.704414 -0.0616275 -2.6286e-06 -0.996195 -0.0871566 -4.33538e-06 -0.968028 0.250842 0.707109 -0.704413 -0.0616306 0.666439 -0.693029 0.274901 0.666439 -0.693029 0.274901 0.707109 -0.704413 -0.0616306 1 1.76609e-06 -5.44201e-07 0.942482 -0.029131 0.332986 0.707107 0.704416 0.061629 0.666436 0.634766 0.391069 0.666436 0.634766 0.391069 0.707107 0.704416 0.061629 -0.666436 0.634767 0.391068 -0.581793 0.560596 0.589278 7.66726e-07 0.767594 0.640936 -5.78837e-07 0.909763 0.415129 0.581795 0.560595 0.589277 0.666436 0.634766 0.391069 0.581795 0.560595 0.589277 0.901063 0.00533036 0.433655 0.719331 -0.662723 0.208232 0.719331 -0.662723 0.208232 3.33722e-06 -0.997368 0.0725101 -0.719332 -0.662721 0.208235 -0.719332 -0.662721 0.208235 -0.901064 0.00532931 0.433654 -0.581793 0.560596 0.589278 -3.89514e-07 0.85559 0.517655 -0.726685 0.586086 0.358374 -0.680939 0.568415 0.461764 3.97534e-07 0.77843 0.627731 7.66726e-07 0.767594 0.640936 -0.581793 0.560596 0.589278 -0.679547 -0.577238 -0.452783 8.11556e-07 -0.788531 -0.614995 3.7427e-06 -0.777475 -0.628913 -0.586763 -0.565699 -0.579391 1.04264e-06 -0.773467 -0.633836 -0.71567 -0.550257 -0.430155 0.679547 -0.577237 -0.452783 0.586762 -0.565703 -0.579388 0.715671 -0.550256 -0.430155 0.726685 0.586085 0.358376 0.68094 0.568415 0.461764 0.581795 0.560595 0.589277 -1.29943e-07 0.968028 0.250841 -1.43752e-07 0.996195 -0.0871565 -0.707107 0.704416 -0.061629 -0.666436 0.693032 0.2749 -0.666436 0.693032 0.2749 -0.707107 0.704416 -0.061629 -1 -2.0536e-08 -1.5787e-07 -0.942482 0.0291324 0.332984 -0.707109 -0.704414 0.0616277 -0.666437 -0.634765 0.391069 -0.666437 -0.634765 0.391069 -0.707109 -0.704414 0.0616277 -1.45805e-06 -0.996195 0.0871549 -4.29403e-06 -0.909764 0.415126 0.707109 -0.704414 0.0616284 0.666439 -0.634765 0.391067 0.666439 -0.634765 0.391067 0.707109 -0.704414 0.0616284 1 1.5402e-06 5.14682e-07 0.942482 0.0291339 0.332985 0.707107 0.704416 -0.0616285 0.666436 0.693032 0.2749 0.666436 0.693032 0.2749 0.707107 0.704416 -0.0616285 -0.687765 0.67241 0.273576 -1.87852e-07 0.975424 0.220337 0.687764 0.672411 0.273577 0.687764 0.672411 0.273577 0.899171 0.00428874 0.437576 0.586762 -0.565703 0.579388 0.666439 -0.634765 0.391067 0.586762 -0.565703 0.579388 3.43818e-06 -0.777475 0.628914 -4.29403e-06 -0.909764 0.415126 -0.586764 -0.565699 0.57939 -0.666437 -0.634765 0.391069 -0.586764 -0.565699 0.57939 -0.899171 0.0042882 0.437576 -0.687765 0.67241 0.273576 6.98371e-07 0.77843 -0.627731 3.11611e-07 0.85559 -0.517655 -0.726685 0.586086 -0.358375 -0.680939 0.568415 -0.461765 -0.680939 0.568415 -0.461765 -0.726685 0.586086 -0.358375 -0.99837 -0.0265794 0.0504985 -0.998997 0.0236828 -0.0380015 -0.679547 -0.577238 0.452783 -0.715671 -0.550256 0.430156 -0.715671 -0.550256 0.430156 -0.679547 -0.577238 0.452783 1.08208e-08 -0.788531 0.614995 6.01524e-08 -0.773467 0.633837 0.679547 -0.577238 0.452783 0.71567 -0.550256 0.430156 0.71567 -0.550256 0.430156 0.679547 -0.577238 0.452783 0.99837 -0.0265792 0.0504988 0.998997 0.0236833 -0.038001 0.726685 0.586085 -0.358375 0.68094 0.568415 -0.461764 0.68094 0.568415 -0.461764 0.726685 0.586085 -0.358375 4.25268e-07 0.909763 -0.415128 -0.666436 0.634767 -0.391068 -0.707107 0.704416 -0.0616289 3.69648e-07 0.996195 -0.0871556 -0.666436 0.634767 -0.391068 -0.942482 -0.0291332 -0.332985 -1 1.98837e-23 -3.24725e-07 -0.707107 0.704416 -0.0616289 -0.666437 -0.69303 -0.274903 -0.707109 -0.704414 0.0616277 -0.666437 -0.69303 -0.274903 -4.95557e-06 -0.968028 -0.250842 -2.40271e-06 -0.996195 0.0871565 -0.707109 -0.704414 0.0616277 0.666438 -0.69303 -0.2749 0.707109 -0.704414 0.0616303 0.666438 -0.69303 -0.2749 0.942482 -0.0291308 -0.332985 1 1.90984e-06 1.31687e-06 0.707109 -0.704414 0.0616303 0.666436 0.634766 -0.391069 0.707107 0.704415 -0.0616274 0.666436 0.634766 -0.391069 0.707107 0.704415 -0.0616274 5.99619e-07 0.767594 -0.640936 -0.581793 0.560597 -0.589277 -0.666436 0.634767 -0.391068 4.25268e-07 0.909763 -0.415128 0.581794 0.560595 -0.589279 0.666436 0.634766 -0.391069 0.901064 0.00532873 -0.433654 0.581794 0.560595 -0.589279 0.719332 -0.662723 -0.20823 3.12398e-06 -0.997368 -0.0725096 0.719332 -0.662723 -0.20823 -0.719333 -0.662721 -0.208233 -0.901064 0.00532911 -0.433653 -0.719333 -0.662721 -0.208233 -0.581793 0.560597 -0.589277 3.11611e-07 0.85559 -0.517655 -0.726685 0.586086 -0.358375 -0.680939 0.568415 -0.461765 -0.581793 0.560597 -0.589277 5.99619e-07 0.767594 -0.640936 6.98371e-07 0.77843 -0.627731 -0.679547 -0.577238 0.452783 -0.586764 -0.565699 0.57939 3.43818e-06 -0.777475 0.628914 1.08208e-08 -0.788531 0.614995 6.01524e-08 -0.773467 0.633837 -0.715671 -0.550256 0.430156 0.586762 -0.565703 0.579388 0.679547 -0.577238 0.452783 0.71567 -0.550256 0.430156 0.726685 0.586085 -0.358375 0.581794 0.560595 -0.589279 0.68094 0.568415 -0.461764 1.77195e-08 0.942482 -0.334256 0 1 6.12323e-17 0.707107 0.707107 4.32978e-17 0.666436 0.666435 -0.334256 0.666436 0.666435 -0.334256 0.707107 0.707107 4.32978e-17 1 0 0 0.942482 5.90649e-09 -0.334256 0.707109 -0.707105 -4.32977e-17 0.666437 -0.666434 -0.334257 0.666437 -0.666434 -0.334257 0.707109 -0.707105 -4.32977e-17 2.27949e-06 -1 -6.12323e-17 4.0873e-06 -0.942483 -0.334255 -0.707109 -0.707105 -4.32977e-17 -0.666439 -0.666433 -0.334255 -0.666439 -0.666433 -0.334255 -0.707109 -0.707105 -4.32977e-17 -1 2.52592e-06 1.54668e-22 -0.942482 2.10271e-06 -0.334257 -0.707107 0.707107 4.32978e-17 -0.666436 0.666435 -0.334256 -0.666436 0.666435 -0.334256 -0.707107 0.707107 4.32978e-17 0.649789 0.649789 -0.394396 -5.98358e-08 0.918941 -0.394396 -0.649789 0.649789 -0.394396 -0.649789 0.649789 -0.394396 -0.91894 9.97263e-07 -0.394397 -0.649787 -0.649792 -0.394395 -0.649787 -0.649792 -0.394395 -3.39069e-06 -0.918941 -0.394395 0.64979 -0.649788 -0.394397 0.64979 -0.649788 -0.394397 0.918941 2.41498e-17 -0.394395 0.649789 0.649789 -0.394396 0.64979 0.649789 0.394395 -1.8948e-07 0.918941 0.394396 0.918941 -2.41497e-17 0.394395 0.64979 0.649789 0.394395 0.64979 -0.649788 0.394396 -3.90927e-06 -0.918942 0.394393 0.64979 -0.649788 0.394396 -0.649788 -0.649792 0.394393 -0.918941 7.87837e-07 0.394395 -0.649788 -0.649792 0.394393 -0.64979 0.64979 0.394395 -0.64979 0.64979 0.394395 -1.47662e-07 0.942482 0.334256 0.666436 0.666436 0.334256 0.707107 0.707107 -6.10595e-07 -1.23216e-07 1 -1.77584e-07 0.666436 0.666436 0.334256 0.942483 1.77195e-07 0.334255 1 3.08039e-07 -4.33012e-07 0.707107 0.707107 -6.10595e-07 0.666437 -0.666434 0.334257 0.707109 -0.707105 -4.32977e-17 0.666437 -0.666434 0.334257 4.30584e-06 -0.942483 0.334254 2.25896e-06 -1 -6.12323e-17 0.707109 -0.707105 -4.32977e-17 -0.666439 -0.666433 0.334254 -0.707108 -0.707105 -4.32977e-17 -0.666439 -0.666433 0.334254 -0.942482 1.6361e-06 0.334256 -1 1.95091e-06 1.19459e-22 -0.707108 -0.707105 -4.32977e-17 -0.666436 0.666436 0.334256 -0.707107 0.707107 4.32978e-17 -0.666436 0.666436 0.334256 -0.707107 0.707107 4.32978e-17 -0.334256 0.942482 5.77104e-17 0 1 6.12323e-17 0 0.707106 -0.707107 -0.334256 0.666435 -0.666436 -0.334256 0.666435 -0.666436 0 0.707106 -0.707107 0 6.12323e-17 -1 -0.334256 5.77104e-17 -0.942482 0 -0.707105 -0.707109 -0.334257 -0.666434 -0.666437 -0.334257 -0.666434 -0.666437 0 -0.707105 -0.707109 0 -1 -1.39645e-06 -0.334255 -0.942483 -3.34899e-06 0 -0.707104 0.707109 -0.334255 -0.666432 0.66644 -0.334255 -0.666432 0.66644 0 -0.707104 0.707109 0 2.15627e-06 1 -0.334257 1.80148e-06 0.942482 0 0.707106 0.707107 -0.334256 0.666435 0.666436 -0.334256 0.666435 0.666436 0 0.707106 0.707107 -0.394396 0.649791 -0.649788 -0.394396 0.918941 5.62689e-17 -0.394396 0.649791 0.649788 -0.394396 0.649791 0.649788 -0.394396 8.57646e-07 0.918941 -0.394394 -0.649794 0.649786 -0.394394 -0.649794 0.649786 -0.394394 -0.918941 3.6799e-06 -0.394397 -0.64979 -0.649788 -0.394397 -0.64979 -0.649788 -0.394395 5.62689e-17 -0.918941 -0.394396 0.649791 -0.649788 0.394395 0.649791 -0.649788 0.394395 0.918941 5.62689e-17 0.394394 5.6269e-17 -0.918942 0.394395 0.649791 -0.649788 0.394396 -0.64979 -0.649789 0.394393 -0.918942 3.68987e-06 0.394396 -0.64979 -0.649789 0.394393 -0.649794 0.649786 0.394395 8.57646e-07 0.918941 0.394393 -0.649794 0.649786 0.394395 0.649791 0.649788 0.394395 0.649791 0.649788 0.334256 0.942482 -1.1813e-08 0.334256 0.666435 -0.666436 0 0.707106 -0.707107 0 1 -2.0536e-08 0.334256 0.666435 -0.666436 0.334255 5.77104e-17 -0.942483 0 6.12323e-17 -1 0 0.707106 -0.707107 0.334256 -0.666434 -0.666437 0 -0.707105 -0.707109 0.334256 -0.666434 -0.666437 0.334254 -0.942483 -3.33127e-06 0 -1 -1.39645e-06 0 -0.707105 -0.707109 0.334254 -0.666432 0.66644 0 -0.707104 0.707109 0.334254 -0.666432 0.66644 0.334256 1.81329e-06 0.942482 0 2.17681e-06 1 0 -0.707104 0.707109 0.334256 0.666435 0.666436 0 0.707106 0.707107 0.334256 0.666435 0.666436 0 0.707106 0.707107 -0.25084 0.968029 4.7252e-08 -0.2749 0.693031 0.666437 0.0616276 0.704415 0.707108 0.0871566 0.996195 4.10719e-08 -0.2749 0.693031 0.666437 -0.332984 0.0291292 0.942482 2.73385e-07 3.12147e-06 1 0.0616276 0.704415 0.707108 -0.391069 -0.634765 0.666437 -0.0616274 -0.704414 0.707109 -0.391069 -0.634765 0.666437 -0.415126 -0.909764 3.12454e-06 -0.0871567 -0.996195 1.27323e-06 -0.0616274 -0.704414 0.707109 -0.391066 -0.634763 -0.66644 -0.0616297 -0.704412 -0.70711 -0.391066 -0.634763 -0.66644 -0.332985 0.0291364 -0.942482 -9.26685e-07 3.6554e-06 -1 -0.0616297 -0.704412 -0.70711 -0.2749 0.693032 -0.666436 0.0616286 0.704416 -0.707107 -0.2749 0.693032 -0.666436 0.0616286 0.704416 -0.707107 -0.22034 0.975423 9.39269e-08 -0.273574 0.672409 0.687767 -0.273574 0.672409 -0.687767 -0.437576 0.00428715 -0.899171 -0.273574 0.672409 -0.687767 -0.579386 -0.565704 -0.586763 -0.628913 -0.777476 -3.45783e-06 -0.579386 -0.565704 -0.586763 -0.391066 -0.634763 -0.66644 -0.415126 -0.909764 3.12454e-06 -0.57939 -0.5657 0.586764 -0.391069 -0.634765 0.666437 -0.437576 0.00428906 0.899171 -0.57939 -0.5657 0.586764 -0.273574 0.672409 0.687767 0.62773 0.778431 -5.9093e-07 0.461764 0.568415 0.680939 0.358377 0.586085 0.726684 0.517655 0.85559 -3.40822e-07 0.461764 0.568415 0.680939 0.0380016 0.023682 0.998997 -0.0504992 -0.0265813 0.99837 0.358377 0.586085 0.726684 -0.430153 -0.550258 0.715671 -0.452783 -0.577239 0.679546 -0.430153 -0.550258 0.715671 -0.633833 -0.77347 -1.3033e-07 -0.614995 -0.788531 4.32829e-08 -0.452783 -0.577239 0.679546 -0.430154 -0.550257 -0.715671 -0.452783 -0.577238 -0.679547 -0.430154 -0.550257 -0.715671 0.0380014 0.0236833 -0.998997 -0.0504971 -0.0265781 -0.998371 -0.452783 -0.577238 -0.679547 0.461764 0.568415 -0.680939 0.358378 0.586086 -0.726683 0.461764 0.568415 -0.680939 0.358378 0.586086 -0.726683 0.415132 0.909761 2.717e-07 0.0871561 0.996195 7.1876e-07 0.0616287 0.704415 0.707108 0.39107 0.634766 0.666436 0.39107 0.634766 0.666436 0.0616287 0.704415 0.707108 8.98447e-09 4.5179e-07 1 0.332984 -0.0291331 0.942482 -0.0616256 -0.704415 0.707108 0.274902 -0.693031 0.666436 0.274902 -0.693031 0.666436 -0.0616256 -0.704415 0.707108 -0.0871501 -0.996195 1.43752e-06 0.250841 -0.968028 3.57932e-06 -0.0616256 -0.704414 -0.707109 0.274899 -0.693029 -0.666439 0.274899 -0.693029 -0.666439 -0.0616256 -0.704414 -0.707109 -2.55416e-07 1.84823e-06 -1 0.332984 -0.0291318 -0.942482 0.0616283 0.704415 -0.707108 0.391071 0.634765 -0.666436 0.391071 0.634765 -0.666436 0.0616283 0.704415 -0.707108 0.39107 0.634766 0.666436 0.589279 0.560595 0.581793 0.640939 0.767591 -1.27788e-07 0.415132 0.909761 2.717e-07 0.58928 0.560594 -0.581793 0.391071 0.634765 -0.666436 0.58928 0.560594 -0.581793 0.433653 0.00533163 -0.901064 0.208227 -0.662726 -0.71933 0.208227 -0.662726 -0.71933 0.0725077 -0.997368 -4.49937e-06 0.208234 -0.662723 0.719331 0.208234 -0.662723 0.719331 0.433652 0.00533088 0.901065 0.589279 0.560595 0.581793 0.517655 0.85559 -3.40822e-07 0.358377 0.586085 0.726684 0.461764 0.568415 0.680939 0.62773 0.778431 -5.9093e-07 0.640939 0.767591 -1.27788e-07 0.589279 0.560595 0.581793 -0.452783 -0.577239 0.679546 -0.614995 -0.788531 4.32829e-08 -0.628913 -0.777476 -3.45783e-06 -0.57939 -0.5657 0.586764 -0.633833 -0.77347 -1.3033e-07 -0.430153 -0.550258 0.715671 -0.452783 -0.577238 -0.679547 -0.579386 -0.565704 -0.586763 -0.430154 -0.550257 -0.715671 0.358378 0.586086 -0.726683 0.461764 0.568415 -0.680939 0.58928 0.560594 -0.581793 -0.250843 0.968028 1.97277e-06 -0.274901 0.693031 0.666436 0.0616289 0.704415 0.707108 0.0871565 0.996195 2.30003e-06 -0.274901 0.693031 0.666436 -0.332984 0.0291325 0.942482 -3.85049e-09 -4.10719e-08 1 0.0616289 0.704415 0.707108 -0.391068 -0.634765 0.666438 -0.0616288 -0.704414 0.707109 -0.391068 -0.634765 0.666438 -0.415125 -0.909764 4.9083e-06 -0.0871567 -0.996195 3.42951e-06 -0.0616288 -0.704414 0.707109 -0.391066 -0.634765 -0.666439 -0.0616298 -0.704414 -0.707109 -0.391066 -0.634765 -0.666439 -0.332986 0.0291339 -0.942482 -1.09739e-06 1.70448e-06 -1 -0.0616298 -0.704414 -0.707109 -0.274902 0.693032 -0.666435 0.0616286 0.704416 -0.707107 -0.274902 0.693032 -0.666435 0.0616286 0.704416 -0.707107 -0.220339 0.975423 1.07493e-06 -0.273576 0.67241 0.687765 -0.273578 0.672409 -0.687765 -0.437577 0.00428889 -0.899171 -0.273578 0.672409 -0.687765 -0.579387 -0.565704 -0.586762 -0.628912 -0.777477 -2.65231e-06 -0.579387 -0.565704 -0.586762 -0.391066 -0.634765 -0.666439 -0.415125 -0.909764 4.9083e-06 -0.579389 -0.5657 0.586764 -0.391068 -0.634765 0.666438 -0.437576 0.00428851 0.899171 -0.579389 -0.5657 0.586764 -0.273576 0.67241 0.687765 0.62773 0.778431 -5.58697e-07 0.461764 0.568415 0.680939 0.358377 0.586085 0.726685 0.517657 0.855589 -3.11611e-07 0.461764 0.568415 0.680939 0.0380019 0.0236823 0.998997 -0.0504986 -0.0265794 0.99837 0.358377 0.586085 0.726685 -0.430152 -0.550257 0.715672 -0.452783 -0.577237 0.679548 -0.430152 -0.550257 0.715672 -0.633833 -0.77347 -9.02287e-08 -0.614995 -0.788531 9.73869e-08 -0.452783 -0.577237 0.679548 -0.430154 -0.550256 -0.715672 -0.452783 -0.577237 -0.679548 -0.430154 -0.550256 -0.715672 0.0380012 0.023683 -0.998997 -0.0504989 -0.0265791 -0.99837 -0.452783 -0.577237 -0.679548 0.461764 0.568415 -0.68094 0.358376 0.586085 -0.726685 0.461764 0.568415 -0.68094 0.358376 0.586085 -0.726685 0.415132 0.909761 2.95323e-07 0.0871627 0.996194 7.39297e-07 0.0616321 0.704416 0.707106 0.39107 0.634767 0.666434 0.39107 0.634767 0.666434 0.0616321 0.704416 0.707106 8.98447e-09 4.5179e-07 1 0.332984 -0.0291331 0.942482 -0.0616256 -0.704415 0.707108 0.274902 -0.693031 0.666436 0.274902 -0.693031 0.666436 -0.0616256 -0.704415 0.707108 -0.0871501 -0.996195 1.45805e-06 0.250841 -0.968028 3.57932e-06 -0.0616256 -0.704414 -0.707109 0.274899 -0.693029 -0.666439 0.274899 -0.693029 -0.666439 -0.0616256 -0.704414 -0.707109 -2.55416e-07 1.84823e-06 -1 0.332984 -0.0291318 -0.942482 0.0616317 0.704416 -0.707106 0.391071 0.634767 -0.666435 0.391071 0.634767 -0.666435 0.0616317 0.704416 -0.707106 0.39107 0.634767 0.666434 0.589277 0.560597 0.581793 0.640935 0.767595 -1.17958e-07 0.415132 0.909761 2.95323e-07 0.589279 0.560596 -0.581793 0.391071 0.634767 -0.666435 0.589279 0.560596 -0.581793 0.433653 0.00533163 -0.901064 0.208227 -0.662726 -0.71933 0.208227 -0.662726 -0.71933 0.0725077 -0.997368 -4.49937e-06 0.208234 -0.662723 0.719331 0.208234 -0.662723 0.719331 0.433652 0.00533088 0.901065 0.589277 0.560597 0.581793 0.517657 0.855589 -3.11611e-07 0.358377 0.586085 0.726685 0.461764 0.568415 0.680939 0.62773 0.778431 -5.58697e-07 0.640935 0.767595 -1.17958e-07 0.589277 0.560597 0.581793 -0.452783 -0.577237 0.679548 -0.614995 -0.788531 9.73869e-08 -0.628912 -0.777477 -2.65231e-06 -0.579389 -0.5657 0.586764 -0.633833 -0.77347 -9.02287e-08 -0.430152 -0.550257 0.715672 -0.452783 -0.577237 -0.679548 -0.579387 -0.565704 -0.586762 -0.430154 -0.550256 -0.715672 0.358376 0.586085 -0.726685 0.461764 0.568415 -0.68094 0.589279 0.560596 -0.581793 0.250842 0.968028 6.2609e-07 -0.0871549 0.996195 1.15001e-06 -0.0616289 0.704415 0.707108 0.274901 0.693031 0.666436 0.274901 0.693031 0.666436 -0.0616289 0.704415 0.707108 1.41185e-08 -6.12323e-17 1 0.332983 0.0291324 0.942483 0.0616287 -0.704414 0.707109 0.391068 -0.634765 0.666438 0.391068 -0.634765 0.666438 0.0616287 -0.704414 0.707109 0.0871566 -0.996195 3.0804e-06 0.415125 -0.909764 5.66433e-06 0.0616294 -0.704414 -0.707108 0.391066 -0.634765 -0.666439 0.391066 -0.634765 -0.666439 0.0616294 -0.704414 -0.707108 1.3374e-06 1.95091e-06 -1 0.332985 0.0291344 -0.942482 -0.0616263 0.704417 -0.707106 0.274902 0.693031 -0.666436 0.274902 0.693031 -0.666436 -0.0616263 0.704417 -0.707106 0.273576 0.67241 0.687765 0.220337 0.975424 5.97275e-17 0.273576 0.67241 -0.687765 0.273576 0.67241 -0.687765 0.437576 0.00428942 -0.899171 0.579388 -0.565704 -0.586761 0.391066 -0.634765 -0.666439 0.579388 -0.565704 -0.586761 0.628913 -0.777476 -2.8586e-06 0.415125 -0.909764 5.66433e-06 0.579389 -0.565701 0.586763 0.391068 -0.634765 0.666438 0.579389 -0.565701 0.586763 0.437575 0.00428823 0.899172 0.273576 0.67241 0.687765 -0.627732 0.77843 -3.22325e-07 -0.517657 0.855588 -1.75281e-07 -0.358377 0.586086 0.726684 -0.461765 0.568415 0.680939 -0.461765 0.568415 0.680939 -0.358377 0.586086 0.726684 0.0504987 -0.0265793 0.99837 -0.0380013 0.0236826 0.998997 0.452784 -0.577237 0.679547 0.430155 -0.550256 0.715671 0.430155 -0.550256 0.715671 0.452784 -0.577237 0.679547 0.614996 -0.78853 -2.16415e-08 0.633836 -0.773467 -1.60406e-07 0.452784 -0.577237 -0.679547 0.430155 -0.550256 -0.715671 0.430155 -0.550256 -0.715671 0.452784 -0.577237 -0.679547 0.0504987 -0.0265792 -0.99837 -0.0380009 0.0236828 -0.998997 -0.358376 0.586086 -0.726684 -0.461764 0.568415 -0.680939 -0.461764 0.568415 -0.680939 -0.358376 0.586086 -0.726684 -0.415128 0.909763 -5.31585e-07 -0.391068 0.634768 0.666435 -0.0616295 0.704416 0.707106 -0.0871549 0.996195 -5.75007e-07 -0.391068 0.634768 0.666435 -0.332985 -0.0291336 0.942482 -1.07814e-06 1.84823e-07 1 -0.0616295 0.704416 0.707106 -0.274903 -0.693029 0.666437 0.0616266 -0.704415 0.707108 -0.274903 -0.693029 0.666437 -0.250843 -0.968028 5.12685e-06 0.0871551 -0.996195 2.54646e-06 0.0616266 -0.704415 0.707108 -0.274901 -0.693029 -0.666438 0.0616294 -0.704415 -0.707108 -0.274901 -0.693029 -0.666438 -0.332986 -0.0291306 -0.942482 8.77911e-07 2.19734e-06 -1 0.0616294 -0.704415 -0.707108 -0.391069 0.634767 -0.666435 -0.0616266 0.704416 -0.707107 -0.391069 0.634767 -0.666435 -0.0616266 0.704416 -0.707107 -0.640937 0.767594 -1.37618e-07 -0.589278 0.560596 0.581793 -0.391068 0.634768 0.666435 -0.415128 0.909763 -5.31585e-07 -0.589279 0.560595 -0.581793 -0.391069 0.634767 -0.666435 -0.433655 0.00532848 -0.901063 -0.589279 0.560595 -0.581793 -0.20823 -0.662724 -0.719331 -0.0725109 -0.997368 -3.06001e-06 -0.20823 -0.662724 -0.719331 -0.208234 -0.662721 0.719333 -0.433653 0.0053305 0.901064 -0.208234 -0.662721 0.719333 -0.589278 0.560596 0.581793 -0.517657 0.855588 -1.75281e-07 -0.358377 0.586086 0.726684 -0.461765 0.568415 0.680939 -0.589278 0.560596 0.581793 -0.640937 0.767594 -1.37618e-07 -0.627732 0.77843 -3.22325e-07 0.452784 -0.577237 0.679547 0.579389 -0.565701 0.586763 0.628913 -0.777476 -2.8586e-06 0.614996 -0.78853 -2.16415e-08 0.633836 -0.773467 -1.60406e-07 0.430155 -0.550256 0.715671 0.579388 -0.565704 -0.586761 0.452784 -0.577237 -0.679547 0.430155 -0.550256 -0.715671 -0.358376 0.586086 -0.726684 -0.589279 0.560595 -0.581793 -0.461764 0.568415 -0.680939 -0.250843 0.968028 1.97868e-06 -0.274901 0.693031 0.666436 0.0616289 0.704415 0.707108 0.0871565 0.996195 2.30003e-06 -0.274901 0.693031 0.666436 -0.332984 0.0291325 0.942482 -3.85049e-09 -4.10719e-08 1 0.0616289 0.704415 0.707108 -0.391068 -0.634765 0.666438 -0.0616288 -0.704414 0.707109 -0.391068 -0.634765 0.666438 -0.415125 -0.909764 4.89649e-06 -0.0871567 -0.996195 3.40897e-06 -0.0616288 -0.704414 0.707109 -0.391067 -0.634764 -0.666439 -0.0616298 -0.704414 -0.707109 -0.391067 -0.634764 -0.666439 -0.332986 0.0291339 -0.942482 -1.09739e-06 1.70448e-06 -1 -0.0616298 -0.704414 -0.707109 -0.274902 0.693032 -0.666435 0.0616286 0.704416 -0.707107 -0.274902 0.693032 -0.666435 0.0616286 0.704416 -0.707107 -0.220339 0.975423 1.08537e-06 -0.273576 0.67241 0.687765 -0.273578 0.672409 -0.687765 -0.437577 0.00428891 -0.899171 -0.273578 0.672409 -0.687765 -0.579388 -0.565704 -0.586762 -0.628912 -0.777477 -2.67196e-06 -0.579388 -0.565704 -0.586762 -0.391067 -0.634764 -0.666439 -0.415125 -0.909764 4.89649e-06 -0.579389 -0.5657 0.586764 -0.391068 -0.634765 0.666438 -0.437576 0.0042885 0.899171 -0.579389 -0.5657 0.586764 -0.273576 0.67241 0.687765 0.627731 0.77843 -6.12417e-07 0.461765 0.568415 0.680939 0.358377 0.586086 0.726684 0.517657 0.855588 -3.603e-07 0.461765 0.568415 0.680939 0.0380015 0.0236822 0.998997 -0.0504986 -0.0265794 0.99837 0.358377 0.586086 0.726684 -0.430154 -0.550256 0.715671 -0.452783 -0.577237 0.679548 -0.430154 -0.550256 0.715671 -0.633835 -0.773468 -8.02033e-08 -0.614995 -0.788531 8.65661e-08 -0.452783 -0.577237 0.679548 -0.430155 -0.550256 -0.715671 -0.452783 -0.577237 -0.679548 -0.430155 -0.550256 -0.715671 0.0380008 0.0236829 -0.998997 -0.0504988 -0.0265791 -0.99837 -0.452783 -0.577237 -0.679548 0.461764 0.568415 -0.680939 0.358376 0.586086 -0.726684 0.461764 0.568415 -0.680939 0.358376 0.586086 -0.726684 0.415129 0.909763 3.01231e-07 0.0871561 0.996195 7.18758e-07 0.0616288 0.704416 0.707106 0.391068 0.634767 0.666435 0.391068 0.634767 0.666435 0.0616288 0.704416 0.707106 6.44315e-07 -6.16078e-08 1 0.332984 -0.0291338 0.942482 -0.0616266 -0.704415 0.707108 0.274903 -0.69303 0.666437 0.274903 -0.69303 0.666437 -0.0616266 -0.704415 0.707108 -0.087155 -0.996195 2.58753e-06 0.250842 -0.968028 4.87878e-06 -0.0616289 -0.704414 -0.707109 0.2749 -0.693029 -0.666439 0.2749 -0.693029 -0.666439 -0.0616289 -0.704414 -0.707109 -2.55416e-07 1.84823e-06 -1 0.332985 -0.0291319 -0.942482 0.0616284 0.704417 -0.707106 0.391069 0.634767 -0.666435 0.391069 0.634767 -0.666435 0.0616284 0.704417 -0.707106 0.391068 0.634767 0.666435 0.589277 0.560596 0.581794 0.640937 0.767594 -1.08128e-07 0.415129 0.909763 3.01231e-07 0.589279 0.560595 -0.581793 0.391069 0.634767 -0.666435 0.589279 0.560595 -0.581793 0.433654 0.00533129 -0.901064 0.208229 -0.662723 -0.719332 0.208229 -0.662723 -0.719332 0.0725107 -0.997368 -3.43318e-06 0.208234 -0.66272 0.719333 0.208234 -0.66272 0.719333 0.433652 0.00533016 0.901065 0.589277 0.560596 0.581794 0.517657 0.855588 -3.603e-07 0.358377 0.586086 0.726684 0.461765 0.568415 0.680939 0.627731 0.77843 -6.12417e-07 0.640937 0.767594 -1.08128e-07 0.589277 0.560596 0.581794 -0.452783 -0.577237 0.679548 -0.614995 -0.788531 8.65661e-08 -0.628912 -0.777477 -2.67196e-06 -0.579389 -0.5657 0.586764 -0.633835 -0.773468 -8.02033e-08 -0.430154 -0.550256 0.715671 -0.452783 -0.577237 -0.679548 -0.579388 -0.565704 -0.586762 -0.430155 -0.550256 -0.715671 0.358376 0.586086 -0.726684 0.461764 0.568415 -0.680939 0.589279 0.560595 -0.581793 0.250841 0.968028 5.92747e-17 -0.0871565 0.996195 6.09993e-17 -0.0616289 0.704416 0.707107 0.2749 0.693032 0.666436 0.2749 0.693032 0.666436 -0.0616289 0.704416 0.707107 1.92525e-08 -2.0536e-08 1 0.332984 0.0291323 0.942482 0.0616287 -0.704414 0.707109 0.391069 -0.634765 0.666437 0.391069 -0.634765 0.666437 0.0616287 -0.704414 0.707109 0.0871566 -0.996195 8.62512e-07 0.415127 -0.909764 3.79788e-06 0.0616294 -0.704414 -0.707109 0.391067 -0.634764 -0.666439 0.391067 -0.634764 -0.666439 0.0616294 -0.704414 -0.707109 6.98222e-07 1.45805e-06 -1 0.332985 0.0291337 -0.942482 -0.0616285 0.704416 -0.707107 0.2749 0.693032 -0.666436 0.2749 0.693032 -0.666436 -0.0616285 0.704416 -0.707107 0.273577 0.672411 0.687764 0.220339 0.975423 5.97275e-17 0.273577 0.672411 -0.687764 0.273577 0.672411 -0.687764 0.437577 0.00428867 -0.899171 0.579388 -0.565704 -0.586762 0.391067 -0.634764 -0.666439 0.579388 -0.565704 -0.586762 0.628914 -0.777475 -3.65429e-06 0.415127 -0.909764 3.79788e-06 0.57939 -0.565699 0.586764 0.391069 -0.634765 0.666437 0.57939 -0.565699 0.586764 0.437576 0.00428784 0.899171 0.273577 0.672411 0.687764 -0.627732 0.77843 -3.22325e-07 -0.517654 0.85559 -1.85019e-07 -0.358374 0.586086 0.726685 -0.461765 0.568415 0.680939 -0.461765 0.568415 0.680939 -0.358374 0.586086 0.726685 0.0504989 -0.0265796 0.99837 -0.0380013 0.0236826 0.998997 0.452783 -0.577237 0.679547 0.430155 -0.550256 0.715671 0.430155 -0.550256 0.715671 0.452783 -0.577237 0.679547 0.614995 -0.788531 -3.24623e-08 0.633836 -0.773467 -1.80457e-07 0.452783 -0.577237 -0.679547 0.430155 -0.550256 -0.715671 0.430155 -0.550256 -0.715671 0.452783 -0.577237 -0.679547 0.050499 -0.0265794 -0.99837 -0.0380009 0.0236828 -0.998997 -0.358374 0.586086 -0.726685 -0.461764 0.568415 -0.68094 -0.461764 0.568415 -0.68094 -0.358374 0.586086 -0.726685 -0.415128 0.909763 -5.31585e-07 -0.391068 0.634768 0.666435 -0.0616295 0.704416 0.707106 -0.0871549 0.996195 -5.75007e-07 -0.391068 0.634768 0.666435 -0.332985 -0.0291336 0.942482 -1.07814e-06 1.84823e-07 1 -0.0616295 0.704416 0.707106 -0.274903 -0.693029 0.666437 0.0616266 -0.704415 0.707108 -0.274903 -0.693029 0.666437 -0.250843 -0.968028 5.12685e-06 0.0871551 -0.996195 2.54646e-06 0.0616266 -0.704415 0.707108 -0.274901 -0.693029 -0.666438 0.0616294 -0.704415 -0.707108 -0.274901 -0.693029 -0.666438 -0.332986 -0.0291306 -0.942482 8.77911e-07 2.19734e-06 -1 0.0616294 -0.704415 -0.707108 -0.391069 0.634767 -0.666435 -0.0616266 0.704416 -0.707107 -0.391069 0.634767 -0.666435 -0.0616266 0.704416 -0.707107 -0.640937 0.767594 -1.37618e-07 -0.589278 0.560596 0.581793 -0.391068 0.634768 0.666435 -0.415128 0.909763 -5.31585e-07 -0.589279 0.560595 -0.581793 -0.391069 0.634767 -0.666435 -0.433655 0.00532848 -0.901063 -0.589279 0.560595 -0.581793 -0.20823 -0.662724 -0.719331 -0.0725109 -0.997368 -3.06001e-06 -0.20823 -0.662724 -0.719331 -0.208234 -0.662721 0.719333 -0.433653 0.0053305 0.901064 -0.208234 -0.662721 0.719333 -0.589278 0.560596 0.581793 -0.517654 0.85559 -1.85019e-07 -0.358374 0.586086 0.726685 -0.461765 0.568415 0.680939 -0.589278 0.560596 0.581793 -0.640937 0.767594 -1.37618e-07 -0.627732 0.77843 -3.22325e-07 0.452783 -0.577237 0.679547 0.57939 -0.565699 0.586764 0.628914 -0.777475 -3.65429e-06 0.614995 -0.788531 -3.24623e-08 0.633836 -0.773467 -1.80457e-07 0.430155 -0.550256 0.715671 0.579388 -0.565704 -0.586762 0.452783 -0.577237 -0.679547 0.430155 -0.550256 -0.715671 -0.358374 0.586086 -0.726685 -0.589279 0.560595 -0.581793 -0.461764 0.568415 -0.68094 -0.250841 0.968028 9.4504e-08 -0.2749 0.693032 0.666436 0.061629 0.704416 0.707107 0.0871565 0.996195 8.21438e-08 -0.2749 0.693032 0.666436 -0.332984 0.0291324 0.942482 -7.70098e-09 -8.21438e-08 1 0.061629 0.704416 0.707107 -0.39107 -0.634765 0.666437 -0.0616288 -0.704414 0.707108 -0.39107 -0.634765 0.666437 -0.415127 -0.909764 3.09501e-06 -0.0871567 -0.996195 1.23216e-06 -0.0616288 -0.704414 0.707108 -0.391067 -0.634764 -0.666439 -0.0616297 -0.704414 -0.707109 -0.391067 -0.634764 -0.666439 -0.332985 0.0291339 -0.942482 -1.0884e-06 1.80716e-06 -1 -0.0616297 -0.704414 -0.707109 -0.2749 0.693032 -0.666436 0.0616285 0.704416 -0.707107 -0.2749 0.693032 -0.666436 0.0616285 0.704416 -0.707107 -0.220337 0.975424 3.65268e-07 -0.273577 0.672411 0.687764 -0.273576 0.67241 -0.687765 -0.437576 0.00428838 -0.899171 -0.273576 0.67241 -0.687765 -0.579388 -0.565704 -0.586762 -0.628913 -0.777475 -3.71323e-06 -0.579388 -0.565704 -0.586762 -0.391067 -0.634764 -0.666439 -0.415127 -0.909764 3.09501e-06 -0.57939 -0.565699 0.586763 -0.39107 -0.634765 0.666437 -0.437576 0.0042882 0.899171 -0.57939 -0.565699 0.586763 -0.273577 0.672411 0.687764 0.627731 0.77843 -6.66138e-07 0.461765 0.568415 0.680939 0.358374 0.586086 0.726685 0.517655 0.85559 3.01873e-07 0.461765 0.568415 0.680939 0.0380017 0.0236824 0.998997 -0.0504985 -0.0265794 0.99837 0.358374 0.586086 0.726685 -0.430155 -0.550257 0.715671 -0.452783 -0.577238 0.679547 -0.430155 -0.550257 0.715671 -0.633836 -0.773468 -9.92515e-07 -0.614995 -0.788531 -6.92528e-07 -0.452783 -0.577238 0.679547 -0.430155 -0.550256 -0.715671 -0.452783 -0.577237 -0.679547 -0.430155 -0.550256 -0.715671 0.0380007 0.023683 -0.998997 -0.050499 -0.0265795 -0.99837 -0.452783 -0.577237 -0.679547 0.461764 0.568415 -0.680939 0.358376 0.586085 -0.726685 0.461764 0.568415 -0.680939 0.358376 0.586085 -0.726685 0.415128 0.909763 2.00821e-07 0.0871561 0.996195 6.98223e-07 0.0616288 0.704416 0.707107 0.391068 0.634767 0.666436 0.391068 0.634767 0.666436 0.0616288 0.704416 0.707107 3.24725e-07 1.64288e-07 1 0.332984 -0.0291332 0.942482 -0.0616277 -0.704414 0.707109 0.274902 -0.69303 0.666437 0.274902 -0.69303 0.666437 -0.0616277 -0.704414 0.707109 -0.0871567 -0.996195 2.56699e-06 0.250841 -0.968028 4.87878e-06 -0.06163 -0.704413 -0.707109 0.274899 -0.69303 -0.666439 0.274899 -0.69303 -0.666439 -0.06163 -0.704413 -0.707109 -5.73722e-07 2.05359e-06 -1 0.332985 -0.0291313 -0.942482 0.0616284 0.704416 -0.707107 0.391069 0.634766 -0.666436 0.391069 0.634766 -0.666436 0.0616284 0.704416 -0.707107 0.391068 0.634767 0.666436 0.589277 0.560597 0.581794 0.640936 0.767594 -5.01321e-07 0.415128 0.909763 2.00821e-07 0.589278 0.560595 -0.581794 0.391069 0.634766 -0.666436 0.589278 0.560595 -0.581794 0.433654 0.00533022 -0.901064 0.208229 -0.662723 -0.719332 0.208229 -0.662723 -0.719332 0.07251 -0.997368 -3.83834e-06 0.208233 -0.66272 0.719334 0.208233 -0.66272 0.719334 0.433651 0.00532899 0.901065 0.589277 0.560597 0.581794 0.517655 0.85559 3.01873e-07 0.358374 0.586086 0.726685 0.461765 0.568415 0.680939 0.627731 0.77843 -6.66138e-07 0.640936 0.767594 -5.01321e-07 0.589277 0.560597 0.581794 -0.452783 -0.577238 0.679547 -0.614995 -0.788531 -6.92528e-07 -0.628913 -0.777475 -3.71323e-06 -0.57939 -0.565699 0.586763 -0.633836 -0.773468 -9.92515e-07 -0.430155 -0.550257 0.715671 -0.452783 -0.577237 -0.679547 -0.579388 -0.565704 -0.586762 -0.430155 -0.550256 -0.715671 0.358376 0.586085 -0.726685 0.461764 0.568415 -0.680939 0.589278 0.560595 -0.581794 0.250841 0.968028 5.92747e-17 -0.0871565 0.996195 6.09993e-17 -0.0616289 0.704416 0.707107 0.2749 0.693032 0.666436 0.2749 0.693032 0.666436 -0.0616289 0.704416 0.707107 -1.46319e-07 -1.23216e-07 1 0.332984 0.0291323 0.942482 0.0616277 -0.704414 0.707109 0.391069 -0.634765 0.666437 0.391069 -0.634765 0.666437 0.0616277 -0.704414 0.707109 0.0871549 -0.996195 1.41698e-06 0.415126 -0.909764 4.27041e-06 0.0616284 -0.704414 -0.707109 0.391067 -0.634765 -0.666439 0.391067 -0.634765 -0.666439 0.0616284 -0.704414 -0.707109 5.14682e-07 1.5402e-06 -1 0.332985 0.0291339 -0.942482 -0.0616285 0.704416 -0.707107 0.2749 0.693032 -0.666436 0.2749 0.693032 -0.666436 -0.0616285 0.704416 -0.707107 0.273577 0.67241 0.687765 0.220337 0.975424 5.97275e-17 0.273577 0.67241 -0.687765 0.273577 0.67241 -0.687765 0.437577 0.00428871 -0.899171 0.579388 -0.565703 -0.586762 0.391067 -0.634765 -0.666439 0.579388 -0.565703 -0.586762 0.628914 -0.777475 -3.43818e-06 0.415126 -0.909764 4.27041e-06 0.57939 -0.565699 0.586764 0.391069 -0.634765 0.666437 0.57939 -0.565699 0.586764 0.437576 0.00428779 0.899171 0.273577 0.67241 0.687765 -0.627731 0.77843 -5.90929e-07 -0.517655 0.855589 -1.26592e-07 -0.358375 0.586086 0.726685 -0.461765 0.568415 0.680939 -0.461765 0.568415 0.680939 -0.358375 0.586086 0.726685 0.0504987 -0.0265795 0.99837 -0.0380014 0.0236828 0.998997 0.452783 -0.577238 0.679547 0.430156 -0.550256 0.71567 0.430156 -0.550256 0.71567 0.452783 -0.577238 0.679547 0.614995 -0.788531 -4.82836e-17 0.633837 -0.773467 -1.3033e-07 0.452783 -0.577238 -0.679547 0.430156 -0.550256 -0.71567 0.430156 -0.550256 -0.71567 0.452783 -0.577238 -0.679547 0.0504988 -0.0265794 -0.99837 -0.038001 0.0236832 -0.998997 -0.358375 0.586086 -0.726685 -0.461764 0.568415 -0.68094 -0.461764 0.568415 -0.68094 -0.358375 0.586086 -0.726685 -0.415128 0.909763 -2.89419e-07 -0.391068 0.634767 0.666436 -0.0616294 0.704416 0.707107 -0.0871557 0.996195 -6.16079e-08 -0.391068 0.634767 0.666436 -0.332985 -0.0291329 0.942482 -7.58546e-07 3.90183e-07 1 -0.0616294 0.704416 0.707107 -0.274903 -0.69303 0.666437 0.0616277 -0.704414 0.707109 -0.274903 -0.69303 0.666437 -0.250842 -0.968028 5.12685e-06 0.0871567 -0.996195 2.52592e-06 0.0616277 -0.704414 0.707109 -0.2749 -0.693029 -0.666439 0.0616305 -0.704414 -0.707109 -0.2749 -0.693029 -0.666439 -0.332986 -0.0291305 -0.942482 8.76627e-07 2.19734e-06 -1 0.0616305 -0.704414 -0.707109 -0.391069 0.634766 -0.666436 -0.0616278 0.704416 -0.707107 -0.391069 0.634766 -0.666436 -0.0616278 0.704416 -0.707107 -0.640936 0.767594 -5.11151e-07 -0.589277 0.560597 0.581794 -0.391068 0.634767 0.666436 -0.415128 0.909763 -2.89419e-07 -0.589279 0.560595 -0.581794 -0.391069 0.634766 -0.666436 -0.433655 0.00532898 -0.901063 -0.589279 0.560595 -0.581794 -0.20823 -0.662723 -0.719332 -0.0725095 -0.997368 -3.03869e-06 -0.20823 -0.662723 -0.719332 -0.208233 -0.662721 0.719333 -0.433652 0.00532935 0.901065 -0.208233 -0.662721 0.719333 -0.589277 0.560597 0.581794 -0.517655 0.855589 -1.26592e-07 -0.358375 0.586086 0.726685 -0.461765 0.568415 0.680939 -0.589277 0.560597 0.581794 -0.640936 0.767594 -5.11151e-07 -0.627731 0.77843 -5.90929e-07 0.452783 -0.577238 0.679547 0.57939 -0.565699 0.586764 0.628914 -0.777475 -3.43818e-06 0.614995 -0.788531 -4.82836e-17 0.633837 -0.773467 -1.3033e-07 0.430156 -0.550256 0.71567 0.579388 -0.565703 -0.586762 0.452783 -0.577238 -0.679547 0.430156 -0.550256 -0.71567 -0.358375 0.586086 -0.726685 -0.589279 0.560595 -0.581794 -0.461764 0.568415 -0.68094 -0.334256 0.942482 -1.77195e-08 0 1 6.12323e-17 0 0.707107 -0.707107 -0.334256 0.666435 -0.666436 -0.334256 0.666435 -0.666436 0 0.707107 -0.707107 0 6.12323e-17 -1 -0.334256 1.1813e-08 -0.942482 0 -0.707105 -0.707109 -0.334257 -0.666434 -0.666437 -0.334257 -0.666434 -0.666437 0 -0.707105 -0.707109 0 -1 -2.27949e-06 -0.334255 -0.942483 -4.0873e-06 0 -0.707105 0.707109 -0.334255 -0.666433 0.666439 -0.334255 -0.666433 0.666439 0 -0.707105 0.707109 0 2.52592e-06 1 -0.334257 2.10271e-06 0.942482 0 0.707107 0.707107 -0.334256 0.666435 0.666436 -0.334256 0.666435 0.666436 0 0.707107 0.707107 -0.394396 0.649789 -0.649789 -0.394396 0.918941 -9.97263e-09 -0.394396 0.649789 0.649789 -0.394396 0.649789 0.649789 -0.394397 1.00724e-06 0.91894 -0.394395 -0.649792 0.649787 -0.394395 -0.649792 0.649787 -0.394395 -0.918941 3.31091e-06 -0.394397 -0.649788 -0.64979 -0.394397 -0.649788 -0.64979 -0.394396 1.99453e-08 -0.918941 -0.394396 0.649789 -0.649789 0.394394 0.64979 -0.64979 0.394396 0.918941 5.62689e-17 0.394394 -1.99452e-08 -0.918941 0.394394 0.64979 -0.64979 0.394396 -0.649789 -0.64979 0.394394 -0.918942 3.31091e-06 0.394396 -0.649789 -0.64979 0.394394 -0.649792 0.649787 0.394396 1.00724e-06 0.918941 0.394394 -0.649792 0.649787 0.394394 0.64979 0.64979 0.394394 0.64979 0.64979 0.334256 0.942482 5.77104e-17 0.334256 0.666436 -0.666436 0 0.707107 -0.707107 0 1 6.12323e-17 0.334256 0.666436 -0.666436 0.334255 -5.90649e-09 -0.942483 0 6.12323e-17 -1 0 0.707107 -0.707107 0.334256 -0.666434 -0.666437 0 -0.707105 -0.707109 0.334256 -0.666434 -0.666437 0.334254 -0.942483 -4.06958e-06 0 -1 -2.25896e-06 0 -0.707105 -0.707109 0.334254 -0.666433 0.666439 0 -0.707105 0.707109 0.334254 -0.666433 0.666439 0.334256 2.13224e-06 0.942482 0 2.54646e-06 1 0 -0.707105 0.707109 0.334256 0.666436 0.666436 0 0.707107 0.707107 0.334256 0.666436 0.666436 0 0.707107 0.707107 0.25084 0.968029 5.92747e-17 -0.0871565 0.996195 6.09993e-17 -0.061629 0.704416 0.707107 0.2749 0.693032 0.666436 0.2749 0.693032 0.666436 -0.061629 0.704416 0.707107 -1.50169e-07 1.84824e-06 1 0.332984 0.0291348 0.942482 0.0616286 -0.704413 0.70711 0.391068 -0.634764 0.666438 0.391068 -0.634764 0.666438 0.0616286 -0.704413 0.70711 0.0871566 -0.996195 8.41976e-07 0.415126 -0.909764 3.79789e-06 0.0616293 -0.704413 -0.70711 0.391066 -0.634763 -0.66644 0.391066 -0.634763 -0.66644 0.0616293 -0.704413 -0.70711 5.33935e-07 3.3679e-06 -1 0.332985 0.0291363 -0.942482 -0.0616285 0.704416 -0.707107 0.2749 0.693032 -0.666436 0.2749 0.693032 -0.666436 -0.0616285 0.704416 -0.707107 0.273574 0.672409 0.687767 0.22034 0.975423 5.97274e-17 0.273574 0.672409 -0.687767 0.273574 0.672409 -0.687767 0.437576 0.00428727 -0.899171 0.579386 -0.565704 -0.586763 0.391066 -0.634763 -0.66644 0.579386 -0.565704 -0.586763 0.628913 -0.777476 -3.65429e-06 0.415126 -0.909764 3.79789e-06 0.579389 -0.565699 0.586765 0.391068 -0.634764 0.666438 0.579389 -0.565699 0.586765 0.437575 0.00428642 0.899172 0.273574 0.672409 0.687767 -0.62773 0.778431 -2.68604e-07 -0.517655 0.85559 -1.16853e-07 -0.358379 0.586086 0.726683 -0.461765 0.568415 0.680939 -0.461765 0.568415 0.680939 -0.358379 0.586086 0.726683 0.050497 -0.0265784 0.998371 -0.0380019 0.023683 0.998997 0.452783 -0.577238 0.679547 0.430153 -0.550257 0.715671 0.430153 -0.550257 0.715671 0.452783 -0.577238 0.679547 0.614995 -0.788531 -4.82836e-17 0.633834 -0.773469 -1.50381e-07 0.452783 -0.577238 -0.679547 0.430154 -0.550256 -0.715671 0.430154 -0.550256 -0.715671 0.452783 -0.577238 -0.679547 0.0504971 -0.0265783 -0.998371 -0.0380015 0.0236832 -0.998997 -0.358378 0.586086 -0.726683 -0.461764 0.568415 -0.680939 -0.461764 0.568415 -0.680939 -0.358378 0.586086 -0.726683 -0.415132 0.909761 1.29942e-07 -0.39107 0.634768 0.666434 -0.0616327 0.704416 0.707106 -0.0871631 0.996194 4.72329e-07 -0.39107 0.634768 0.666434 -0.332985 -0.0291329 0.942482 -4.46656e-07 7.18758e-07 1 -0.0616327 0.704416 0.707106 -0.274903 -0.693031 0.666436 0.0616256 -0.704415 0.707108 -0.274903 -0.693031 0.666436 -0.250842 -0.968028 3.8392e-06 0.0871502 -0.996195 1.37591e-06 0.0616256 -0.704415 0.707108 -0.2749 -0.693029 -0.666439 0.0616261 -0.704415 -0.707108 -0.2749 -0.693029 -0.666439 -0.332985 -0.0291316 -0.942482 2.3488e-07 1.76609e-06 -1 0.0616261 -0.704415 -0.707108 -0.391071 0.634767 -0.666434 -0.0616323 0.704416 -0.707106 -0.391071 0.634767 -0.666434 -0.0616323 0.704416 -0.707106 -0.640935 0.767595 -1.17958e-07 -0.589277 0.560597 0.581793 -0.39107 0.634768 0.666434 -0.415132 0.909761 1.29942e-07 -0.589279 0.560596 -0.581793 -0.391071 0.634767 -0.666434 -0.433655 0.00533175 -0.901063 -0.589279 0.560596 -0.581793 -0.208228 -0.662726 -0.71933 -0.0725079 -0.997368 -4.06223e-06 -0.208228 -0.662726 -0.71933 -0.208234 -0.662723 0.719331 -0.433653 0.00533121 0.901064 -0.208234 -0.662723 0.719331 -0.589277 0.560597 0.581793 -0.517655 0.85559 -1.16853e-07 -0.358379 0.586086 0.726683 -0.461765 0.568415 0.680939 -0.589277 0.560597 0.581793 -0.640935 0.767595 -1.17958e-07 -0.62773 0.778431 -2.68604e-07 0.452783 -0.577238 0.679547 0.579389 -0.565699 0.586765 0.628913 -0.777476 -3.65429e-06 0.614995 -0.788531 -4.82836e-17 0.633834 -0.773469 -1.50381e-07 0.430153 -0.550257 0.715671 0.579386 -0.565704 -0.586763 0.452783 -0.577238 -0.679547 0.430154 -0.550256 -0.715671 -0.358378 0.586086 -0.726683 -0.589279 0.560596 -0.581793 -0.461764 0.568415 -0.680939 -0.236355 0.942482 -0.236355 2.0536e-08 1 -1.0268e-08 0.5 0.707107 -0.5 0.234886 0.666436 -0.707596 0.234886 0.666436 -0.707596 0.5 0.707107 -0.5 0.707107 2.0536e-08 -0.707107 0.430081 5.9065e-09 -0.902791 0.430081 5.9065e-09 -0.902791 0.707107 2.0536e-08 -0.707107 0.500001 -0.707105 -0.500001 0.234886 -0.666434 -0.707598 0.234886 -0.666434 -0.707598 0.500001 -0.707105 -0.500001 1.55047e-06 -1 -1.51966e-06 -0.236351 -0.942483 -0.236357 -0.500001 -0.707105 0.500001 -0.707598 -0.666433 0.234889 -0.707598 -0.666433 0.234889 -0.500001 -0.707105 0.500001 -0.707107 2.17681e-06 0.707107 -0.902791 1.81329e-06 0.43008 -0.5 0.707107 0.5 -0.707596 0.666435 0.234886 -0.707596 0.666435 0.234886 -0.5 0.707107 0.5 0.18059 0.649789 -0.73835 -0.27888 0.918941 -0.27888 -0.73835 0.649789 0.180591 -0.707596 0.666435 0.234886 -0.73835 0.649789 0.180591 -0.92867 8.47673e-07 0.370908 -0.902791 1.81329e-06 0.43008 -0.738348 -0.649792 0.18059 -0.707598 -0.666433 0.234889 -0.738348 -0.649792 0.18059 -0.278882 -0.918941 -0.278877 0.18059 -0.649788 -0.738351 0.234886 -0.666434 -0.707598 0.18059 -0.649788 -0.738351 0.370909 -3.98905e-08 -0.928669 0.430081 5.9065e-09 -0.902791 0.18059 0.649789 -0.73835 0.234886 0.666436 -0.707596 0.738351 0.649789 -0.180589 0.278881 0.91894 0.278881 0.92867 -9.97263e-08 -0.370908 0.738351 0.649789 -0.180589 0.18059 0.649789 -0.73835 0.370909 -3.98905e-08 -0.928669 0.738352 -0.649788 -0.180588 0.92867 -9.97263e-08 -0.370908 0.370909 -3.98905e-08 -0.928669 0.18059 -0.649788 -0.738351 0.278877 -0.918941 0.278882 0.738352 -0.649788 -0.180588 -0.180589 -0.649792 0.738349 -0.370907 5.78413e-07 0.92867 -0.180589 -0.649792 0.738349 -0.738348 -0.649792 0.18059 -0.92867 8.47673e-07 0.370908 -0.180589 0.649788 0.738351 -0.73835 0.649789 0.180591 -0.180589 0.649788 0.738351 0.236356 0.942482 0.236356 0.707597 0.666435 -0.234885 0.5 0.707106 -0.5 -3.08039e-07 1 -3.08039e-07 0.707597 0.666435 -0.234885 0.902791 -7.0878e-08 -0.430079 0.707107 -6.16078e-08 -0.707107 0.5 0.707106 -0.5 0.707598 -0.666434 -0.234885 0.500001 -0.707105 -0.500001 0.707598 -0.666434 -0.234885 0.236357 -0.942482 0.236352 1.01653e-06 -1 -1.01653e-06 0.500001 -0.707105 -0.500001 -0.234888 -0.666433 0.707598 -0.500001 -0.707105 0.500001 -0.234888 -0.666433 0.707598 -0.430079 1.2699e-06 0.902791 -0.707107 1.5402e-06 0.707107 -0.500001 -0.707105 0.500001 -0.234885 0.666435 0.707597 -0.5 0.707106 0.5 -0.234885 0.666435 0.707597 -0.5 0.707106 0.5 -0.370907 5.78413e-07 0.92867 -0.180589 0.649788 0.738351 -0.234885 0.666435 0.707597 -0.430079 1.2699e-06 0.902791 -0.180589 -0.649792 0.738349 -0.234888 -0.666433 0.707598 0.738352 -0.649788 -0.180588 0.278877 -0.918941 0.278882 0.236357 -0.942482 0.236352 0.707598 -0.666434 -0.234885 0.92867 -9.97263e-08 -0.370908 0.738352 -0.649788 -0.180588 0.707598 -0.666434 -0.234885 0.902791 -7.0878e-08 -0.430079 0.738351 0.649789 -0.180589 0.707597 0.666435 -0.234885 0.250841 0.968028 -1.53569e-07 0.2749 0.693032 -0.666436 -0.0616292 0.704416 -0.707107 -0.0871567 0.996195 -1.23216e-07 0.2749 0.693032 -0.666436 0.332984 0.0291324 -0.942482 -3.90183e-07 -2.05359e-07 -1 -0.0616292 0.704416 -0.707107 0.39107 -0.634765 -0.666437 0.0616285 -0.704414 -0.707108 0.39107 -0.634765 -0.666437 0.415127 -0.909763 -3.28402e-06 0.0871565 -0.996195 -1.27323e-06 0.0616285 -0.704414 -0.707108 0.391067 -0.634764 0.666439 0.0616288 -0.704414 0.707109 0.391067 -0.634764 0.666439 0.332985 0.0291341 0.942482 -1.8739e-07 1.8277e-06 1 0.0616288 -0.704414 0.707109 0.2749 0.693032 0.666436 -0.0616291 0.704416 0.707107 0.2749 0.693032 0.666436 -0.0616291 0.704416 0.707107 0.220338 0.975424 -3.23523e-07 0.273578 0.67241 -0.687764 0.273576 0.67241 0.687765 0.437577 0.00428882 0.899171 0.273576 0.67241 0.687765 0.579388 -0.565703 0.586761 0.628914 -0.777475 4.05705e-06 0.579388 -0.565703 0.586761 0.391067 -0.634764 0.666439 0.415127 -0.909763 -3.28402e-06 0.579391 -0.565699 -0.586763 0.39107 -0.634765 -0.666437 0.437576 0.00428817 -0.899171 0.579391 -0.565699 -0.586763 0.273578 0.67241 -0.687764 -0.627731 0.77843 4.40511e-07 -0.461764 0.568415 -0.680939 -0.358374 0.586085 -0.726686 -0.517654 0.85559 -4.86892e-07 -0.461764 0.568415 -0.680939 -0.0380014 0.0236828 -0.998997 0.0504984 -0.0265794 -0.99837 -0.358374 0.586085 -0.726686 0.430155 -0.550257 -0.71567 0.452783 -0.577238 -0.679547 0.430155 -0.550257 -0.71567 0.633836 -0.773467 1.15292e-06 0.614995 -0.788531 9.08943e-07 0.452783 -0.577238 -0.679547 0.430155 -0.550256 0.715671 0.452783 -0.577237 0.679547 0.430155 -0.550256 0.715671 -0.0380012 0.0236831 0.998997 0.0504988 -0.0265793 0.99837 0.452783 -0.577237 0.679547 -0.461764 0.568415 0.68094 -0.358376 0.586085 0.726685 -0.461764 0.568415 0.68094 -0.358376 0.586085 0.726685 -0.415128 0.909763 -1.06317e-07 -0.0871563 0.996195 -5.75007e-07 -0.0616288 0.704416 -0.707107 -0.391068 0.634767 -0.666436 -0.391068 0.634767 -0.666436 -0.0616288 0.704416 -0.707107 -3.65796e-07 1.23216e-07 -1 -0.332985 -0.0291331 -0.942482 0.0616276 -0.704414 -0.707109 -0.274903 -0.69303 -0.666437 -0.274903 -0.69303 -0.666437 0.0616276 -0.704414 -0.707109 0.0871565 -0.996195 -2.38217e-06 -0.250842 -0.968028 -4.7134e-06 0.06163 -0.704413 0.707109 -0.2749 -0.693029 0.666439 -0.2749 -0.693029 0.666439 0.06163 -0.704413 0.707109 3.1574e-07 2.05359e-06 1 -0.332985 -0.029131 0.942482 -0.0616288 0.704416 0.707107 -0.391069 0.634766 0.666436 -0.391069 0.634766 0.666436 -0.0616288 0.704416 0.707107 -0.391068 0.634767 -0.666436 -0.589277 0.560597 -0.581794 -0.640936 0.767594 5.4064e-07 -0.415128 0.909763 -1.06317e-07 -0.589278 0.560595 0.581794 -0.391069 0.634766 0.666436 -0.589278 0.560595 0.581794 -0.433655 0.0053303 0.901064 -0.20823 -0.662723 0.719332 -0.20823 -0.662723 0.719332 -0.07251 -0.997368 3.51848e-06 -0.208234 -0.662721 -0.719333 -0.208234 -0.662721 -0.719333 -0.433652 0.00532912 -0.901064 -0.589277 0.560597 -0.581794 -0.517654 0.85559 -4.86892e-07 -0.358374 0.586085 -0.726686 -0.461764 0.568415 -0.680939 -0.627731 0.77843 4.40511e-07 -0.640936 0.767594 5.4064e-07 -0.589277 0.560597 -0.581794 0.452783 -0.577238 -0.679547 0.614995 -0.788531 9.08943e-07 0.628914 -0.777475 4.05705e-06 0.579391 -0.565699 -0.586763 0.633836 -0.773467 1.15292e-06 0.430155 -0.550257 -0.71567 0.452783 -0.577237 0.679547 0.579388 -0.565703 0.586761 0.430155 -0.550256 0.715671 -0.358376 0.586085 0.726685 -0.461764 0.568415 0.68094 -0.589278 0.560595 0.581794 0.250843 0.968028 -2.04956e-06 0.274901 0.693032 -0.666436 -0.0616291 0.704415 -0.707108 -0.0871566 0.996195 -2.40271e-06 0.274901 0.693032 -0.666436 0.332984 0.0291325 -0.942482 -3.99168e-07 -1.23216e-07 -1 -0.0616291 0.704415 -0.707108 0.391068 -0.634765 -0.666438 0.0616285 -0.704414 -0.707109 0.391068 -0.634765 -0.666438 0.415125 -0.909764 -5.11503e-06 0.0871565 -0.996195 -3.45005e-06 0.0616285 -0.704414 -0.707109 0.391067 -0.634764 0.666439 0.0616289 -0.704414 0.707109 0.391067 -0.634764 0.666439 0.332985 0.0291341 0.942482 -1.75839e-07 1.76609e-06 1 0.0616289 -0.704414 0.707109 0.274902 0.693032 0.666435 -0.0616291 0.704416 0.707107 0.274902 0.693032 0.666435 -0.0616291 0.704416 0.707107 0.220339 0.975423 -1.04362e-06 0.273577 0.67241 -0.687765 0.273579 0.672409 0.687765 0.437577 0.00428931 0.899171 0.273579 0.672409 0.687765 0.579388 -0.565703 0.586762 0.628912 -0.777476 2.96666e-06 0.579388 -0.565703 0.586762 0.391067 -0.634764 0.666439 0.415125 -0.909764 -5.11503e-06 0.579389 -0.5657 -0.586764 0.391068 -0.634765 -0.666438 0.437576 0.00428848 -0.899171 0.579389 -0.5657 -0.586764 0.273577 0.67241 -0.687765 -0.627732 0.77843 3.8679e-07 -0.461765 0.568415 -0.680939 -0.358376 0.586085 -0.726685 -0.517656 0.855589 1.46068e-07 -0.461765 0.568415 -0.680939 -0.0380013 0.0236825 -0.998997 0.0504985 -0.0265794 -0.99837 -0.358376 0.586085 -0.726685 0.430154 -0.550256 -0.715671 0.452783 -0.577237 -0.679548 0.430154 -0.550256 -0.715671 0.633836 -0.773468 2.10534e-07 0.614995 -0.788531 9.73869e-08 0.452783 -0.577237 -0.679548 0.430155 -0.550256 0.715671 0.452783 -0.577236 0.679548 0.430155 -0.550256 0.715671 -0.0380012 0.0236831 0.998997 0.0504986 -0.0265789 0.99837 0.452783 -0.577236 0.679548 -0.461764 0.568415 0.680939 -0.358376 0.586086 0.726684 -0.461764 0.568415 0.680939 -0.358376 0.586086 0.726684 -0.415129 0.909763 -1.71288e-07 -0.0871564 0.996195 -5.95543e-07 -0.0616289 0.704416 -0.707106 -0.391068 0.634767 -0.666435 -0.391068 0.634767 -0.666435 -0.0616289 0.704416 -0.707106 -6.90521e-07 -8.21437e-08 -1 -0.332985 -0.0291338 -0.942482 0.0616265 -0.704415 -0.707108 -0.274904 -0.69303 -0.666437 -0.274904 -0.69303 -0.666437 0.0616265 -0.704415 -0.707108 0.0871549 -0.996195 -2.36163e-06 -0.250842 -0.968028 -4.70158e-06 0.0616289 -0.704414 0.707109 -0.274901 -0.693029 0.666439 -0.274901 -0.693029 0.666439 0.0616289 -0.704414 0.707109 -8.98446e-09 1.86877e-06 1 -0.332985 -0.0291317 0.942482 -0.0616289 0.704417 0.707106 -0.391069 0.634767 0.666435 -0.391069 0.634767 0.666435 -0.0616289 0.704417 0.707106 -0.391068 0.634767 -0.666435 -0.589278 0.560596 -0.581794 -0.640936 0.767594 1.67107e-07 -0.415129 0.909763 -1.71288e-07 -0.589278 0.560595 0.581794 -0.391069 0.634767 0.666435 -0.589278 0.560595 0.581794 -0.433655 0.00533137 0.901063 -0.208231 -0.662723 0.719332 -0.208231 -0.662723 0.719332 -0.0725107 -0.997368 3.12398e-06 -0.208234 -0.662721 -0.719333 -0.208234 -0.662721 -0.719333 -0.433653 0.00533028 -0.901064 -0.589278 0.560596 -0.581794 -0.517656 0.855589 1.46068e-07 -0.358376 0.586085 -0.726685 -0.461765 0.568415 -0.680939 -0.627732 0.77843 3.8679e-07 -0.640936 0.767594 1.67107e-07 -0.589278 0.560596 -0.581794 0.452783 -0.577237 -0.679548 0.614995 -0.788531 9.73869e-08 0.628912 -0.777476 2.96666e-06 0.579389 -0.5657 -0.586764 0.633836 -0.773468 2.10534e-07 0.430154 -0.550256 -0.715671 0.452783 -0.577236 0.679548 0.579388 -0.565703 0.586762 0.430155 -0.550256 0.715671 -0.358376 0.586086 0.726684 -0.461764 0.568415 0.680939 -0.589278 0.560595 0.581794 0.250843 0.968028 -2.03774e-06 0.274901 0.693032 -0.666436 -0.0616291 0.704415 -0.707108 -0.0871566 0.996195 -2.40271e-06 0.274901 0.693032 -0.666436 0.332984 0.0291325 -0.942482 -3.99168e-07 -1.23216e-07 -1 -0.0616291 0.704415 -0.707108 0.391068 -0.634765 -0.666438 0.0616285 -0.704414 -0.707109 0.391068 -0.634765 -0.666438 0.415125 -0.909764 -5.10912e-06 0.0871565 -0.996195 -3.45005e-06 0.0616285 -0.704414 -0.707109 0.391067 -0.634764 0.666439 0.0616289 -0.704414 0.707109 0.391067 -0.634764 0.666439 0.332985 0.0291341 0.942482 -1.75839e-07 1.76609e-06 1 0.0616289 -0.704414 0.707109 0.274902 0.693032 0.666435 -0.0616291 0.704416 0.707107 0.274902 0.693032 0.666435 -0.0616291 0.704416 0.707107 0.220339 0.975423 -1.03319e-06 0.273577 0.67241 -0.687765 0.273579 0.672409 0.687765 0.437577 0.00428931 0.899171 0.273579 0.672409 0.687765 0.579388 -0.565703 0.586762 0.628912 -0.777476 2.97648e-06 0.579388 -0.565703 0.586762 0.391067 -0.634764 0.666439 0.415125 -0.909764 -5.10912e-06 0.579389 -0.5657 -0.586764 0.391068 -0.634765 -0.666438 0.437576 0.00428848 -0.899171 0.579389 -0.5657 -0.586764 0.273577 0.67241 -0.687765 -0.62773 0.778431 3.65302e-07 -0.461764 0.568415 -0.68094 -0.358376 0.586085 -0.726685 -0.517656 0.855589 1.3633e-07 -0.461764 0.568415 -0.68094 -0.0380016 0.0236826 -0.998997 0.0504985 -0.0265794 -0.99837 -0.358376 0.586085 -0.726685 0.430153 -0.550257 -0.715672 0.452783 -0.577237 -0.679548 0.430153 -0.550257 -0.715672 0.633834 -0.77347 2.4061e-07 0.614995 -0.788531 1.19028e-07 0.452783 -0.577237 -0.679548 0.430153 -0.550257 0.715672 0.452783 -0.577236 0.679548 0.430153 -0.550257 0.715672 -0.0380016 0.0236831 0.998997 0.0504986 -0.0265789 0.99837 0.452783 -0.577236 0.679548 -0.461764 0.568415 0.68094 -0.358376 0.586085 0.726685 -0.461764 0.568415 0.68094 -0.358376 0.586085 0.726685 -0.415132 0.909761 -1.77194e-07 -0.0871629 0.996194 -5.75009e-07 -0.0616322 0.704416 -0.707106 -0.39107 0.634767 -0.666434 -0.39107 0.634767 -0.666434 -0.0616322 0.704416 -0.707106 -5.51903e-08 4.5179e-07 -1 -0.332985 -0.0291331 -0.942482 0.0616255 -0.704415 -0.707108 -0.274903 -0.693031 -0.666435 -0.274903 -0.693031 -0.666435 0.0616255 -0.704415 -0.707108 0.08715 -0.996195 -1.29377e-06 -0.250841 -0.968028 -3.41984e-06 0.0616257 -0.704414 0.707109 -0.2749 -0.693029 0.666439 -0.2749 -0.693029 0.666439 0.0616257 -0.704414 0.707109 -8.98446e-09 1.86877e-06 1 -0.332985 -0.0291315 0.942482 -0.0616321 0.704416 0.707106 -0.391071 0.634767 0.666435 -0.391071 0.634767 0.666435 -0.0616321 0.704416 0.707106 -0.39107 0.634767 -0.666434 -0.589278 0.560597 -0.581793 -0.640935 0.767595 1.76937e-07 -0.415132 0.909761 -1.77194e-07 -0.589278 0.560596 0.581793 -0.391071 0.634767 0.666435 -0.589278 0.560596 0.581793 -0.433654 0.00533172 0.901064 -0.208228 -0.662726 0.71933 -0.208228 -0.662726 0.71933 -0.0725077 -0.997368 4.17951e-06 -0.208235 -0.662723 -0.719331 -0.208235 -0.662723 -0.719331 -0.433653 0.00533101 -0.901064 -0.589278 0.560597 -0.581793 -0.517656 0.855589 1.3633e-07 -0.358376 0.586085 -0.726685 -0.461764 0.568415 -0.68094 -0.62773 0.778431 3.65302e-07 -0.640935 0.767595 1.76937e-07 -0.589278 0.560597 -0.581793 0.452783 -0.577237 -0.679548 0.614995 -0.788531 1.19028e-07 0.628912 -0.777476 2.97648e-06 0.579389 -0.5657 -0.586764 0.633834 -0.77347 2.4061e-07 0.430153 -0.550257 -0.715672 0.452783 -0.577236 0.679548 0.579388 -0.565703 0.586762 0.430153 -0.550257 0.715672 -0.358376 0.586085 0.726685 -0.461764 0.568415 0.68094 -0.589278 0.560596 0.581793 -0.250842 0.968028 -8.26911e-07 0.087155 0.996195 -1.25269e-06 0.0616293 0.704415 -0.707107 -0.2749 0.693032 -0.666436 -0.2749 0.693032 -0.666436 0.0616293 0.704415 -0.707107 7.32877e-07 1.43752e-07 -1 -0.332984 0.0291327 -0.942482 -0.0616283 -0.704414 -0.707109 -0.391068 -0.634765 -0.666438 -0.391068 -0.634765 -0.666438 -0.0616283 -0.704414 -0.707109 -0.0871565 -0.996195 -3.61433e-06 -0.415125 -0.909764 -5.34538e-06 -0.0616291 -0.704414 0.707108 -0.391067 -0.634764 0.666439 -0.391067 -0.634764 0.666439 -0.0616291 -0.704414 0.707108 -7.82932e-07 2.05359e-06 1 -0.332986 0.0291345 0.942482 0.0616266 0.704417 0.707106 -0.274902 0.693031 0.666436 -0.274902 0.693031 0.666436 0.0616266 0.704417 0.707106 -0.273576 0.67241 -0.687765 -0.220338 0.975424 -1.56544e-07 -0.273577 0.67241 0.687765 -0.273577 0.67241 0.687765 -0.437577 0.0042894 0.899171 -0.579389 -0.565703 0.586761 -0.391067 -0.634764 0.666439 -0.579389 -0.565703 0.586761 -0.628913 -0.777476 2.64249e-06 -0.415125 -0.909764 -5.34538e-06 -0.57939 -0.5657 -0.586763 -0.391068 -0.634765 -0.666438 -0.57939 -0.5657 -0.586763 -0.437576 0.00428874 -0.899171 -0.273576 0.67241 -0.687765 0.627732 0.77843 4.40511e-07 0.517657 0.855588 2.72659e-07 0.358377 0.586085 -0.726684 0.461765 0.568415 -0.680939 0.461765 0.568415 -0.680939 0.358377 0.586085 -0.726684 -0.0504984 -0.0265793 -0.99837 0.0380014 0.0236825 -0.998997 -0.452784 -0.577237 -0.679547 -0.430154 -0.550256 -0.715671 -0.430154 -0.550256 -0.715671 -0.452784 -0.577237 -0.679547 -0.614996 -0.78853 -1.29849e-07 -0.633835 -0.773468 1.00254e-07 -0.452784 -0.577237 0.679547 -0.430155 -0.550256 0.715671 -0.430155 -0.550256 0.715671 -0.452784 -0.577237 0.679547 -0.0504989 -0.0265793 0.99837 0.0380009 0.0236825 0.998997 0.358376 0.586085 0.726685 0.461764 0.568415 0.68094 0.461764 0.568415 0.68094 0.358376 0.586085 0.726685 0.415128 0.909763 4.96146e-07 0.391068 0.634767 -0.666435 0.0616291 0.704417 -0.707106 0.0871548 0.996195 4.31255e-07 0.391068 0.634767 -0.666435 0.332986 -0.0291337 -0.942482 1.03065e-06 1.84823e-07 -1 0.0616291 0.704417 -0.707106 0.274904 -0.69303 -0.666437 -0.0616263 -0.704415 -0.707108 0.274904 -0.69303 -0.666437 0.250843 -0.968028 -4.94966e-06 -0.0871549 -0.996195 -2.25895e-06 -0.0616263 -0.704415 -0.707108 0.274901 -0.693029 0.666438 -0.0616291 -0.704414 0.707108 0.274901 -0.693029 0.666438 0.332985 -0.0291307 0.942482 -9.67755e-07 1.95091e-06 1 -0.0616291 -0.704414 0.707108 0.391068 0.634767 0.666436 0.0616263 0.704415 0.707108 0.391068 0.634767 0.666436 0.0616263 0.704415 0.707108 0.640936 0.767594 6.88088e-08 0.589278 0.560596 -0.581793 0.391068 0.634767 -0.666435 0.415128 0.909763 4.96146e-07 0.589278 0.560595 0.581794 0.391068 0.634767 0.666436 0.433654 0.00532819 0.901064 0.589278 0.560595 0.581794 0.208231 -0.662724 0.719331 0.0725126 -0.997368 2.74015e-06 0.208231 -0.662724 0.719331 0.208235 -0.662721 -0.719333 0.433654 0.00533025 -0.901064 0.208235 -0.662721 -0.719333 0.589278 0.560596 -0.581793 0.517657 0.855588 2.72659e-07 0.358377 0.586085 -0.726684 0.461765 0.568415 -0.680939 0.589278 0.560596 -0.581793 0.640936 0.767594 6.88088e-08 0.627732 0.77843 4.40511e-07 -0.452784 -0.577237 -0.679547 -0.57939 -0.5657 -0.586763 -0.628913 -0.777476 2.64249e-06 -0.614996 -0.78853 -1.29849e-07 -0.633835 -0.773468 1.00254e-07 -0.430154 -0.550256 -0.715671 -0.579389 -0.565703 0.586761 -0.452784 -0.577237 0.679547 -0.430155 -0.550256 0.715671 0.358376 0.586085 0.726685 0.589278 0.560595 0.581794 0.461764 0.568415 0.68094 -0.25084 0.968029 -1.77195e-07 0.0871566 0.996195 -6.16079e-08 0.0616294 0.704416 -0.707107 -0.2749 0.693032 -0.666436 -0.2749 0.693032 -0.666436 0.0616294 0.704416 -0.707107 8.98448e-07 1.99199e-06 -1 -0.332984 0.0291352 -0.942482 -0.0616282 -0.704413 -0.70711 -0.391068 -0.634764 -0.666438 -0.391068 -0.634764 -0.666438 -0.0616282 -0.704413 -0.70711 -0.0871565 -0.996195 -1.43752e-06 -0.415126 -0.909764 -3.538e-06 -0.061629 -0.704413 0.70711 -0.391066 -0.634763 0.66644 -0.391066 -0.634763 0.66644 -0.061629 -0.704413 0.70711 2.31029e-08 3.49111e-06 1 -0.332985 0.0291364 0.942482 0.0616289 0.704416 0.707107 -0.2749 0.693032 0.666436 -0.2749 0.693032 0.666436 0.0616289 0.704416 0.707107 -0.273574 0.672409 -0.687767 -0.22034 0.975423 -1.87854e-07 -0.273574 0.672409 0.687767 -0.273574 0.672409 0.687767 -0.437577 0.00428732 0.899171 -0.579387 -0.565703 0.586763 -0.391066 -0.634763 0.66644 -0.579387 -0.565703 0.586763 -0.628913 -0.777476 3.448e-06 -0.415126 -0.909764 -3.538e-06 -0.579389 -0.565699 -0.586765 -0.391068 -0.634764 -0.666438 -0.579389 -0.565699 -0.586765 -0.437576 0.0042869 -0.899171 -0.273574 0.672409 -0.687767 0.62773 0.778431 3.76046e-07 0.517655 0.85559 1.94756e-07 0.358379 0.586085 -0.726683 0.461765 0.568415 -0.680939 0.461765 0.568415 -0.680939 0.358379 0.586085 -0.726683 -0.0504967 -0.0265783 -0.99837 0.038002 0.0236829 -0.998997 -0.452783 -0.577238 -0.679547 -0.430153 -0.550257 -0.715672 -0.430153 -0.550257 -0.715672 -0.452783 -0.577238 -0.679547 -0.614995 -0.788531 -8.65659e-08 -0.633834 -0.773469 1.20305e-07 -0.452783 -0.577238 0.679547 -0.430154 -0.550257 0.715671 -0.430154 -0.550257 0.715671 -0.452783 -0.577238 0.679547 -0.0504973 -0.0265783 0.998371 0.0380015 0.0236829 0.998997 0.358378 0.586086 0.726683 0.461764 0.568415 0.680939 0.461764 0.568415 0.680939 0.358378 0.586086 0.726683 0.415132 0.909761 -1.47662e-07 0.39107 0.634767 -0.666434 0.0616324 0.704416 -0.707106 0.087163 0.996194 -5.95545e-07 0.39107 0.634767 -0.666434 0.332986 -0.029133 -0.942482 3.94033e-07 6.98222e-07 -1 0.0616324 0.704416 -0.707106 0.274903 -0.693031 -0.666436 -0.0616253 -0.704415 -0.707108 0.274903 -0.693031 -0.666436 0.250842 -0.968028 -3.69154e-06 -0.08715 -0.996195 -1.15002e-06 -0.0616253 -0.704415 -0.707108 0.274901 -0.693029 0.666438 -0.0616258 -0.704415 0.707108 0.274901 -0.693029 0.666438 0.332985 -0.0291317 0.942482 -3.28574e-07 1.47858e-06 1 -0.0616258 -0.704415 0.707108 0.39107 0.634767 0.666435 0.061632 0.704416 0.707106 0.39107 0.634767 0.666435 0.061632 0.704416 0.707106 0.640935 0.767595 4.91491e-08 0.589278 0.560597 -0.581793 0.39107 0.634767 -0.666434 0.415132 0.909761 -1.47662e-07 0.589278 0.560596 0.581793 0.39107 0.634767 0.666435 0.433655 0.00533149 0.901063 0.589278 0.560596 0.581793 0.208229 -0.662726 0.719329 0.0725095 -0.997368 3.73171e-06 0.208229 -0.662726 0.719329 0.208235 -0.662723 -0.719331 0.433654 0.005331 -0.901064 0.208235 -0.662723 -0.719331 0.589278 0.560597 -0.581793 0.517655 0.85559 1.94756e-07 0.358379 0.586085 -0.726683 0.461765 0.568415 -0.680939 0.589278 0.560597 -0.581793 0.640935 0.767595 4.91491e-08 0.62773 0.778431 3.76046e-07 -0.452783 -0.577238 -0.679547 -0.579389 -0.565699 -0.586765 -0.628913 -0.777476 3.448e-06 -0.614995 -0.788531 -8.65659e-08 -0.633834 -0.773469 1.20305e-07 -0.430153 -0.550257 -0.715672 -0.579387 -0.565703 0.586763 -0.452783 -0.577238 0.679547 -0.430154 -0.550257 0.715671 0.358378 0.586086 0.726683 0.589278 0.560596 0.581793 0.461764 0.568415 0.680939 0.25084 0.968029 -1.29943e-07 0.2749 0.693031 -0.666437 -0.0616278 0.704415 -0.707108 -0.0871566 0.996195 -1.0268e-07 0.2749 0.693031 -0.666437 0.332984 0.0291292 -0.942482 -6.77686e-07 3.08039e-06 -1 -0.0616278 0.704415 -0.707108 0.391069 -0.634765 -0.666437 0.0616271 -0.704414 -0.707109 0.391069 -0.634765 -0.666437 0.415126 -0.909764 -3.30174e-06 0.0871565 -0.996195 -1.3143e-06 0.0616271 -0.704414 -0.707109 0.391066 -0.634763 0.666441 0.0616288 -0.704413 0.70711 0.391066 -0.634763 0.666441 0.332985 0.0291366 0.942482 -3.42693e-07 3.717e-06 1 0.0616288 -0.704413 0.70711 0.2749 0.693032 0.666436 -0.0616291 0.704416 0.707107 0.2749 0.693032 0.666436 -0.0616291 0.704416 0.707107 0.22034 0.975423 -4.17453e-08 0.273575 0.672408 -0.687767 0.273574 0.67241 0.687766 0.437577 0.00428757 0.899171 0.273574 0.67241 0.687766 0.579387 -0.565703 0.586763 0.628913 -0.777476 3.76235e-06 0.579387 -0.565703 0.586763 0.391066 -0.634763 0.666441 0.415126 -0.909764 -3.30174e-06 0.57939 -0.565699 -0.586764 0.391069 -0.634765 -0.666437 0.437576 0.00428906 -0.899171 0.57939 -0.565699 -0.586764 0.273575 0.672408 -0.687767 -0.62773 0.778431 4.19023e-07 -0.461764 0.568415 -0.680939 -0.358377 0.586085 -0.726685 -0.517654 0.85559 1.55804e-07 -0.461764 0.568415 -0.680939 -0.0380013 0.0236824 -0.998997 0.0504991 -0.0265813 -0.99837 -0.358377 0.586085 -0.726685 0.430153 -0.550258 -0.715671 0.452783 -0.577239 -0.679546 0.430153 -0.550258 -0.715671 0.633834 -0.773469 2.10533e-07 0.614995 -0.788531 9.73866e-08 0.452783 -0.577239 -0.679546 0.430153 -0.550257 0.715671 0.452783 -0.577238 0.679547 0.430153 -0.550257 0.715671 -0.0380019 0.0236834 0.998997 0.0504969 -0.026578 0.998371 0.452783 -0.577238 0.679547 -0.461764 0.568415 0.680939 -0.358378 0.586086 0.726684 -0.461764 0.568415 0.680939 -0.358378 0.586086 0.726684 -0.415132 0.909761 -2.00822e-07 -0.0871564 0.996195 -6.1608e-07 -0.0616287 0.704415 -0.707108 -0.39107 0.634766 -0.666436 -0.39107 0.634766 -0.666436 -0.0616287 0.704415 -0.707108 -5.51903e-08 4.5179e-07 -1 -0.332985 -0.0291331 -0.942482 0.0616255 -0.704415 -0.707108 -0.274903 -0.693031 -0.666435 -0.274903 -0.693031 -0.666435 0.0616255 -0.704415 -0.707108 0.08715 -0.996195 -1.27323e-06 -0.250841 -0.968028 -3.40803e-06 0.0616257 -0.704414 0.707109 -0.2749 -0.693029 0.666439 -0.2749 -0.693029 0.666439 0.0616257 -0.704414 0.707109 -6.41747e-09 1.86877e-06 1 -0.332985 -0.0291315 0.942482 -0.0616287 0.704415 0.707108 -0.391071 0.634765 0.666436 -0.391071 0.634765 0.666436 -0.0616287 0.704415 0.707108 -0.39107 0.634766 -0.666436 -0.589279 0.560595 -0.581793 -0.640939 0.767592 1.67107e-07 -0.415132 0.909761 -2.00822e-07 -0.58928 0.560594 0.581793 -0.391071 0.634765 0.666436 -0.58928 0.560594 0.581793 -0.433654 0.00533172 0.901064 -0.208228 -0.662726 0.71933 -0.208228 -0.662726 0.71933 -0.0725077 -0.997368 4.16885e-06 -0.208235 -0.662723 -0.719331 -0.208235 -0.662723 -0.719331 -0.433653 0.00533099 -0.901064 -0.589279 0.560595 -0.581793 -0.517654 0.85559 1.55804e-07 -0.358377 0.586085 -0.726685 -0.461764 0.568415 -0.680939 -0.62773 0.778431 4.19023e-07 -0.640939 0.767592 1.67107e-07 -0.589279 0.560595 -0.581793 0.452783 -0.577239 -0.679546 0.614995 -0.788531 9.73866e-08 0.628913 -0.777476 3.76235e-06 0.57939 -0.565699 -0.586764 0.633834 -0.773469 2.10533e-07 0.430153 -0.550258 -0.715671 0.452783 -0.577238 0.679547 0.579387 -0.565703 0.586763 0.430153 -0.550257 0.715671 -0.358378 0.586086 0.726684 -0.461764 0.568415 0.680939 -0.58928 0.560594 0.581793 -0.250841 0.968028 -2.1854e-07 0.0871566 0.996195 -1.23216e-07 0.0616293 0.704416 -0.707107 -0.2749 0.693032 -0.666436 -0.2749 0.693032 -0.666436 0.0616293 0.704416 -0.707107 7.22609e-07 8.21438e-08 -1 -0.332984 0.0291326 -0.942482 -0.0616283 -0.704414 -0.707108 -0.391069 -0.634765 -0.666437 -0.391069 -0.634765 -0.666437 -0.0616283 -0.704414 -0.707108 -0.0871565 -0.996195 -1.45806e-06 -0.415127 -0.909764 -3.54981e-06 -0.0616291 -0.704414 0.707109 -0.391067 -0.634764 0.666439 -0.391067 -0.634764 0.666439 -0.0616291 -0.704414 0.707109 -1.42468e-07 1.6018e-06 1 -0.332985 0.0291339 0.942482 0.0616289 0.704416 0.707107 -0.2749 0.693032 0.666436 -0.2749 0.693032 0.666436 0.0616289 0.704416 0.707107 -0.273577 0.67241 -0.687764 -0.220339 0.975423 -1.87852e-07 -0.273578 0.67241 0.687764 -0.273578 0.67241 0.687764 -0.437577 0.00428873 0.899171 -0.579388 -0.565703 0.586761 -0.391067 -0.634764 0.666439 -0.579388 -0.565703 0.586761 -0.628914 -0.777475 3.45782e-06 -0.415127 -0.909764 -3.54981e-06 -0.579391 -0.565699 -0.586764 -0.391069 -0.634765 -0.666437 -0.579391 -0.565699 -0.586764 -0.437576 0.0042883 -0.899171 -0.273577 0.67241 -0.687764 0.627732 0.77843 4.08278e-07 0.517653 0.85559 2.2397e-07 0.358374 0.586085 -0.726685 0.461765 0.568415 -0.680939 0.461765 0.568415 -0.680939 0.358374 0.586085 -0.726685 -0.0504986 -0.0265796 -0.99837 0.0380013 0.0236825 -0.998997 -0.452783 -0.577237 -0.679547 -0.430154 -0.550256 -0.715671 -0.430154 -0.550256 -0.715671 -0.452783 -0.577237 -0.679547 -0.614995 -0.788531 -9.73868e-08 -0.633835 -0.773468 1.10279e-07 -0.452783 -0.577237 0.679547 -0.430155 -0.550256 0.715671 -0.430155 -0.550256 0.715671 -0.452783 -0.577237 0.679547 -0.0504991 -0.0265795 0.99837 0.0380009 0.0236825 0.998997 0.358374 0.586086 0.726686 0.461764 0.568414 0.68094 0.461764 0.568414 0.68094 0.358374 0.586086 0.726686 0.415128 0.909763 4.84333e-07 0.391068 0.634767 -0.666435 0.0616291 0.704417 -0.707106 0.0871548 0.996195 4.10719e-07 0.391068 0.634767 -0.666435 0.332986 -0.0291337 -0.942482 1.03065e-06 1.84823e-07 -1 0.0616291 0.704417 -0.707106 0.274904 -0.69303 -0.666437 -0.0616263 -0.704415 -0.707108 0.274904 -0.69303 -0.666437 0.250843 -0.968028 -4.94966e-06 -0.0871549 -0.996195 -2.25895e-06 -0.0616263 -0.704415 -0.707108 0.274901 -0.693029 0.666438 -0.0616291 -0.704414 0.707108 0.274901 -0.693029 0.666438 0.332985 -0.0291307 0.942482 -9.67755e-07 1.95091e-06 1 -0.0616291 -0.704414 0.707108 0.391068 0.634767 0.666436 0.0616263 0.704415 0.707108 0.391068 0.634767 0.666436 0.0616263 0.704415 0.707108 0.640936 0.767594 5.89789e-08 0.589278 0.560596 -0.581793 0.391068 0.634767 -0.666435 0.415128 0.909763 4.84333e-07 0.589278 0.560595 0.581794 0.391068 0.634767 0.666436 0.433654 0.00532819 0.901064 0.589278 0.560595 0.581794 0.208231 -0.662724 0.719331 0.0725126 -0.997368 2.72949e-06 0.208231 -0.662724 0.719331 0.208235 -0.662721 -0.719333 0.433654 0.00533025 -0.901064 0.208235 -0.662721 -0.719333 0.589278 0.560596 -0.581793 0.517653 0.85559 2.2397e-07 0.358374 0.586085 -0.726685 0.461765 0.568415 -0.680939 0.589278 0.560596 -0.581793 0.640936 0.767594 5.89789e-08 0.627732 0.77843 4.08278e-07 -0.452783 -0.577237 -0.679547 -0.579391 -0.565699 -0.586764 -0.628914 -0.777475 3.45782e-06 -0.614995 -0.788531 -9.73868e-08 -0.633835 -0.773468 1.10279e-07 -0.430154 -0.550256 -0.715671 -0.579388 -0.565703 0.586761 -0.452783 -0.577237 0.679547 -0.430155 -0.550256 0.715671 0.358374 0.586086 0.726686 0.589278 0.560595 0.581794 0.461764 0.568414 0.68094 -0.250841 0.968028 -1.94914e-07 0.0871566 0.996195 -6.16079e-08 0.0616293 0.704416 -0.707107 -0.2749 0.693032 -0.666436 -0.2749 0.693032 -0.666436 0.0616293 0.704416 -0.707107 8.95881e-07 -2.0536e-08 -1 -0.332984 0.0291326 -0.942482 -0.0616273 -0.704414 -0.707109 -0.391069 -0.634765 -0.666437 -0.391069 -0.634765 -0.666437 -0.0616273 -0.704414 -0.707109 -0.0871549 -0.996195 -1.97145e-06 -0.415127 -0.909764 -3.9928e-06 -0.0616281 -0.704414 0.707109 -0.391067 -0.634764 0.666439 -0.391067 -0.634764 0.666439 -0.0616281 -0.704414 0.707109 3.33709e-08 1.70448e-06 1 -0.332985 0.029134 0.942482 0.0616288 0.704416 0.707107 -0.2749 0.693032 0.666436 -0.2749 0.693032 0.666436 0.0616288 0.704416 0.707107 -0.273576 0.67241 -0.687765 -0.220337 0.975424 -1.56543e-07 -0.273577 0.67241 0.687765 -0.273577 0.67241 0.687765 -0.437577 0.00428871 0.899171 -0.579389 -0.565703 0.586761 -0.391067 -0.634764 0.666439 -0.579389 -0.565703 0.586761 -0.628914 -0.777475 3.25153e-06 -0.415127 -0.909764 -3.9928e-06 -0.579391 -0.565699 -0.586764 -0.391069 -0.634765 -0.666437 -0.579391 -0.565699 -0.586764 -0.437576 0.00428827 -0.899171 -0.273576 0.67241 -0.687765 0.627732 0.77843 6.98371e-07 0.517655 0.855589 2.2397e-07 0.358375 0.586085 -0.726685 0.461765 0.568415 -0.680939 0.461765 0.568415 -0.680939 0.358375 0.586085 -0.726685 -0.0504984 -0.0265795 -0.99837 0.0380014 0.0236827 -0.998997 -0.452783 -0.577238 -0.679547 -0.430155 -0.550256 -0.715671 -0.430155 -0.550256 -0.715671 -0.452783 -0.577238 -0.679547 -0.614995 -0.788531 -1.19028e-07 -0.633836 -0.773467 1.00254e-07 -0.452783 -0.577238 0.679547 -0.430156 -0.550256 0.71567 -0.430156 -0.550256 0.71567 -0.452783 -0.577238 0.679547 -0.0504989 -0.0265795 0.99837 0.0380009 0.0236829 0.998997 0.358375 0.586085 0.726685 0.461764 0.568415 0.68094 0.461764 0.568415 0.68094 0.358375 0.586085 0.726685 0.415128 0.909763 2.42167e-07 0.391068 0.634767 -0.666436 0.0616291 0.704416 -0.707107 0.0871556 0.996195 -8.21439e-08 0.391068 0.634767 -0.666436 0.332986 -0.029133 -0.942482 7.07206e-07 4.10719e-07 -1 0.0616291 0.704416 -0.707107 0.274903 -0.69303 -0.666437 -0.0616274 -0.704414 -0.707109 0.274903 -0.69303 -0.666437 0.250843 -0.968028 -4.93194e-06 -0.0871565 -0.996195 -2.23842e-06 -0.0616274 -0.704414 -0.707109 0.274901 -0.693029 0.666438 -0.0616302 -0.704414 0.707109 0.274901 -0.693029 0.666438 0.332985 -0.0291306 0.942482 -9.69038e-07 1.93038e-06 1 -0.0616302 -0.704414 0.707109 0.391068 0.634767 0.666436 0.0616275 0.704416 0.707107 0.391068 0.634767 0.666436 0.0616275 0.704416 0.707107 0.640936 0.767594 4.42342e-07 0.589278 0.560596 -0.581793 0.391068 0.634767 -0.666436 0.415128 0.909763 2.42167e-07 0.589278 0.560595 0.581795 0.391068 0.634767 0.666436 0.433655 0.00532873 0.901063 0.589278 0.560595 0.581795 0.20823 -0.662723 0.719332 0.0725112 -0.997368 2.74015e-06 0.20823 -0.662723 0.719332 0.208234 -0.662721 -0.719333 0.433653 0.00532911 -0.901064 0.208234 -0.662721 -0.719333 0.589278 0.560596 -0.581793 0.517655 0.855589 2.2397e-07 0.358375 0.586085 -0.726685 0.461765 0.568415 -0.680939 0.589278 0.560596 -0.581793 0.640936 0.767594 4.42342e-07 0.627732 0.77843 6.98371e-07 -0.452783 -0.577238 -0.679547 -0.579391 -0.565699 -0.586764 -0.628914 -0.777475 3.25153e-06 -0.614995 -0.788531 -1.19028e-07 -0.633836 -0.773467 1.00254e-07 -0.430155 -0.550256 -0.715671 -0.579389 -0.565703 0.586761 -0.452783 -0.577238 0.679547 -0.430156 -0.550256 0.71567 0.358375 0.586085 0.726685 0.589278 0.560595 0.581795 0.461764 0.568415 0.68094 -0.334256 0.942482 -4.7252e-08 1.94612e-08 1 -4.10719e-08 6.32489e-08 0.707107 -0.707107 -0.334256 0.666436 -0.666436 -0.334256 0.666436 -0.666436 6.32489e-08 0.707107 -0.707107 1.07037e-07 6.12323e-17 -1 -0.334256 -1.1813e-08 -0.942482 6.56816e-08 -0.707105 -0.707108 -0.334257 -0.666434 -0.666437 -0.334257 -0.666434 -0.666437 6.56816e-08 -0.707105 -0.707108 2.6759e-08 -1 -2.15628e-06 -0.334255 -0.942483 -4.02233e-06 7.29799e-08 -0.707105 0.707108 -0.334255 -0.666433 0.666439 -0.334255 -0.666433 0.666439 7.29799e-08 -0.707105 0.707108 1.07037e-07 2.15627e-06 1 -0.334257 1.79557e-06 0.942482 5.83836e-08 0.707107 0.707107 -0.334256 0.666435 0.666436 -0.334256 0.666435 0.666436 5.83836e-08 0.707107 0.707107 -0.394396 0.649789 -0.649789 -0.394396 0.918941 -5.98358e-08 -0.394396 0.649789 0.649789 -0.394396 0.649789 0.649789 -0.394397 8.47673e-07 0.91894 -0.394395 -0.649792 0.649787 -0.394395 -0.649792 0.649787 -0.394395 -0.918941 3.39069e-06 -0.394397 -0.649788 -0.64979 -0.394397 -0.649788 -0.64979 -0.394396 5.62689e-17 -0.918941 -0.394396 0.649789 -0.649789 0.394395 0.64979 -0.64979 0.394396 0.918941 -4.98631e-08 0.394395 -9.97263e-09 -0.918941 0.394395 0.64979 -0.64979 0.394396 -0.649789 -0.64979 0.394394 -0.918942 3.40066e-06 0.394396 -0.649789 -0.64979 0.394393 -0.649792 0.649788 0.394396 8.57646e-07 0.918941 0.394393 -0.649792 0.649788 0.394395 0.64979 0.64979 0.394395 0.64979 0.64979 0.334256 0.942482 -5.31585e-08 0.334256 0.666436 -0.666436 -6.3249e-08 0.707107 -0.707107 -1.94612e-08 1 -6.16079e-08 0.334256 0.666436 -0.666436 0.334255 -1.1813e-08 -0.942483 -1.07037e-07 6.12323e-17 -1 -6.3249e-08 0.707107 -0.707107 0.334256 -0.666434 -0.666437 -6.56817e-08 -0.707105 -0.707108 0.334256 -0.666434 -0.666437 0.334254 -0.942483 -4.02233e-06 -2.6759e-08 -1 -2.15628e-06 -6.56817e-08 -0.707105 -0.707108 0.334254 -0.666433 0.666439 -7.298e-08 -0.707105 0.707108 0.334254 -0.666433 0.666439 0.334256 1.83101e-06 0.942482 -1.07037e-07 2.21788e-06 1 -7.298e-08 -0.707105 0.707108 0.334256 0.666436 0.666436 -5.83837e-08 0.707107 0.707107 0.334256 0.666436 0.666436 -5.83837e-08 0.707107 0.707107 2.085e-06 0.968028 0.250843 0.666436 0.693031 0.2749 0.707108 0.704415 -0.0616292 2.3411e-06 0.996195 -0.0871566 0.666436 0.693031 0.2749 0.942483 0.0291323 0.332983 1 -3.08039e-07 -5.78858e-07 0.707108 0.704415 -0.0616292 0.666438 -0.634765 0.391067 0.707109 -0.704414 0.0616283 0.666438 -0.634765 0.391067 5.32176e-06 -0.909764 0.415125 3.63487e-06 -0.996195 0.0871565 0.707109 -0.704414 0.0616283 -0.666439 -0.634764 0.391067 -0.707109 -0.704414 0.061629 -0.666439 -0.634764 0.391067 -0.942482 0.0291341 0.332986 -1 1.74555e-06 8.98447e-09 -0.707109 -0.704414 0.061629 -0.666435 0.693032 0.274902 -0.707107 0.704416 -0.061629 -0.666435 0.693032 0.274902 -0.707107 0.704416 -0.061629 1.03319e-06 0.975423 0.220339 0.687765 0.67241 0.273576 -0.687765 0.672409 0.273579 -0.89917 0.00428932 0.437578 -0.687765 0.672409 0.273579 -0.586762 -0.565703 0.579388 -2.71125e-06 -0.777477 0.628912 -0.586762 -0.565703 0.579388 -0.666439 -0.634764 0.391067 5.32176e-06 -0.909764 0.415125 0.586764 -0.5657 0.579388 0.666438 -0.634765 0.391067 0.899172 0.00428815 0.437575 0.586764 -0.5657 0.579388 0.687765 0.67241 0.273576 -4.08279e-07 0.778431 -0.62773 0.680939 0.568415 -0.461764 0.726685 0.586085 -0.358376 -1.3633e-07 0.855589 -0.517656 0.680939 0.568415 -0.461764 0.998997 0.0236826 -0.0380018 0.99837 -0.0265795 0.0504983 0.726685 0.586085 -0.358376 0.715672 -0.550257 0.430153 0.679548 -0.577237 0.452783 0.715672 -0.550257 0.430153 -1.00254e-07 -0.77347 0.633833 -3.24623e-08 -0.788531 0.614995 0.679548 -0.577237 0.452783 -0.715672 -0.550257 0.430153 -0.679548 -0.577236 0.452783 -0.715672 -0.550257 0.430153 -0.998997 0.0236832 -0.0380015 -0.99837 -0.0265789 0.0504988 -0.679548 -0.577236 0.452783 -0.68094 0.568415 -0.461764 -0.726685 0.586085 -0.358376 -0.68094 0.568415 -0.461764 -0.726685 0.586085 -0.358376 1.18129e-07 0.909761 -0.415132 4.51793e-07 0.996194 -0.0871629 0.707106 0.704416 -0.0616324 0.666434 0.634767 -0.39107 0.666434 0.634767 -0.39107 0.707106 0.704416 -0.0616324 1 2.46431e-07 -3.59379e-07 0.942482 -0.0291331 -0.332985 0.707108 -0.704415 0.0616253 0.666435 -0.693031 -0.274903 0.666435 -0.693031 -0.274903 0.707108 -0.704415 0.0616253 1.29377e-06 -0.996195 0.08715 3.36668e-06 -0.968028 -0.250841 -0.707109 -0.704414 0.0616259 -0.666439 -0.693029 -0.2749 -0.666439 -0.693029 -0.2749 -0.707109 -0.704414 0.0616259 -1 1.8893e-06 2.99054e-07 -0.942482 -0.0291316 -0.332985 -0.707106 0.704416 -0.061632 -0.666435 0.634767 -0.391071 -0.666435 0.634767 -0.391071 -0.707106 0.704416 -0.061632 0.666434 0.634767 -0.39107 0.581793 0.560597 -0.589278 -1.86766e-07 0.767595 -0.640935 1.18129e-07 0.909761 -0.415132 -0.581793 0.560596 -0.589278 -0.666435 0.634767 -0.391071 -0.581793 0.560596 -0.589278 -0.901063 0.00533164 -0.433654 -0.719329 -0.662726 -0.208229 -0.719329 -0.662726 -0.208229 -4.10488e-06 -0.997368 -0.0725079 0.719331 -0.662723 -0.208235 0.719331 -0.662723 -0.208235 0.901064 0.00533101 -0.433653 0.581793 0.560597 -0.589278 -1.3633e-07 0.855589 -0.517656 0.726685 0.586085 -0.358376 0.680939 0.568415 -0.461764 -4.08279e-07 0.778431 -0.62773 -1.86766e-07 0.767595 -0.640935 0.581793 0.560597 -0.589278 0.679548 -0.577237 0.452783 -3.24623e-08 -0.788531 0.614995 -2.71125e-06 -0.777477 0.628912 0.586764 -0.5657 0.579388 -1.00254e-07 -0.77347 0.633833 0.715672 -0.550257 0.430153 -0.679548 -0.577236 0.452783 -0.586762 -0.565703 0.579388 -0.715672 -0.550257 0.430153 -0.726685 0.586085 -0.358376 -0.68094 0.568415 -0.461764 -0.581793 0.560596 -0.589278 1.3585e-07 0.968029 -0.25084 1.0268e-07 0.996195 0.0871566 0.707107 0.704416 0.0616292 0.666436 0.693032 -0.2749 0.666436 0.693032 -0.2749 0.707107 0.704416 0.0616292 1 1.99199e-06 6.35331e-07 0.942482 0.0291352 -0.332984 0.70711 -0.704413 -0.0616284 0.666438 -0.634764 -0.391069 0.666438 -0.634764 -0.391069 0.70711 -0.704413 -0.0616284 1.43752e-06 -0.996195 -0.0871565 3.43759e-06 -0.909764 -0.415126 -0.70711 -0.704413 -0.0616288 -0.66644 -0.634763 -0.391066 -0.66644 -0.634763 -0.391066 -0.70711 -0.704413 -0.0616288 -1 3.51164e-06 2.77235e-07 -0.942482 0.0291364 -0.332985 -0.707107 0.704416 0.061629 -0.666436 0.693032 -0.2749 -0.666436 0.693032 -0.2749 -0.707107 0.704416 0.061629 0.687767 0.672409 -0.273574 1.04363e-07 0.975423 -0.22034 -0.687767 0.672409 -0.273574 -0.687767 0.672409 -0.273574 -0.899171 0.00428725 -0.437577 -0.586763 -0.565703 -0.579387 -0.66644 -0.634763 -0.391066 -0.586763 -0.565703 -0.579387 -3.615e-06 -0.777476 -0.628913 3.43759e-06 -0.909764 -0.415126 0.586765 -0.565699 -0.579389 0.666438 -0.634764 -0.391069 0.586765 -0.565699 -0.579389 0.899171 0.00428691 -0.437576 0.687767 0.672409 -0.273574 -1.71907e-07 0.778431 0.62773 1.94756e-08 0.85559 0.517655 0.726683 0.586085 0.358379 0.680939 0.568415 0.461764 0.680939 0.568415 0.461764 0.726683 0.586085 0.358379 0.998371 -0.0265782 -0.0504966 0.998997 0.0236832 0.0380021 0.679547 -0.577238 -0.452783 0.715671 -0.550257 -0.430154 0.715671 -0.550257 -0.430154 0.679547 -0.577238 -0.452783 -4.32829e-08 -0.788531 -0.614995 -1.80457e-07 -0.773468 -0.633835 -0.679547 -0.577238 -0.452783 -0.715671 -0.550256 -0.430154 -0.715671 -0.550256 -0.430154 -0.679547 -0.577238 -0.452783 -0.998371 -0.0265782 -0.050497 -0.998997 0.0236833 0.0380017 -0.726683 0.586086 0.358378 -0.680939 0.568415 0.461764 -0.680939 0.568415 0.461764 -0.726683 0.586086 0.358378 8.26905e-08 0.909761 0.415132 0.666434 0.634768 0.39107 0.707106 0.704416 0.0616321 5.33937e-07 0.996194 0.0871628 0.666434 0.634768 0.39107 0.942482 -0.029133 0.332984 1 6.77686e-07 5.77573e-08 0.707106 0.704416 0.0616321 0.666436 -0.693031 0.274903 0.707108 -0.704415 -0.0616255 0.666436 -0.693031 0.274903 3.46709e-06 -0.968028 0.250841 1.43752e-06 -0.996195 -0.08715 0.707108 -0.704415 -0.0616255 -0.666439 -0.693029 0.274899 -0.707108 -0.704415 -0.0616257 -0.666439 -0.693029 0.274899 -0.942482 -0.0291318 0.332984 -1 1.72502e-06 -2.69534e-08 -0.707108 -0.704415 -0.0616257 -0.666435 0.634767 0.391071 -0.707106 0.704416 0.0616321 -0.666435 0.634767 0.391071 -0.707106 0.704416 0.0616321 -2.06426e-07 0.767595 0.640935 0.581793 0.560597 0.589278 0.666434 0.634768 0.39107 8.26905e-08 0.909761 0.415132 -0.581793 0.560596 0.589279 -0.666435 0.634767 0.391071 -0.901064 0.00533158 0.433654 -0.581793 0.560596 0.589279 -0.71933 -0.662726 0.208227 -4.1262e-06 -0.997368 0.072506 -0.71933 -0.662726 0.208227 0.719332 -0.662723 0.208233 0.901064 0.00533126 0.433653 0.719332 -0.662723 0.208233 0.581793 0.560597 0.589278 1.94756e-08 0.85559 0.517655 0.726683 0.586085 0.358379 0.680939 0.568415 0.461764 0.581793 0.560597 0.589278 -2.06426e-07 0.767595 0.640935 -1.71907e-07 0.778431 0.62773 0.679547 -0.577238 -0.452783 0.586765 -0.565699 -0.579389 -3.615e-06 -0.777476 -0.628913 -4.32829e-08 -0.788531 -0.614995 -1.80457e-07 -0.773468 -0.633835 0.715671 -0.550257 -0.430154 -0.586763 -0.565703 -0.579387 -0.679547 -0.577238 -0.452783 -0.715671 -0.550256 -0.430154 -0.726683 0.586086 0.358378 -0.581793 0.560596 0.589279 -0.680939 0.568415 0.461764 1.71289e-07 0.968029 0.25084 0.666437 0.693031 0.274899 0.707108 0.704415 -0.0616278 6.16079e-08 0.996195 -0.0871566 0.666437 0.693031 0.274899 0.942483 0.029129 0.332984 1 2.93664e-06 -8.57376e-07 0.707108 0.704415 -0.0616278 0.666437 -0.634765 0.391068 0.707109 -0.704414 0.061627 0.666437 -0.634765 0.391068 3.53209e-06 -0.909764 0.415126 1.47859e-06 -0.996195 0.0871565 0.707109 -0.704414 0.061627 -0.66644 -0.634763 0.391066 -0.70711 -0.704413 0.0616289 -0.66644 -0.634763 0.391066 -0.942482 0.0291366 0.332985 -1 3.717e-06 -1.68138e-07 -0.70711 -0.704413 0.0616289 -0.666436 0.693032 0.2749 -0.707107 0.704416 -0.061629 -0.666436 0.693032 0.2749 -0.707107 0.704416 -0.061629 6.26179e-08 0.975423 0.22034 0.687768 0.672408 0.273574 -0.687766 0.67241 0.273575 -0.899171 0.00428756 0.437577 -0.687766 0.67241 0.273575 -0.586763 -0.565703 0.579387 -3.52659e-06 -0.777476 0.628913 -0.586763 -0.565703 0.579387 -0.66644 -0.634763 0.391066 3.53209e-06 -0.909764 0.415126 0.586764 -0.5657 0.579389 0.666437 -0.634765 0.391068 0.899172 0.00428871 0.437575 0.586764 -0.5657 0.579389 0.687768 0.672408 0.273574 -4.29767e-07 0.778431 -0.62773 0.680939 0.568415 -0.461764 0.726685 0.586085 -0.358377 -1.36329e-07 0.85559 -0.517654 0.680939 0.568415 -0.461764 0.998997 0.0236824 -0.0380015 0.99837 -0.0265813 0.0504989 0.726685 0.586085 -0.358377 0.715671 -0.550258 0.430153 0.679546 -0.577239 0.452783 0.715671 -0.550258 0.430153 -1.20305e-07 -0.77347 0.633834 -7.57452e-08 -0.788531 0.614995 0.679546 -0.577239 0.452783 -0.715671 -0.550257 0.430153 -0.679547 -0.577238 0.452783 -0.715671 -0.550257 0.430153 -0.998997 0.0236834 -0.0380017 -0.998371 -0.0265779 0.0504972 -0.679547 -0.577238 0.452783 -0.680939 0.568415 -0.461764 -0.726684 0.586086 -0.358378 -0.680939 0.568415 -0.461764 -0.726684 0.586086 -0.358378 1.59476e-07 0.909761 -0.415132 4.51792e-07 0.996195 -0.0871564 0.707108 0.704415 -0.061629 0.666436 0.634766 -0.39107 0.666436 0.634766 -0.39107 0.707108 0.704415 -0.061629 1 2.46431e-07 -3.59379e-07 0.942482 -0.0291331 -0.332985 0.707108 -0.704415 0.0616253 0.666435 -0.693031 -0.274903 0.666435 -0.693031 -0.274903 0.707108 -0.704415 0.0616253 1.29377e-06 -0.996195 0.08715 3.36668e-06 -0.968028 -0.250841 -0.707109 -0.704414 0.0616259 -0.666439 -0.693029 -0.2749 -0.666439 -0.693029 -0.2749 -0.707109 -0.704414 0.0616259 -1 1.8893e-06 2.9392e-07 -0.942482 -0.0291316 -0.332985 -0.707108 0.704415 -0.0616285 -0.666436 0.634765 -0.391071 -0.666436 0.634765 -0.391071 -0.707108 0.704415 -0.0616285 0.666436 0.634766 -0.39107 0.581793 0.560595 -0.589279 -1.76937e-07 0.767592 -0.640939 1.59476e-07 0.909761 -0.415132 -0.581793 0.560594 -0.58928 -0.666436 0.634765 -0.391071 -0.581793 0.560594 -0.58928 -0.901063 0.00533164 -0.433654 -0.719329 -0.662726 -0.208229 -0.719329 -0.662726 -0.208229 -4.10488e-06 -0.997368 -0.0725079 0.719331 -0.662723 -0.208235 0.719331 -0.662723 -0.208235 0.901064 0.00533099 -0.433654 0.581793 0.560595 -0.589279 -1.36329e-07 0.85559 -0.517654 0.726685 0.586085 -0.358377 0.680939 0.568415 -0.461764 -4.29767e-07 0.778431 -0.62773 -1.76937e-07 0.767592 -0.640939 0.581793 0.560595 -0.589279 0.679546 -0.577239 0.452783 -7.57452e-08 -0.788531 0.614995 -3.52659e-06 -0.777476 0.628913 0.586764 -0.5657 0.579389 -1.20305e-07 -0.77347 0.633834 0.715671 -0.550258 0.430153 -0.679547 -0.577238 0.452783 -0.586763 -0.565703 0.579387 -0.715671 -0.550257 0.430153 -0.726684 0.586086 -0.358378 -0.680939 0.568415 -0.461764 -0.581793 0.560594 -0.58928 7.73752e-07 0.968028 -0.250842 1.25269e-06 0.996195 0.0871549 0.707107 0.704415 0.0616291 0.666436 0.693032 -0.2749 0.666436 0.693032 -0.2749 0.707107 0.704415 0.0616291 1 1.43752e-07 4.73611e-07 0.942482 0.0291327 -0.332984 0.707109 -0.704414 -0.0616284 0.666438 -0.634765 -0.391068 0.666438 -0.634765 -0.391068 0.707109 -0.704414 -0.0616284 3.63487e-06 -0.996195 -0.0871565 5.25088e-06 -0.909764 -0.415125 -0.707108 -0.704414 -0.061629 -0.666439 -0.634765 -0.391067 -0.666439 -0.634765 -0.391067 -0.707108 -0.704414 -0.061629 -1 2.07413e-06 -5.30084e-07 -0.942482 0.0291345 -0.332985 -0.707106 0.704417 0.0616268 -0.666436 0.693031 -0.274902 -0.666436 0.693031 -0.274902 -0.707106 0.704417 0.0616268 0.687765 0.67241 -0.273576 1.14799e-07 0.975424 -0.220338 -0.687765 0.67241 -0.273577 -0.687765 0.67241 -0.273577 -0.899171 0.00428944 -0.437577 -0.586761 -0.565703 -0.579389 -0.666439 -0.634765 -0.391067 -0.586761 -0.565703 -0.579389 -2.81931e-06 -0.777476 -0.628913 5.25088e-06 -0.909764 -0.415125 0.586763 -0.5657 -0.57939 0.666438 -0.634765 -0.391068 0.586763 -0.5657 -0.57939 0.899171 0.00428872 -0.437576 0.687765 0.67241 -0.273576 -2.04139e-07 0.77843 0.627732 -2.92135e-08 0.855588 0.517657 0.726684 0.586085 0.358377 0.680939 0.568415 0.461765 0.680939 0.568415 0.461765 0.726684 0.586085 0.358377 0.99837 -0.0265791 -0.0504983 0.998997 0.0236828 0.0380014 0.679547 -0.577237 -0.452784 0.715671 -0.550256 -0.430155 0.715671 -0.550256 -0.430155 0.679547 -0.577237 -0.452784 -1.08207e-08 -0.78853 -0.614996 -1.70432e-07 -0.773467 -0.633837 -0.679547 -0.577237 -0.452784 -0.715671 -0.550256 -0.430155 -0.715671 -0.550256 -0.430155 -0.679547 -0.577237 -0.452784 -0.99837 -0.0265791 -0.0504987 -0.998997 0.0236828 0.0380011 -0.726684 0.586085 0.358376 -0.680939 0.568415 0.461764 -0.680939 0.568415 0.461764 -0.726684 0.586085 0.358376 -5.55211e-07 0.909763 0.415128 0.666435 0.634768 0.391068 0.707106 0.704417 0.0616288 -4.72327e-07 0.996195 0.0871546 0.666435 0.634768 0.391068 0.942482 -0.0291337 0.332984 1 1.64287e-07 6.94371e-07 0.707106 0.704417 0.0616288 0.666437 -0.69303 0.274903 0.707108 -0.704415 -0.0616264 0.666437 -0.69303 0.274903 4.73702e-06 -0.968028 0.250842 2.567e-06 -0.996195 -0.0871549 0.707108 -0.704415 -0.0616264 -0.666439 -0.693029 0.2749 -0.707108 -0.704414 -0.061629 -0.666439 -0.693029 0.2749 -0.942482 -0.0291309 0.332985 -1 2.19734e-06 -6.66134e-07 -0.707108 -0.704414 -0.061629 -0.666435 0.634767 0.391069 -0.707108 0.704415 0.0616264 -0.666435 0.634767 0.391069 -0.707108 0.704415 0.0616264 -1.96596e-07 0.767594 0.640937 0.581793 0.560596 0.589278 0.666435 0.634768 0.391068 -5.55211e-07 0.909763 0.415128 -0.581793 0.560595 0.589279 -0.666435 0.634767 0.391069 -0.901064 0.00532832 0.433653 -0.581793 0.560595 0.589279 -0.719332 -0.662723 0.208228 -3.10266e-06 -0.997368 0.0725089 -0.719332 -0.662723 0.208228 0.719334 -0.66272 0.208233 0.901065 0.00533051 0.433652 0.719334 -0.66272 0.208233 0.581793 0.560596 0.589278 -2.92135e-08 0.855588 0.517657 0.726684 0.586085 0.358377 0.680939 0.568415 0.461765 0.581793 0.560596 0.589278 -1.96596e-07 0.767594 0.640937 -2.04139e-07 0.77843 0.627732 0.679547 -0.577237 -0.452784 0.586763 -0.5657 -0.57939 -2.81931e-06 -0.777476 -0.628913 -1.08207e-08 -0.78853 -0.614996 -1.70432e-07 -0.773467 -0.633837 0.715671 -0.550256 -0.430155 -0.586761 -0.565703 -0.579389 -0.679547 -0.577237 -0.452784 -0.715671 -0.550256 -0.430155 -0.726684 0.586085 0.358376 -0.581793 0.560595 0.589279 -0.680939 0.568415 0.461764 2.085e-06 0.968028 0.250843 0.666436 0.693031 0.2749 0.707108 0.704415 -0.0616292 2.3411e-06 0.996195 -0.0871566 0.666436 0.693031 0.2749 0.942483 0.0291323 0.332983 1 -3.08039e-07 -5.78858e-07 0.707108 0.704415 -0.0616292 0.666438 -0.634765 0.391067 0.707109 -0.704414 0.0616283 0.666438 -0.634765 0.391067 5.33357e-06 -0.909764 0.415125 3.6554e-06 -0.996195 0.0871565 0.707109 -0.704414 0.0616283 -0.666439 -0.634764 0.391067 -0.707109 -0.704414 0.061629 -0.666439 -0.634764 0.391067 -0.942482 0.0291341 0.332986 -1 1.74555e-06 8.98447e-09 -0.707109 -0.704414 0.061629 -0.666435 0.693032 0.274902 -0.707107 0.704416 -0.061629 -0.666435 0.693032 0.274902 -0.707107 0.704416 -0.061629 1.03319e-06 0.975423 0.220339 0.687765 0.67241 0.273576 -0.687765 0.672409 0.273579 -0.89917 0.00428932 0.437578 -0.687765 0.672409 0.273579 -0.586762 -0.565703 0.579388 -2.70143e-06 -0.777477 0.628912 -0.586762 -0.565703 0.579388 -0.666439 -0.634764 0.391067 5.33357e-06 -0.909764 0.415125 0.586764 -0.5657 0.579388 0.666438 -0.634765 0.391067 0.899172 0.00428817 0.437575 0.586764 -0.5657 0.579388 0.687765 0.67241 0.273576 -4.51255e-07 0.77843 -0.627732 0.680939 0.568415 -0.461765 0.726685 0.586085 -0.358377 -1.65543e-07 0.855589 -0.517656 0.680939 0.568415 -0.461765 0.998997 0.0236825 -0.0380014 0.99837 -0.0265795 0.0504983 0.726685 0.586085 -0.358377 0.715671 -0.550256 0.430154 0.679548 -0.577237 0.452783 0.715671 -0.550256 0.430154 -1.20305e-07 -0.773468 0.633835 -3.24623e-08 -0.788531 0.614995 0.679548 -0.577237 0.452783 -0.715671 -0.550256 0.430155 -0.679548 -0.577236 0.452783 -0.715671 -0.550256 0.430155 -0.998997 0.0236831 -0.0380011 -0.99837 -0.0265789 0.0504988 -0.679548 -0.577236 0.452783 -0.680939 0.568415 -0.461764 -0.726685 0.586086 -0.358376 -0.680939 0.568415 -0.461764 -0.726685 0.586086 -0.358376 1.24036e-07 0.909763 -0.415129 4.10719e-07 0.996195 -0.0871564 0.707106 0.704416 -0.0616291 0.666435 0.634767 -0.391068 0.666435 0.634767 -0.391068 0.707106 0.704416 -0.0616291 1 -2.87503e-07 -9.9471e-07 0.942482 -0.0291338 -0.332985 0.707108 -0.704415 0.0616263 0.666437 -0.69303 -0.274904 0.666437 -0.69303 -0.274904 0.707108 -0.704415 0.0616263 2.4027e-06 -0.996195 0.0871549 4.66614e-06 -0.968028 -0.250843 -0.707109 -0.704414 0.0616292 -0.666439 -0.693029 -0.274901 -0.666439 -0.693029 -0.274901 -0.707109 -0.704414 0.0616292 -1 1.8893e-06 2.99054e-07 -0.942482 -0.0291317 -0.332986 -0.707106 0.704417 -0.0616287 -0.666435 0.634767 -0.391069 -0.666435 0.634767 -0.391069 -0.707106 0.704417 -0.0616287 0.666435 0.634767 -0.391068 0.581793 0.560596 -0.589278 -1.96596e-07 0.767594 -0.640936 1.24036e-07 0.909763 -0.415129 -0.581794 0.560595 -0.589278 -0.666435 0.634767 -0.391069 -0.581794 0.560595 -0.589278 -0.901063 0.00533131 -0.433655 -0.719331 -0.662723 -0.208232 -0.719331 -0.662723 -0.208232 -3.08133e-06 -0.997368 -0.0725109 0.719333 -0.662721 -0.208235 0.719333 -0.662721 -0.208235 0.901064 0.0053303 -0.433653 0.581793 0.560596 -0.589278 -1.65543e-07 0.855589 -0.517656 0.726685 0.586085 -0.358377 0.680939 0.568415 -0.461765 -4.51255e-07 0.77843 -0.627732 -1.96596e-07 0.767594 -0.640936 0.581793 0.560596 -0.589278 0.679548 -0.577237 0.452783 -3.24623e-08 -0.788531 0.614995 -2.70143e-06 -0.777477 0.628912 0.586764 -0.5657 0.579388 -1.20305e-07 -0.773468 0.633835 0.715671 -0.550256 0.430154 -0.679548 -0.577236 0.452783 -0.586762 -0.565703 0.579388 -0.715671 -0.550256 0.430155 -0.726685 0.586086 -0.358376 -0.680939 0.568415 -0.461764 -0.581794 0.560595 -0.589278 1.41756e-07 0.968028 -0.250841 1.23216e-07 0.996195 0.0871566 0.707107 0.704416 0.0616292 0.666436 0.693032 -0.2749 0.666436 0.693032 -0.2749 0.707107 0.704416 0.0616292 1 1.23216e-07 4.7361e-07 0.942482 0.0291326 -0.332984 0.707108 -0.704414 -0.0616285 0.666437 -0.634765 -0.39107 0.666437 -0.634765 -0.39107 0.707108 -0.704414 -0.0616285 1.41698e-06 -0.996195 -0.0871565 3.41987e-06 -0.909764 -0.415127 -0.707109 -0.704414 -0.0616289 -0.666439 -0.634764 -0.391067 -0.666439 -0.634764 -0.391067 -0.707109 -0.704414 -0.0616289 -1 1.6018e-06 1.10381e-07 -0.942482 0.0291338 -0.332985 -0.707107 0.704416 0.061629 -0.666436 0.693032 -0.2749 -0.666436 0.693032 -0.2749 -0.707107 0.704416 0.061629 0.687764 0.67241 -0.273577 1.14798e-07 0.975423 -0.220339 -0.687764 0.672411 -0.273578 -0.687764 0.672411 -0.273578 -0.899171 0.0042887 -0.437577 -0.586761 -0.565703 -0.579388 -0.666439 -0.634764 -0.391067 -0.586761 -0.565703 -0.579388 -3.615e-06 -0.777475 -0.628914 3.41987e-06 -0.909764 -0.415127 0.586764 -0.565699 -0.579391 0.666437 -0.634765 -0.39107 0.586764 -0.565699 -0.579391 0.899171 0.00428831 -0.437576 0.687764 0.67241 -0.273577 -2.04139e-07 0.77843 0.627732 -9.73785e-09 0.855591 0.517653 0.726686 0.586085 0.358374 0.680939 0.568415 0.461765 0.680939 0.568415 0.461765 0.726686 0.586085 0.358374 0.99837 -0.0265794 -0.0504985 0.998997 0.0236828 0.0380014 0.679547 -0.577237 -0.452783 0.715671 -0.550256 -0.430155 0.715671 -0.550256 -0.430155 0.679547 -0.577237 -0.452783 -3.24623e-08 -0.788531 -0.614995 -1.60407e-07 -0.773467 -0.633837 -0.679547 -0.577237 -0.452783 -0.715671 -0.550256 -0.430155 -0.715671 -0.550256 -0.430155 -0.679547 -0.577237 -0.452783 -0.99837 -0.0265794 -0.0504989 -0.998997 0.0236828 0.0380011 -0.726686 0.586086 0.358374 -0.68094 0.568415 0.461764 -0.68094 0.568415 0.461764 -0.726686 0.586086 0.358374 -5.55211e-07 0.909763 0.415128 0.666435 0.634768 0.391068 0.707106 0.704417 0.0616288 -4.72327e-07 0.996195 0.0871546 0.666435 0.634768 0.391068 0.942482 -0.0291337 0.332984 1 1.64287e-07 6.94371e-07 0.707106 0.704417 0.0616288 0.666437 -0.69303 0.274903 0.707108 -0.704415 -0.0616264 0.666437 -0.69303 0.274903 4.73702e-06 -0.968028 0.250842 2.567e-06 -0.996195 -0.0871549 0.707108 -0.704415 -0.0616264 -0.666439 -0.693029 0.2749 -0.707108 -0.704414 -0.061629 -0.666439 -0.693029 0.2749 -0.942482 -0.0291309 0.332985 -1 2.19734e-06 -6.66134e-07 -0.707108 -0.704414 -0.061629 -0.666435 0.634767 0.391069 -0.707108 0.704415 0.0616264 -0.666435 0.634767 0.391069 -0.707108 0.704415 0.0616264 -1.96596e-07 0.767594 0.640937 0.581793 0.560596 0.589278 0.666435 0.634768 0.391068 -5.55211e-07 0.909763 0.415128 -0.581793 0.560595 0.589279 -0.666435 0.634767 0.391069 -0.901064 0.00532832 0.433653 -0.581793 0.560595 0.589279 -0.719332 -0.662723 0.208228 -3.10266e-06 -0.997368 0.0725089 -0.719332 -0.662723 0.208228 0.719334 -0.66272 0.208233 0.901065 0.00533051 0.433652 0.719334 -0.66272 0.208233 0.581793 0.560596 0.589278 -9.73785e-09 0.855591 0.517653 0.726686 0.586085 0.358374 0.680939 0.568415 0.461765 0.581793 0.560596 0.589278 -1.96596e-07 0.767594 0.640937 -2.04139e-07 0.77843 0.627732 0.679547 -0.577237 -0.452783 0.586764 -0.565699 -0.579391 -3.615e-06 -0.777475 -0.628914 -3.24623e-08 -0.788531 -0.614995 -1.60407e-07 -0.773467 -0.633837 0.715671 -0.550256 -0.430155 -0.586761 -0.565703 -0.579388 -0.679547 -0.577237 -0.452783 -0.715671 -0.550256 -0.430155 -0.726686 0.586086 0.358374 -0.581793 0.560595 0.589279 -0.68094 0.568415 0.461764 1.65382e-07 0.968028 0.250841 0.666436 0.693032 0.2749 0.707107 0.704416 -0.0616292 8.21438e-08 0.996195 -0.0871566 0.666436 0.693032 0.2749 0.942483 0.0291322 0.332983 1 -3.28575e-07 -5.75007e-07 0.707107 0.704416 -0.0616292 0.666437 -0.634765 0.391069 0.707109 -0.704414 0.0616284 0.666437 -0.634765 0.391069 3.49665e-06 -0.909764 0.415127 1.43752e-06 -0.996195 0.0871565 0.707109 -0.704414 0.0616284 -0.666439 -0.634764 0.391067 -0.707109 -0.704414 0.061629 -0.666439 -0.634764 0.391067 -0.942482 0.0291341 0.332985 -1 1.8277e-06 1.2835e-09 -0.707109 -0.704414 0.061629 -0.666436 0.693032 0.2749 -0.707107 0.704416 -0.061629 -0.666436 0.693032 0.2749 -0.707107 0.704416 -0.061629 3.13087e-07 0.975424 0.220338 0.687764 0.67241 0.273577 -0.687765 0.67241 0.273576 -0.899171 0.0042888 0.437577 -0.687765 0.67241 0.273576 -0.586761 -0.565703 0.579388 -3.81146e-06 -0.777475 0.628914 -0.586761 -0.565703 0.579388 -0.666439 -0.634764 0.391067 3.49665e-06 -0.909764 0.415127 0.586764 -0.565699 0.57939 0.666437 -0.634765 0.391069 0.899172 0.00428784 0.437575 0.586764 -0.565699 0.57939 0.687764 0.67241 0.273577 -4.72743e-07 0.77843 -0.627731 0.680939 0.568415 -0.461765 0.726686 0.586085 -0.358374 5.06368e-07 0.85559 -0.517654 0.680939 0.568415 -0.461765 0.998997 0.0236827 -0.0380016 0.99837 -0.0265794 0.0504982 0.726686 0.586085 -0.358374 0.71567 -0.550257 0.430155 0.679547 -0.577238 0.452783 0.71567 -0.550257 0.430155 -1.03262e-06 -0.773468 0.633836 -8.87302e-07 -0.788531 0.614995 0.679547 -0.577238 0.452783 -0.715671 -0.550256 0.430155 -0.679547 -0.577237 0.452783 -0.715671 -0.550256 0.430155 -0.998997 0.0236832 -0.038001 -0.99837 -0.0265793 0.050499 -0.679547 -0.577237 0.452783 -0.68094 0.568415 -0.461764 -0.726685 0.586085 -0.358376 -0.68094 0.568415 -0.461764 -0.726685 0.586085 -0.358376 7.67845e-08 0.909763 -0.415128 4.72328e-07 0.996195 -0.0871564 0.707107 0.704416 -0.0616291 0.666436 0.634767 -0.391068 0.666436 0.634767 -0.391068 0.707107 0.704416 -0.0616291 1 -1.0268e-07 -6.63568e-07 0.942482 -0.0291331 -0.332985 0.707109 -0.704414 0.0616274 0.666437 -0.69303 -0.274903 0.666437 -0.69303 -0.274903 0.707109 -0.704414 0.0616274 2.44378e-06 -0.996195 0.0871565 4.66614e-06 -0.968028 -0.250842 -0.707109 -0.704413 0.0616302 -0.666439 -0.693029 -0.2749 -0.666439 -0.693029 -0.2749 -0.707109 -0.704413 0.0616302 -1 2.09466e-06 6.25062e-07 -0.942482 -0.029131 -0.332985 -0.707107 0.704416 -0.0616286 -0.666436 0.634766 -0.391069 -0.666436 0.634766 -0.391069 -0.707107 0.704416 -0.0616286 0.666436 0.634767 -0.391068 0.581794 0.560597 -0.589277 -5.603e-07 0.767594 -0.640936 7.67845e-08 0.909763 -0.415128 -0.581794 0.560595 -0.589278 -0.666436 0.634766 -0.391069 -0.581794 0.560595 -0.589278 -0.901063 0.00533022 -0.433655 -0.719331 -0.662723 -0.208232 -0.719331 -0.662723 -0.208232 -3.46517e-06 -0.997368 -0.0725102 0.719333 -0.662721 -0.208234 0.719333 -0.662721 -0.208234 0.901064 0.00532912 -0.433653 0.581794 0.560597 -0.589277 5.06368e-07 0.85559 -0.517654 0.726686 0.586085 -0.358374 0.680939 0.568415 -0.461765 -4.72743e-07 0.77843 -0.627731 -5.603e-07 0.767594 -0.640936 0.581794 0.560597 -0.589277 0.679547 -0.577238 0.452783 -8.87302e-07 -0.788531 0.614995 -3.81146e-06 -0.777475 0.628914 0.586764 -0.565699 0.57939 -1.03262e-06 -0.773468 0.633836 0.71567 -0.550257 0.430155 -0.679547 -0.577237 0.452783 -0.586761 -0.565703 0.579388 -0.715671 -0.550256 0.430155 -0.726685 0.586085 -0.358376 -0.68094 0.568415 -0.461764 -0.581794 0.560595 -0.589278 1.41756e-07 0.968028 -0.250841 1.23216e-07 0.996195 0.0871566 0.707107 0.704416 0.0616292 0.666436 0.693032 -0.2749 0.666436 0.693032 -0.2749 0.707107 0.704416 0.0616292 1 -2.0536e-08 6.32764e-07 0.942482 0.0291325 -0.332984 0.707109 -0.704414 -0.0616275 0.666437 -0.634765 -0.391069 0.666437 -0.634765 -0.391069 0.707109 -0.704414 -0.0616275 1.97145e-06 -0.996195 -0.0871549 3.88648e-06 -0.909764 -0.415127 -0.707109 -0.704414 -0.0616279 -0.666439 -0.634764 -0.391067 -0.666439 -0.634764 -0.391067 -0.707109 -0.704414 -0.0616279 -1 1.70448e-06 2.8622e-07 -0.942482 0.029134 -0.332985 -0.707107 0.704416 0.061629 -0.666436 0.693032 -0.2749 -0.666436 0.693032 -0.2749 -0.707107 0.704416 0.061629 0.687765 0.67241 -0.273576 1.14799e-07 0.975424 -0.220338 -0.687765 0.67241 -0.273577 -0.687765 0.67241 -0.273577 -0.899171 0.00428871 -0.437577 -0.586761 -0.565703 -0.579389 -0.666439 -0.634764 -0.391067 -0.586761 -0.565703 -0.579389 -3.40871e-06 -0.777475 -0.628914 3.88648e-06 -0.909764 -0.415127 0.586764 -0.565699 -0.579391 0.666437 -0.634765 -0.391069 0.586764 -0.565699 -0.579391 0.899171 0.00428827 -0.437576 0.687765 0.67241 -0.273576 -4.83487e-07 0.77843 0.627731 2.92135e-08 0.85559 0.517655 0.726685 0.586085 0.358375 0.680939 0.568415 0.461765 0.680939 0.568415 0.461765 0.726685 0.586085 0.358375 0.99837 -0.0265793 -0.0504983 0.998997 0.023683 0.0380015 0.679547 -0.577238 -0.452783 0.715671 -0.550256 -0.430156 0.715671 -0.550256 -0.430156 0.679547 -0.577238 -0.452783 -1.08208e-08 -0.788531 -0.614995 -1.90483e-07 -0.773466 -0.633838 -0.679547 -0.577238 -0.452783 -0.71567 -0.550256 -0.430156 -0.71567 -0.550256 -0.430156 -0.679547 -0.577238 -0.452783 -0.99837 -0.0265793 -0.0504986 -0.998997 0.0236832 0.0380012 -0.726685 0.586085 0.358375 -0.68094 0.568415 0.461764 -0.68094 0.568415 0.461764 -0.726685 0.586085 0.358375 -3.13045e-07 0.909763 0.415128 0.666436 0.634767 0.391068 0.707107 0.704416 0.0616288 2.0536e-08 0.996195 0.0871555 0.666436 0.634767 0.391068 0.942482 -0.029133 0.332984 1 3.49111e-07 3.69647e-07 0.707107 0.704416 0.0616288 0.666437 -0.69303 0.274902 0.707109 -0.704414 -0.0616275 0.666437 -0.69303 0.274902 4.72521e-06 -0.968028 0.250841 2.54646e-06 -0.996195 -0.0871565 0.707109 -0.704414 -0.0616275 -0.666439 -0.69303 0.274899 -0.707109 -0.704414 -0.0616301 -0.666439 -0.69303 0.274899 -0.942482 -0.0291307 0.332985 -1 2.19734e-06 -6.67418e-07 -0.707109 -0.704414 -0.0616301 -0.666436 0.634766 0.391069 -0.707107 0.704416 0.0616276 -0.666436 0.634766 0.391069 -0.707107 0.704416 0.0616276 -5.4064e-07 0.767594 0.640936 0.581794 0.560597 0.589277 0.666436 0.634767 0.391068 -3.13045e-07 0.909763 0.415128 -0.581794 0.560595 0.589279 -0.666436 0.634766 0.391069 -0.901064 0.00532882 0.433653 -0.581794 0.560595 0.589279 -0.719333 -0.662723 0.208228 -3.13465e-06 -0.997368 0.0725076 -0.719333 -0.662723 0.208228 0.719334 -0.662721 0.208232 0.901065 0.00532938 0.433652 0.719334 -0.662721 0.208232 0.581794 0.560597 0.589277 2.92135e-08 0.85559 0.517655 0.726685 0.586085 0.358375 0.680939 0.568415 0.461765 0.581794 0.560597 0.589277 -5.4064e-07 0.767594 0.640936 -4.83487e-07 0.77843 0.627731 0.679547 -0.577238 -0.452783 0.586764 -0.565699 -0.579391 -3.40871e-06 -0.777475 -0.628914 -1.08208e-08 -0.788531 -0.614995 -1.90483e-07 -0.773466 -0.633838 0.715671 -0.550256 -0.430156 -0.586761 -0.565703 -0.579389 -0.679547 -0.577238 -0.452783 -0.71567 -0.550256 -0.430156 -0.726685 0.586085 0.358375 -0.581794 0.560595 0.589279 -0.68094 0.568415 0.461764 -0.334256 0.942482 -2.95325e-08 1.94612e-08 1 6.12323e-17 6.32489e-08 0.707106 -0.707107 -0.334257 0.666435 -0.666436 -0.334257 0.666435 -0.666436 6.32489e-08 0.707106 -0.707107 1.07037e-07 6.12323e-17 -1 -0.334256 5.77104e-17 -0.942482 6.56816e-08 -0.707105 -0.707109 -0.334257 -0.666434 -0.666437 -0.334257 -0.666434 -0.666437 6.56816e-08 -0.707105 -0.707109 2.18938e-08 -1 -1.27323e-06 -0.334255 -0.942483 -3.2663e-06 5.8384e-08 -0.707105 0.707109 -0.334255 -0.666432 0.66644 -0.334255 -0.666432 0.66644 5.8384e-08 -0.707105 0.707109 9.73065e-08 1.80716e-06 1 -0.334257 1.51797e-06 0.942482 5.83836e-08 0.707106 0.707107 -0.334257 0.666435 0.666436 -0.334257 0.666435 0.666436 5.83836e-08 0.707106 0.707107 -0.394396 0.649791 -0.649788 -0.394396 0.918941 -3.98905e-08 -0.394396 0.649791 0.649788 -0.394396 0.649791 0.649788 -0.394396 7.18029e-07 0.918941 -0.394394 -0.649794 0.649786 -0.394394 -0.649794 0.649786 -0.394394 -0.918942 3.75968e-06 -0.394397 -0.64979 -0.649788 -0.394397 -0.64979 -0.649788 -0.394395 5.62689e-17 -0.918941 -0.394396 0.649791 -0.649788 0.394395 0.649791 -0.649788 0.394395 0.918941 -5.98357e-08 0.394394 5.62689e-17 -0.918942 0.394395 0.649791 -0.649788 0.394396 -0.64979 -0.649788 0.394393 -0.918942 3.76965e-06 0.394396 -0.64979 -0.649788 0.394393 -0.649794 0.649786 0.394395 7.18029e-07 0.918941 0.394393 -0.649794 0.649786 0.394395 0.649791 0.649788 0.394395 0.649791 0.649788 0.334256 0.942482 -5.31585e-08 0.334256 0.666435 -0.666436 -6.3249e-08 0.707106 -0.707107 -1.94612e-08 1 -6.16079e-08 0.334256 0.666435 -0.666436 0.334255 -1.1813e-08 -0.942483 -1.07037e-07 6.12323e-17 -1 -6.3249e-08 0.707106 -0.707107 0.334257 -0.666434 -0.666437 -6.56817e-08 -0.707105 -0.707109 0.334257 -0.666434 -0.666437 0.334254 -0.942483 -3.26039e-06 -2.18938e-08 -1 -1.27323e-06 -6.56817e-08 -0.707105 -0.707109 0.334254 -0.666432 0.66644 -5.83841e-08 -0.707105 0.707109 0.334254 -0.666432 0.66644 0.334256 1.52387e-06 0.942482 -9.73067e-08 1.8277e-06 1 -5.83841e-08 -0.707105 0.707109 0.334256 0.666435 0.666436 -5.83837e-08 0.707106 0.707107 0.334256 0.666435 0.666436 -5.83837e-08 0.707106 0.707107 0 0.942482 -0.334256 0 1 6.12323e-17 0.707107 0.707106 4.32978e-17 0.666436 0.666435 -0.334256 0.666436 0.666435 -0.334256 0.707107 0.707106 4.32978e-17 1 0 0 0.942482 2.04673e-17 -0.334256 0.707109 -0.707105 -4.32977e-17 0.666437 -0.666434 -0.334257 0.666437 -0.666434 -0.334257 0.707109 -0.707105 -4.32977e-17 1.39645e-06 -1 -6.12323e-17 3.34899e-06 -0.942483 -0.334255 -0.707109 -0.707104 -4.32977e-17 -0.66644 -0.666432 -0.334255 -0.66644 -0.666432 -0.334255 -0.707109 -0.707104 -4.32977e-17 -1 2.15627e-06 1.32034e-22 -0.942482 1.80148e-06 -0.334257 -0.707107 0.707106 4.32978e-17 -0.666436 0.666435 -0.334256 -0.666436 0.666435 -0.334256 -0.707107 0.707106 4.32978e-17 0.649788 0.649791 -0.394396 -5.98357e-08 0.918941 -0.394396 -0.649788 0.649791 -0.394396 -0.649788 0.649791 -0.394396 -0.918941 8.57646e-07 -0.394396 -0.649786 -0.649794 -0.394394 -0.649786 -0.649794 -0.394394 -3.73973e-06 -0.918941 -0.394394 0.649788 -0.649789 -0.394397 0.649788 -0.649789 -0.394397 0.918941 2.41497e-17 -0.394395 0.649788 0.649791 -0.394396 0.649788 0.649791 0.394395 -1.8948e-07 0.918941 0.394395 0.918941 -2.41497e-17 0.394394 0.649788 0.649791 0.394395 0.649788 -0.64979 0.394396 -4.23836e-06 -0.918942 0.394392 0.649788 -0.64979 0.394396 -0.649786 -0.649794 0.394392 -0.918941 6.28275e-07 0.394394 -0.649786 -0.649794 0.394392 -0.649788 0.649791 0.394395 -0.649788 0.649791 0.394395 -1.24036e-07 0.942482 0.334256 0.666436 0.666435 0.334256 0.707107 0.707107 -6.13028e-07 -8.21438e-08 1 -1.80016e-07 0.666436 0.666435 0.334256 0.942483 1.77195e-07 0.334255 1 3.08039e-07 -4.33012e-07 0.707107 0.707107 -6.13028e-07 0.666437 -0.666434 0.334257 0.707109 -0.707105 -4.32977e-17 0.666437 -0.666434 0.334257 3.59115e-06 -0.942483 0.334254 1.39645e-06 -1 -6.12323e-17 0.707109 -0.707105 -4.32977e-17 -0.66644 -0.666433 0.334254 -0.707109 -0.707105 -4.32977e-17 -0.66644 -0.666433 0.334254 -0.942483 1.31715e-06 0.334255 -1 1.58127e-06 9.68247e-23 -0.707109 -0.707105 -4.32977e-17 -0.666436 0.666435 0.334256 -0.707107 0.707106 4.32978e-17 -0.666436 0.666435 0.334256 -0.707107 0.707106 4.32978e-17 4.7252e-08 0.942482 -0.334256 2.0536e-08 1 1.94612e-08 0.707107 0.707107 7.29795e-08 0.666436 0.666436 -0.334256 0.666436 0.666436 -0.334256 0.707107 0.707107 7.29795e-08 1 6.16079e-08 1.07037e-07 0.942482 5.9065e-08 -0.334256 0.707108 -0.707105 6.56816e-08 0.666437 -0.666434 -0.334257 0.666437 -0.666434 -0.334257 0.707108 -0.707105 6.56816e-08 2.11521e-06 -1 2.67591e-08 4.02233e-06 -0.942483 -0.334255 -0.707108 -0.707105 6.32493e-08 -0.666439 -0.666433 -0.334255 -0.666439 -0.666433 -0.334255 -0.707108 -0.707105 6.32493e-08 -1 2.07413e-06 1.07037e-07 -0.942482 1.73651e-06 -0.334257 -0.707107 0.707107 5.83836e-08 -0.666436 0.666435 -0.334256 -0.666436 0.666435 -0.334256 -0.707107 0.707107 5.83836e-08 0.649789 0.649789 -0.394396 5.98358e-08 0.918941 -0.394396 -0.649789 0.649789 -0.394396 -0.649789 0.649789 -0.394396 -0.91894 8.27728e-07 -0.394397 -0.649787 -0.649792 -0.394395 -0.649787 -0.649792 -0.394395 -3.39069e-06 -0.918941 -0.394395 0.649789 -0.649788 -0.394397 0.649789 -0.649788 -0.394397 0.918941 3.98905e-08 -0.394396 0.649789 0.649789 -0.394396 0.64979 0.64979 0.394395 3.98905e-08 0.918941 0.394396 0.918941 2.99179e-08 0.394395 0.64979 0.64979 0.394395 0.64979 -0.649789 0.394396 -3.42061e-06 -0.918942 0.394393 0.64979 -0.649789 0.394396 -0.649788 -0.649792 0.394393 -0.918941 8.47673e-07 0.394396 -0.649788 -0.649792 0.394393 -0.64979 0.64979 0.394395 -0.64979 0.64979 0.394395 4.13455e-08 0.942482 0.334256 0.666436 0.666436 0.334256 0.707107 0.707107 -5.35184e-08 8.21438e-08 1 -1.94612e-08 0.666436 0.666436 0.334256 0.942483 7.08779e-08 0.334255 1 1.0268e-07 -9.73061e-08 0.707107 0.707107 -5.35184e-08 0.666437 -0.666434 0.334256 0.707108 -0.707105 -6.08164e-08 0.666437 -0.666434 0.334256 3.9987e-06 -0.942483 0.334254 2.17681e-06 -1 -2.6759e-08 0.707108 -0.707105 -6.08164e-08 -0.666439 -0.666433 0.334254 -0.707108 -0.707105 -6.81146e-08 -0.666439 -0.666433 0.334254 -0.942482 1.76013e-06 0.334256 -1 2.09467e-06 -1.07037e-07 -0.707108 -0.707105 -6.81146e-08 -0.666436 0.666436 0.334256 -0.707107 0.707107 -6.81143e-08 -0.666436 0.666436 0.334256 -0.707107 0.707107 -6.81143e-08 </float_array>
          <technique_common>
            <accessor count="5333" offset="0" source="#meshId0-normals-array" stride="3">
              <param name="X" type="float" />
              <param name="Y" type="float" />
              <param name="Z" type="float" />
            </accessor>
          </technique_common>
        </source>
        <source id="meshId0-tangents" name="meshId0-tangents">
          <float_array id="meshId0-tangents-array" count="15999"> -5.37778e-09 1 3.10486e-09 -5.31768e-09 1 3.07017e-09 -1.67464e-09 1 -2.30254e-16 -1.69356e-09 1 -2.49488e-16 -2.25808e-09 1 3.91111e-09 -2.23285e-09 1 3.86741e-09 3.60818e-24 1 6.12323e-17 4.20955e-24 1 6.12323e-17 -2.23285e-09 1 3.86741e-09 -2.25808e-09 1 3.91111e-09 2.25808e-09 1 3.91111e-09 2.23285e-09 1 3.86741e-09 5.86667e-09 1 3.38713e-09 5.80111e-09 1 3.34927e-09 2.23285e-09 1 3.86741e-09 2.25808e-09 1 3.91111e-09 2.25808e-09 1 3.54827e-16 2.23285e-09 1 3.39897e-16 -2.65144e-17 1 1.53081e-17 -2.65144e-17 1 1.53081e-17 -2.65144e-17 1 4.59242e-17 -2.65144e-17 1 4.59242e-17 -2.76627e-23 1 6.12323e-17 -2.73621e-23 1 6.12323e-17 -2.65144e-17 1 4.59242e-17 -2.65144e-17 1 4.59242e-17 2.65144e-17 1 4.59243e-17 2.65144e-17 1 4.59243e-17 2.65144e-17 1 1.53081e-17 2.65144e-17 1 1.53081e-17 2.65144e-17 1 1.53081e-17 2.65144e-17 1 1.53081e-17 0.480668 -0.606734 -0.633113 0.350227 0.707388 -0.613957 0.365997 0.424231 -0.828296 0.480307 -0.397664 -0.781773 0.66308 -0.597655 -0.450703 0.647174 0.693301 -0.317017 0.80237 -0.380613 -0.459713 0.845782 0.403968 -0.348516 0.777847 -0.120276 -0.616836 0.80226 0.121713 -0.584435 0.632103 0.137543 -0.76258 0.595607 -0.139403 -0.791087 0.480306 0.397663 -0.781774 0.365993 -0.424227 -0.8283 0.480654 0.60673 -0.633128 0.350209 -0.70738 -0.613976 0.663066 0.59766 -0.450718 0.647161 -0.693307 -0.31703 0.802373 0.380611 -0.45971 0.845785 -0.403965 -0.348512 0.77785 0.120274 -0.616834 0.802262 -0.121711 -0.584433 0.632099 -0.137538 -0.762584 0.595605 0.139399 -0.79109 0.166124 0.13754 -0.976466 0.120265 -0.1394 -0.982906 -0.0971875 -0.424229 -0.900324 0.0250703 0.397663 -0.917189 -0.00369433 -0.707381 -0.706823 0.0996938 0.60673 -0.788632 0.401917 -0.693316 -0.598144 0.348854 0.597664 -0.721872 0.558209 -0.40397 -0.724714 0.465017 0.380613 -0.799308 0.40256 -0.121713 -0.907266 0.365219 0.120275 -0.923119 0.120262 0.139397 -0.982907 0.166121 -0.137538 -0.976467 -0.0971904 0.424227 -0.900325 0.0250669 -0.397661 -0.91719 -0.00369271 0.707382 -0.706822 0.0997008 -0.606731 -0.78863 0.401959 0.693302 -0.598132 0.348897 -0.597654 -0.721859 0.558219 0.403962 -0.724712 0.465024 -0.380609 -0.799306 0.402559 0.121715 -0.907266 0.365213 -0.12028 -0.923121 2.65144e-17 1 4.59243e-17 -1.85294e-10 1 -3.20938e-10 3.56671e-16 1 -7.41166e-10 -2.85648e-23 1 6.12323e-17 1.85292e-10 1 -3.20936e-10 -2.65144e-17 1 4.59243e-17 -2.65144e-17 1 4.59243e-17 1.85292e-10 1 -3.20936e-10 -3.20936e-10 1 1.85292e-10 -2.65144e-17 1 1.53081e-17 -7.41169e-10 1 -1.09185e-16 9.62182e-24 1 1.51194e-30 -3.20936e-10 1 -1.85292e-10 2.65144e-17 1 1.53081e-17 -1.85292e-10 1 -3.20935e-10 2.65144e-17 1 4.59243e-17 2.65144e-17 1 4.59243e-17 -1.85292e-10 1 -3.20935e-10 -4.36742e-17 1 -7.41169e-10 2.10477e-24 1 6.12323e-17 1.85292e-10 1 -3.20936e-10 -2.65144e-17 1 4.59243e-17 -2.65144e-17 1 4.59243e-17 1.85292e-10 1 -3.20935e-10 -3.20936e-10 1 1.85292e-10 -2.65144e-17 1 1.53081e-17 -7.51462e-10 1 -1.07012e-16 8.71978e-24 1 1.24174e-30 -3.2985e-10 1 -1.90439e-10 2.65144e-17 1 1.53081e-17 2.65144e-17 1 1.53081e-17 -3.2985e-10 1 -1.90439e-10 -0.565711 0.757162 0.326613 -0.653227 0.757162 -7.69842e-08 0.653227 0.757162 8.98149e-08 0.565711 0.757162 -0.326613 -0.326613 0.757162 0.565711 0.326613 0.757162 -0.565711 5.13228e-08 0.757162 0.653227 -0.326613 0.757162 0.565711 0.326613 0.757162 -0.565711 -3.84921e-08 0.757162 -0.653227 0.326613 0.757162 0.565711 -0.326613 0.757162 -0.565711 0.565711 0.757162 0.326613 0.326613 0.757162 0.565711 -0.866025 1.2101e-09 0.5 -0.796745 -0.130543 0.590047 -0.590047 0.130543 0.796745 -0.5 -1.81515e-09 0.866025 0.653227 0.757162 9.62303e-08 -0.565711 0.757162 -0.326613 -0.653227 0.757162 -1.02646e-07 0.565711 0.757162 -0.326613 -0.565711 0.757162 0.326613 0.326614 0.757162 -0.565711 -0.326614 0.757162 0.565711 2.95106e-07 0.757162 -0.653227 0.326614 0.757162 -0.565711 -0.326614 0.757162 0.565711 -3.01522e-07 0.757162 0.653227 -0.326613 0.757162 -0.565711 0.326613 0.757162 0.565711 -0.565711 0.757162 -0.326614 0.565711 0.757162 0.326614 -0.565711 0.757162 -0.326614 0.565711 0.757162 0.326614 -0.385131 0.637728 -0.667067 3.70673e-07 0.637728 -0.770262 -3.63108e-07 0.637728 0.770262 0.385131 0.637728 0.667067 0.385131 0.637728 -0.667066 -0.385131 0.637728 0.667066 0.385131 0.637728 -0.667066 0.667066 0.637728 -0.385131 -0.667066 0.637728 0.385131 -0.385131 0.637728 0.667066 0.770262 0.637728 1.05907e-07 -0.770262 0.637728 -1.21036e-07 0.667066 0.637728 0.385131 -0.667066 0.637728 -0.385131 0.385131 0.637728 0.667066 -0.385131 0.637728 -0.667066 0.385131 0.637728 0.667066 5.29533e-08 0.637728 0.770262 -1.51295e-08 0.637728 -0.770262 -0.385131 0.637728 -0.667066 -0.385131 0.637728 0.667066 0.385131 0.637728 -0.667066 -0.385131 0.637728 0.667066 -0.667066 0.637728 0.385131 0.667066 0.637728 -0.385131 0.385131 0.637728 -0.667066 -0.770262 0.637728 -1.13471e-07 0.770262 0.637728 1.13471e-07 -0.667066 0.637728 -0.385131 0.667066 0.637728 0.385131 -0.667066 0.637728 -0.385131 0.667066 0.637728 0.385131 -2.65144e-17 1 1.53081e-17 -2.65144e-17 1 1.53081e-17 7.81773e-24 1 9.98115e-31 8.41909e-24 1 1.15758e-30 -2.65144e-17 1 4.59243e-17 -2.65144e-17 1 4.59243e-17 -9.02046e-25 1 6.12323e-17 -9.02046e-25 1 6.12323e-17 -2.65144e-17 1 4.59243e-17 -2.65144e-17 1 4.59243e-17 2.65144e-17 1 4.59243e-17 2.65144e-17 1 4.59243e-17 2.65144e-17 1 1.53081e-17 2.65144e-17 1 1.53081e-17 2.65144e-17 1 4.59243e-17 2.65144e-17 1 4.59243e-17 7.81773e-24 1 9.98115e-31 8.41909e-24 1 1.15758e-30 -2.65144e-17 1 1.53081e-17 -2.65144e-17 1 1.53081e-17 -2.65144e-17 1 4.59243e-17 -2.65144e-17 1 4.59243e-17 -1.80409e-24 1 6.12323e-17 -1.50341e-24 1 6.12323e-17 -2.65144e-17 1 4.59243e-17 -2.65144e-17 1 4.59243e-17 2.65144e-17 1 4.59243e-17 2.65144e-17 1 4.59243e-17 2.65144e-17 1 1.53081e-17 2.65144e-17 1 1.53081e-17 2.65144e-17 1 1.53081e-17 2.65144e-17 1 1.53081e-17 -0.799595 0.597656 0.058783 -0.718977 -0.693302 -0.0490394 -0.610285 -0.707388 0.356589 -0.732826 0.606733 0.307962 -0.92473 0.380612 -0.00306384 -0.906727 -0.403967 -0.121069 -0.982054 0.120277 0.145273 -0.986995 -0.121712 0.105005 -0.928708 -0.137547 0.344357 -0.911355 0.139405 0.387296 -0.806841 -0.397655 0.436897 -0.731107 0.424219 0.534342 -0.732826 -0.606734 0.307961 -0.610285 0.707388 0.356589 -0.799595 -0.597655 0.0587832 -0.718977 0.693302 -0.0490405 -0.924731 -0.380609 -0.00306982 -0.906728 0.403962 -0.121074 -0.982054 -0.120275 0.14527 -0.986996 0.121711 0.105004 -0.928707 0.137543 0.344361 -0.911354 -0.139402 0.387299 -0.806841 0.397654 0.436897 -0.731107 -0.424219 0.534341 0.732822 0.60673 0.307978 0.610279 -0.707381 0.356611 0.73111 -0.424229 0.534329 0.806844 0.397664 0.436881 0.911353 -0.139398 0.387302 0.928706 0.137537 0.344368 0.986996 0.121711 0.105004 0.982055 -0.120273 0.145269 0.906727 0.403964 -0.121072 0.92473 -0.380611 -0.00306537 0.718973 0.693307 -0.0490231 0.79959 -0.59766 0.0588016 0.610278 0.70738 0.356614 0.732822 -0.60673 0.307978 0.731109 0.424228 0.534331 0.806844 -0.397663 0.436882 0.911354 0.139403 0.387298 0.928707 -0.137543 0.344362 0.986995 -0.121713 0.105005 0.982054 0.120276 0.145273 0.906726 -0.403968 -0.121067 0.924729 0.380613 -0.00306208 0.718978 -0.693301 -0.0490427 0.799595 0.597655 0.0587832 2.65144e-17 1 4.59243e-17 2.65144e-17 1 4.59243e-17 -5.08152e-23 1 6.12323e-17 -4.99132e-23 1 6.12323e-17 -2.65144e-17 1 4.59242e-17 -2.65144e-17 1 4.59242e-17 -3.20936e-10 1 1.85292e-10 -2.65144e-17 1 1.53081e-17 -2.65144e-17 1 1.53081e-17 -3.20936e-10 1 1.85292e-10 -7.41169e-10 1 -9.82669e-17 9.62182e-24 1 1.51194e-30 -3.20936e-10 1 -1.85292e-10 2.65144e-17 1 1.53081e-17 2.65144e-17 1 4.59243e-17 2.65144e-17 1 4.59243e-17 2.65144e-17 1 4.59243e-17 2.65144e-17 1 4.59243e-17 0 1 6.12323e-17 0 1 6.12323e-17 -2.65144e-17 1 4.59243e-17 -2.65144e-17 1 4.59243e-17 -2.65144e-17 1 4.59243e-17 -2.65144e-17 1 4.59243e-17 -3.20936e-10 1 1.85292e-10 -2.65144e-17 1 1.53081e-17 -7.41168e-10 1 -7.64298e-17 6.01364e-24 1 5.906e-31 -3.20935e-10 1 -1.85292e-10 2.65144e-17 1 1.53081e-17 2.65144e-17 1 1.53081e-17 -3.20935e-10 1 -1.85292e-10 -0.565711 0.757162 0.326614 -0.653227 0.757162 -7.69842e-08 0.653227 0.757162 8.98149e-08 0.565711 0.757162 -0.326613 -0.326613 0.757162 0.565711 0.326613 0.757162 -0.565711 0 0.757162 0.653227 -0.326613 0.757162 0.565711 0.326613 0.757162 -0.565711 0 0.757162 -0.653227 0.326613 0.757162 0.565711 -0.326613 0.757162 -0.565711 0.565711 0.757162 0.326613 0.326613 0.757162 0.565711 -0.326613 0.757162 -0.565711 -0.565711 0.757162 -0.326613 0.653227 0.757162 9.62303e-08 -0.653227 0.757162 -8.33996e-08 0.565711 0.757162 -0.326613 -0.565711 0.757162 0.326613 0.326613 0.757162 -0.565711 -0.326613 0.757162 0.565711 1.28307e-08 0.757162 -0.653227 0.326613 0.757162 -0.565711 -0.326613 0.757162 0.565711 -1.92461e-08 0.757162 0.653227 -0.326613 0.757162 -0.565711 0.326613 0.757162 0.565711 -0.565711 0.757162 -0.326614 0.565711 0.757162 0.326614 -0.565711 0.757162 -0.326614 0.565711 0.757162 0.326614 -0.38513 0.637728 -0.667067 6.43004e-07 0.637728 -0.770262 -6.27874e-07 0.637728 0.770262 0.38513 0.637728 0.667067 0.385131 0.637728 -0.667066 -0.385131 0.637728 0.667066 0.667066 0.637728 -0.385131 -0.667066 0.637728 0.385131 0.667066 0.637728 -0.385131 0.770262 0.637728 8.32123e-08 -0.770262 0.637728 -1.21036e-07 -0.667066 0.637728 0.385131 0.667066 0.637728 0.385131 -0.667066 0.637728 -0.385131 0.385131 0.637728 0.667067 -0.385131 0.637728 -0.667066 0.385131 0.637728 0.667067 0 0.637728 0.770262 0 0.637728 -0.770261 -0.385131 0.637728 -0.667066 -0.385131 0.637728 0.667067 0.385131 0.637728 -0.667067 -0.385131 0.637728 0.667066 -0.667066 0.637728 0.385131 0.667066 0.637728 -0.385131 0.385131 0.637728 -0.667067 -0.770262 0.637728 -7.56476e-08 0.770262 0.637728 6.80828e-08 -0.667066 0.637728 -0.385131 0.667066 0.637728 0.385131 -0.667066 0.637728 -0.385131 0.667066 0.637728 0.385131 -2.65144e-17 1 1.53081e-17 -2.65144e-17 1 1.53081e-17 2.5558e-23 1 1.06677e-29 2.58586e-23 1 1.09202e-29 -2.65144e-17 1 4.59243e-17 -2.65144e-17 1 4.59243e-17 0 1 6.12323e-17 0 1 6.12323e-17 -2.65144e-17 1 4.59243e-17 -2.65144e-17 1 4.59243e-17 2.65144e-17 1 4.59243e-17 2.65144e-17 1 4.59243e-17 2.65144e-17 1 1.53081e-17 2.65144e-17 1 1.53081e-17 0 1 0 0 1 0 2.65144e-17 1 1.53081e-17 2.65144e-17 1 1.53081e-17 -2.65144e-17 1 1.53081e-17 -2.65144e-17 1 1.53081e-17 -2.65144e-17 1 4.59242e-17 -2.65144e-17 1 4.59242e-17 0 1 6.12323e-17 0 1 6.12323e-17 -2.65144e-17 1 4.59242e-17 -2.65144e-17 1 4.59242e-17 2.65144e-17 1 4.59243e-17 2.65144e-17 1 4.59243e-17 2.65144e-17 1 1.53081e-17 2.65144e-17 1 1.53081e-17 2.65144e-17 1 1.53081e-17 2.65144e-17 1 1.53081e-17 -0.799591 0.59766 0.0588022 -0.718973 -0.693307 -0.0490228 -0.610278 -0.707381 0.356613 -0.732822 0.60673 0.30798 -0.92473 0.380611 -0.0030654 -0.906727 -0.403964 -0.121072 -0.982055 0.120273 0.145269 -0.986996 -0.121711 0.105003 -0.928706 -0.13754 0.344366 -0.911353 0.139398 0.387302 -0.806841 -0.397656 0.436895 -0.731107 0.424221 0.534339 -0.732827 -0.606734 0.307959 -0.610284 0.707387 0.35659 -0.799591 -0.597659 0.058801 -0.718971 0.693309 -0.0490184 -0.924729 -0.380615 -0.00305966 -0.906726 0.40397 -0.121066 -0.982055 -0.120274 0.145268 -0.986996 0.121711 0.105003 -0.928707 0.13754 0.344364 -0.911354 -0.139399 0.387301 -0.806841 0.397655 0.436896 -0.731107 -0.424218 0.534342 0.145269 0.120273 -0.982055 0.105004 -0.121711 -0.986996 -0.121067 -0.403969 -0.906726 -0.00305981 0.380614 -0.924729 -0.0490194 -0.693309 -0.718972 0.0588008 0.59766 -0.799591 0.35659 -0.707387 -0.610284 0.307959 0.606734 -0.732826 0.53434 -0.424221 -0.731107 0.436895 0.397656 -0.806841 0.387301 -0.139399 -0.911354 0.344364 0.137541 -0.928706 0.105004 0.121711 -0.986996 0.14527 -0.120274 -0.982054 -0.121072 0.403964 -0.906727 -0.00306504 -0.380611 -0.92473 -0.0490217 0.693308 -0.718972 0.0588033 -0.59766 -0.79959 0.356615 0.70738 -0.610278 0.307981 -0.60673 -0.732821 0.534343 0.424218 -0.731106 0.436897 -0.397655 -0.806841 0.387302 0.139399 -0.911353 0.344365 -0.13754 -0.928706 2.65144e-17 1 4.59243e-17 2.65144e-17 1 4.59243e-17 -4.75077e-23 1 6.12323e-17 -4.75077e-23 1 6.12323e-17 -2.65144e-17 1 4.59243e-17 -2.65144e-17 1 4.59243e-17 -2.65144e-17 1 1.53081e-17 -2.65144e-17 1 1.53081e-17 -2.65144e-17 1 1.53081e-17 -2.65144e-17 1 1.53081e-17 4.75077e-23 1 3.68594e-29 4.81091e-23 1 3.77984e-29 2.65144e-17 1 1.53081e-17 2.65144e-17 1 1.53081e-17 2.65144e-17 1 4.59243e-17 2.65144e-17 1 4.59243e-17 2.65144e-17 1 4.59243e-17 2.65144e-17 1 4.59243e-17 0 1 6.12323e-17 0 1 6.12323e-17 -2.65144e-17 1 4.59243e-17 -2.65144e-17 1 4.59243e-17 -2.65144e-17 1 4.59243e-17 -2.65144e-17 1 4.59243e-17 -2.65144e-17 1 1.53081e-17 -2.65144e-17 1 1.53081e-17 -2.65144e-17 1 1.53081e-17 -2.65144e-17 1 1.53081e-17 3.54805e-23 1 2.05588e-29 3.60818e-23 1 2.12616e-29 2.65144e-17 1 1.53081e-17 2.65144e-17 1 1.53081e-17 2.65144e-17 1 4.59243e-17 2.65144e-17 1 4.59243e-17 -0.565711 0.757162 0.326613 -0.653227 0.757162 -2.63029e-07 0.653227 0.757162 2.69445e-07 0.565711 0.757162 -0.326613 -0.326613 0.757162 0.565711 0.326613 0.757162 -0.565711 0 0.757162 0.653227 -0.326613 0.757162 0.565711 0.326613 0.757162 -0.565711 0 0.757162 -0.653227 0.326613 0.757162 0.565711 -0.326613 0.757162 -0.565711 0.565711 0.757162 0.326613 -0.565711 0.757162 -0.326613 0.653227 0.757162 -3.4508e-17 0.565711 0.757162 0.326613 -0.565711 0.757162 -0.326613 -0.653227 0.757162 -3.4508e-17 0.565711 0.757162 -0.326613 -0.565711 0.757162 0.326613 0.326614 0.757162 -0.565711 -0.326614 0.757162 0.565711 0 0.757162 -0.653227 0.326614 0.757162 -0.565711 -0.326613 0.757162 0.565711 0 0.757162 0.653227 -0.326613 0.757162 -0.565711 0.326613 0.757162 0.565711 -0.565711 0.757162 -0.326614 0.565711 0.757162 0.326614 -0.565711 0.757162 -0.326614 0.565711 0.757162 0.326614 -0.385131 0.637728 -0.667067 5.90051e-07 0.637728 -0.770262 -6.0518e-07 0.637728 0.770262 0.385131 0.637728 0.667067 0.385131 0.637728 -0.667066 -0.385131 0.637728 0.667066 0.667066 0.637727 -0.385131 -0.667067 0.637727 0.385131 0.667066 0.637727 -0.385131 0.770262 0.637728 5.90051e-07 -0.770262 0.637728 -6.0518e-07 -0.667067 0.637727 0.385131 0.667066 0.637728 0.385131 -0.667066 0.637728 -0.385131 0.385131 0.637727 0.667066 -0.385131 0.637727 -0.667067 0.385131 0.637727 0.667066 0 0.637728 0.770262 0 0.637728 -0.770262 -0.385131 0.637727 -0.667067 -0.385131 0.637728 0.667067 0.385131 0.637728 -0.667067 -2.65144e-17 1 4.59243e-17 -0.385131 0.637728 0.667067 -0.667067 0.637728 0.385131 0.667067 0.637728 -0.385131 0.385131 0.637728 -0.667067 -2.65144e-17 1 4.59243e-17 -0.770262 0.637728 -4.38756e-07 0.770262 0.637728 4.53885e-07 -0.667066 0.637728 -0.385131 0.667066 0.637728 0.385131 -0.385131 0.637728 -0.667067 0.385131 0.637728 0.667067 -7.82223e-09 1 4.51617e-09 -7.73481e-09 1 4.4657e-09 -2.23286e-09 1 -9.42944e-16 -2.25809e-09 1 -9.75775e-16 -3.38712e-09 1 5.86667e-09 -3.34927e-09 1 5.80111e-09 -7.73481e-09 1 4.4657e-09 -7.82223e-09 1 4.51617e-09 3.60818e-24 1 6.12323e-17 3.90886e-24 1 6.12323e-17 2.25808e-09 1 3.91111e-09 2.23285e-09 1 3.86741e-09 5.86667e-09 1 3.38712e-09 5.80111e-09 1 3.34927e-09 2.25808e-09 1 2.21767e-17 2.23285e-09 1 1.09644e-17 5.80111e-09 1 3.34927e-09 5.86667e-09 1 3.38713e-09 -2.65144e-17 1 1.53081e-17 -2.65144e-17 1 1.53081e-17 -2.65144e-17 1 4.59242e-17 -2.65144e-17 1 4.59242e-17 -2.646e-23 1 6.12323e-17 -2.646e-23 1 6.12323e-17 -2.65144e-17 1 4.59242e-17 -2.65144e-17 1 4.59242e-17 2.65144e-17 1 4.59243e-17 2.65144e-17 1 4.59243e-17 2.65144e-17 1 1.53081e-17 2.65144e-17 1 1.53081e-17 2.65144e-17 1 1.53081e-17 2.65144e-17 1 1.53081e-17 -0.480652 0.606729 0.63313 -0.35021 -0.70738 0.613976 -0.365986 -0.424219 0.828307 -0.480297 0.397655 0.781783 -0.663065 0.59766 0.450719 -0.64716 -0.693307 0.317031 -0.802372 0.380611 0.459711 -0.845784 -0.403965 0.348513 -0.777849 0.120274 0.616834 -0.802261 -0.121711 0.584434 -0.632101 -0.137541 0.762581 -0.595605 0.139399 0.79109 -0.480298 -0.397655 0.781783 -0.365988 0.42422 0.828306 -0.480666 -0.606733 0.633115 -0.350226 0.707387 0.613959 -0.663068 -0.597659 0.450716 -0.64716 0.693307 0.317031 -0.802369 -0.380614 0.459714 -0.845781 0.403969 0.348516 -0.77785 -0.120273 0.616834 -0.802262 0.121711 0.584433 -0.632101 0.13754 0.762582 -0.595605 -0.139399 0.79109 0.166124 0.13754 -0.976466 0.120265 -0.1394 -0.982906 -0.0971877 -0.424229 -0.900325 0.0250703 0.397663 -0.917189 -0.00369298 -0.707382 -0.706822 0.0997007 0.606732 -0.78863 0.401959 -0.693301 -0.598132 0.348897 0.597654 -0.721859 0.558217 -0.403963 -0.724712 0.465024 0.380608 -0.799306 0.402561 -0.121712 -0.907265 0.365219 0.120275 -0.923119 0.120265 0.1394 -0.982906 0.166124 -0.13754 -0.976466 -0.0971901 0.424227 -0.900325 0.0250679 -0.397661 -0.91719 -0.00369528 0.707381 -0.706823 0.0996943 -0.60673 -0.788631 0.401918 0.693315 -0.598144 0.348856 -0.597664 -0.721871 0.558208 0.403971 -0.724715 0.465016 -0.380614 -0.799308 0.40256 0.121714 -0.907266 0.365217 -0.120276 -0.92312 2.65144e-17 1 4.59243e-17 -1.85294e-10 1 -3.20938e-10 3.16637e-16 1 -7.41166e-10 -2.73621e-23 1 6.12323e-17 1.85292e-10 1 -3.20936e-10 -2.65144e-17 1 4.59243e-17 -2.65144e-17 1 1.53081e-17 -2.65144e-17 1 1.53081e-17 -2.65144e-17 1 1.53081e-17 -2.65144e-17 1 1.53081e-17 4.87105e-23 1 3.87493e-29 4.87105e-23 1 3.87493e-29 2.65144e-17 1 1.53081e-17 2.65144e-17 1 1.53081e-17 -1.85292e-10 1 -3.20936e-10 2.65144e-17 1 4.59242e-17 2.65144e-17 1 4.59242e-17 -1.85292e-10 1 -3.20935e-10 -4.00347e-17 1 -7.41169e-10 2.70614e-24 1 6.12323e-17 1.85292e-10 1 -3.20936e-10 -2.65144e-17 1 4.59243e-17 -2.65144e-17 1 1.53081e-17 -2.65144e-17 1 1.53081e-17 -2.65144e-17 1 1.53081e-17 -2.65144e-17 1 1.53081e-17 3.78859e-23 1 2.34409e-29 3.90886e-23 1 2.49529e-29 2.65144e-17 1 1.53081e-17 2.65144e-17 1 1.53081e-17 -1.85294e-10 1 -3.20938e-10 2.65144e-17 1 4.59243e-17 -0.565711 0.757162 0.326613 -0.653227 0.757162 -2.69445e-07 0.653227 0.757162 2.82275e-07 0.565711 0.757162 -0.326613 -0.326613 0.757162 0.565711 -0.565711 0.757162 0.326613 0.565711 0.757162 -0.326613 0.326613 0.757162 -0.565711 4.49075e-08 0.757162 0.653227 -3.84921e-08 0.757162 -0.653227 0.326613 0.757162 0.565711 -0.326613 0.757162 -0.565711 0.565711 0.757162 0.326613 -0.565711 0.757162 -0.326613 0.653227 0.757162 -3.4508e-17 0.565711 0.757162 0.326613 -0.565711 0.757162 -0.326613 -0.653227 0.757162 -6.41535e-09 0.565711 0.757162 -0.326613 -0.565711 0.757162 0.326613 0.326614 0.757162 -0.565711 -0.326614 0.757162 0.565711 2.82275e-07 0.757162 -0.653227 0.326614 0.757162 -0.565711 -0.326614 0.757162 0.565711 -2.82275e-07 0.757162 0.653227 -0.326613 0.757162 -0.565711 0.326613 0.757162 0.565711 -0.565711 0.757162 -0.326614 0.565711 0.757162 0.326614 -0.565711 0.757162 -0.326614 0.565711 0.757162 0.326614 -0.385131 0.637728 -0.667066 3.1772e-07 0.637728 -0.770262 -3.55543e-07 0.637728 0.770262 0.385131 0.637728 0.667067 0.385131 0.637728 -0.667066 -0.385131 0.637728 0.667066 0.667067 0.637728 -0.385131 -0.667067 0.637727 0.385131 0.667067 0.637728 -0.385131 0.770262 0.637728 6.0518e-07 -0.770262 0.637728 -6.0518e-07 -0.667067 0.637727 0.385131 0.667066 0.637728 0.385131 -0.667066 0.637728 -0.385131 0.385131 0.637728 0.667066 -0.385131 0.637728 -0.667066 0.385131 0.637728 0.667066 4.53885e-08 0.637728 0.770262 -3.0259e-08 0.637728 -0.770262 -0.385131 0.637728 -0.667066 -0.385131 0.637728 0.667066 0.385131 0.637728 -0.667066 -0.667067 0.637728 0.385131 0.667067 0.637727 -0.385131 -0.667067 0.637728 0.385131 -0.770262 0.637728 -4.69015e-07 0.770262 0.637728 4.99274e-07 0.667067 0.637727 -0.385131 -0.667066 0.637728 -0.385131 0.667066 0.637728 0.385131 -0.385131 0.637728 -0.667066 0.385131 0.637728 0.667067 7.41237e-07 -0.334256 -0.942482 0 1.94612e-08 -1 5.16043e-08 5.16042e-08 -1 -0.0681851 -0.391969 -0.917448 0.391958 0.0681976 0.917452 -5.16043e-08 -5.16042e-08 1 -1.07037e-07 -6.59429e-15 1 0.334256 2.64096e-06 0.942482 -4.47239e-08 4.47236e-08 1 0.391974 -0.0681803 0.917447 0.0681842 -0.391972 0.917447 -4.47239e-08 4.47236e-08 1 -2.39794e-14 1.94613e-08 1 -1.23569e-05 -0.334255 0.942483 4.1284e-08 4.12837e-08 1 -0.068205 -0.391951 0.917454 0.391974 0.068175 -0.917447 -4.1284e-08 -4.12837e-08 -1 -1.07037e-07 1.84641e-13 -1 0.334257 -8.98706e-07 -0.942482 -4.12834e-08 4.12834e-08 -1 0.39196 -0.0681958 -0.917451 0.0681913 -0.391964 -0.91745 -4.12834e-08 4.12834e-08 -1 -0.0745925 -0.461848 -0.883817 6.00539e-07 -0.394396 -0.918941 0.0745979 -0.461844 -0.883819 0.461832 -0.0746149 -0.883824 0.394396 -2.99374e-06 -0.918941 0.461849 0.0745915 -0.883816 -0.0746136 -0.461828 0.883826 -1.69953e-05 -0.394394 0.918941 0.074588 -0.461854 0.883814 0.461854 -0.0745878 0.883814 0.394395 1.45469e-06 0.918941 0.461837 0.0746079 0.883821 0.0745989 0.461842 -0.88382 3.76971e-07 0.394395 -0.918941 -0.394394 -1.44981e-06 0.918941 -0.461836 -0.0746075 0.883822 -0.461853 0.0745875 0.883815 1.67923e-05 0.394393 0.918942 -0.0745877 0.461852 0.883815 0.0746127 0.461827 0.883826 -0.394395 2.99863e-06 -0.918941 -0.461848 -0.0745913 -0.883817 -0.46183 0.0746149 -0.883824 -0.0745928 0.461847 -0.883817 3.54488e-07 0.334256 -0.942482 0.0681889 0.391965 -0.91745 -3.78432e-08 -3.78432e-08 -1 -1.99827e-15 -1.94612e-08 -1 -0.391957 -0.0681974 0.917452 -0.334255 -2.64531e-06 0.942483 9.73061e-08 9.99137e-15 1 3.78432e-08 3.78432e-08 1 -0.391973 0.0681801 0.917447 4.30038e-08 -4.30036e-08 1 -0.0681838 0.391971 0.917447 1.23378e-05 0.334254 0.942483 2.83255e-14 -2.18938e-08 1 4.30038e-08 -4.30036e-08 1 0.0682043 0.391951 0.917454 -4.47242e-08 -4.4724e-08 1 -0.391973 -0.068175 -0.917447 -0.334256 8.92221e-07 -0.942482 1.07037e-07 -1.84641e-13 -1 4.47243e-08 4.4724e-08 -1 -0.391959 0.0681959 -0.917452 4.81641e-08 -4.8164e-08 -1 -0.0681862 0.391967 -0.917449 4.81641e-08 -4.8164e-08 -1 -0.677989 -0.334211 -0.654702 -0.719329 1.49016e-08 -0.694669 -0.715729 0.0123458 -0.698269 -0.707536 -0.381929 -0.594578 0.833564 0.236355 0.499307 0.707106 5.47909e-07 0.707107 0.707107 -3.86435e-15 0.707107 0.90279 4.18952e-09 0.430081 -0.90279 -4.18953e-09 -0.430081 -0.707107 2.08086e-14 -0.707107 -0.707107 2.75053e-08 -0.707107 -0.833564 0.236356 -0.499306 0.686198 -0.401903 0.606305 0.69827 -0.0123453 0.715728 0.694663 6.05375e-09 0.719336 0.654709 -0.33421 0.677983 0.698282 0.0123291 0.715717 0.594575 -0.381922 0.707543 -0.499307 0.236352 -0.833565 -0.707107 -6.32201e-07 -0.707107 -0.707107 9.83966e-13 -0.707107 -0.43008 -5.32072e-07 -0.902791 -0.707107 -2.71925e-08 -0.707107 -0.499307 -0.236355 -0.833564 -0.606308 -0.401905 -0.686195 -0.715707 -0.0123147 -0.698292 -0.688567 -0.452521 -0.566658 -0.661061 -0.394345 -0.63835 -0.577631 -0.471079 -0.666654 0.661408 0.741652 -0.11177 0.647449 0.757905 -0.0799351 3.54866e-06 1 7.03673e-06 3.76878e-06 1 4.41242e-06 -0.647453 0.757902 0.0799337 -0.661406 0.741654 0.111766 0.566642 -0.452489 0.6886 0.638348 -0.394343 0.661064 0.666667 -0.47107 0.577623 0.111779 0.741654 -0.661404 0.0799423 0.757906 -0.647447 1.8955e-06 1 7.70318e-07 1.02904e-06 1 4.99445e-07 -0.0799455 0.757905 0.647448 -0.111784 0.741653 0.661404 -0.577625 0.471073 -0.666663 -0.661062 0.394346 -0.638347 0.370908 -4.28012e-09 0.92867 0.45259 -0.278882 0.846987 0.846987 0.278881 0.452591 0.928669 4.28009e-09 0.37091 0.452589 0.278883 0.846987 0.846987 -0.278881 0.45259 0.637715 0.394339 0.661677 0.443042 0.265445 0.856302 0.666681 0.471055 0.577618 -0.92867 4.18693e-07 -0.370907 -0.846986 -0.278881 -0.452592 -0.452594 0.278881 -0.846985 -0.370909 -1.6463e-07 -0.928669 -0.846987 0.278882 -0.45259 -0.452592 -0.278881 -0.846987 -0.688565 0.452524 -0.566657 -0.677982 0.334212 -0.654708 -0.606308 0.401907 -0.686194 -0.715721 0.0123348 -0.698277 -0.719336 0 -0.694662 0.499306 -0.236356 0.833564 0.43008 -2.09478e-09 0.902791 0.707107 -1.62262e-23 0.707107 0.707107 0 0.707107 0.499305 0.236356 0.833565 0.707107 1.0827e-07 0.707107 0.489982 0.223251 0.84266 0.65419 0.334207 0.678485 0.694654 -1.49016e-08 0.719344 0.69827 -0.0123449 0.715728 0.686199 0.401902 0.606305 0.698266 0.0123508 0.715732 -0.833565 -0.236353 -0.499307 -0.902791 4.02198e-07 -0.430079 -0.707107 -3.69582e-13 -0.707107 -0.707107 -2.31807e-07 -0.707107 -0.833564 0.236356 -0.499306 -0.707107 3.33116e-08 -0.707107 -0.707519 0.381946 -0.594587 -0.715728 -0.0123445 -0.69827 0.92867 2.03679e-06 0.370907 0.983075 0.0957083 0.156214 0.971498 0.137025 0.193432 0.902791 -1.47547e-06 0.430079 0.983075 -0.0957078 0.156215 0.971497 -0.137031 0.193432 -0.467277 -0.299815 -0.831723 -0.25484 -0.350808 -0.901105 -0.264404 -0.29645 -0.917719 -0.514324 -0.257815 -0.817926 9.54244e-07 1 2.37154e-06 0.647448 0.757906 -0.0799339 0.661406 0.741654 -0.11177 6.28567e-07 1 1.34234e-06 -0.647449 0.757905 0.0799315 -0.661408 0.741652 0.111767 -1 -5.55534e-07 -1.99271e-06 -0.737427 -0.66704 0.106109 -0.706643 -0.70711 -0.0255197 -1 -3.05543e-07 3.48022e-06 0.687908 0.429405 -0.585145 0.265659 0.669871 -0.693323 2.00189e-06 0.694658 -0.71934 0.444997 0.511036 -0.735405 -0.0695533 0.575175 -0.815069 -0.444998 0.511039 -0.735402 -0.236355 -0.3176 0.918296 -6.83564e-07 -0.415126 0.909764 2.47798e-12 -0.0871567 0.996195 2.08364e-06 -0.0871567 0.996195 0.236358 -0.317594 0.918297 1.59855e-06 -0.0871563 0.996195 0.0969744 0.593874 -0.798693 -0.258517 0.695037 -0.67089 -3.27361e-06 0.719346 -0.694652 0.463908 0.527926 -0.711396 -0.696829 0.44787 -0.560216 -0.463903 0.527916 -0.711406 -0.737427 0.667041 -0.106103 -0.706643 0.70711 0.0255139 -0.999992 -0.000893471 -0.00395502 -0.717757 -0.68628 0.117662 -0.717487 0.686964 -0.115297 -0.323199 0.680643 -0.65747 -0.682621 0.470826 -0.558885 -0.135506 0.63682 -0.759012 -0.01636 0.628829 -0.777372 0.00170085 0.716364 -0.697724 0.126657 0.613295 -0.779632 -0.0175627 0.415062 -0.909624 -0.0276439 0.729086 -0.683863 -0.14945 0.62762 -0.76404 0.333285 0.654697 -0.678449 0.16564 0.61653 -0.76971 0.674496 0.452591 -0.58328 0.364933 0.584438 -0.724745 0.295037 0.790024 -0.537415 0.335288 0.757907 -0.559606 0.372623 0.480375 -0.793973 0.055696 0.668901 -0.741262 -0.0108914 0.694676 -0.719241 0.0178717 0.694756 -0.719024 0.159564 0.65141 -0.741758 -0.0849135 0.67986 -0.72841 -0.0667124 0.663243 -0.745425 -0.0953881 0.687113 -0.720262 -0.0170948 0.633741 -0.773356 -0.0171593 0.614905 -0.788415 -0.0953706 0.681449 -0.725625 0.0719689 0.6707 -0.738229 0.0702247 0.665527 -0.743063 0.109042 0.696355 -0.709365 0.00936704 0.719366 -0.694568 -0.0159675 0.719451 -0.69436 0.0917949 0.679231 -0.728161 -0.0807771 0.684981 -0.724069 -0.182584 0.667689 -0.721702 0.247598 0.414714 -0.875618 0.163189 0.359474 -0.918775 -2.26238e-07 0.415132 -0.909761 1.78875e-12 0.0871564 -0.996195 1.12862e-06 0.0871575 -0.996194 -0.236355 0.317601 -0.918295 0.069552 0.575175 -0.815068 0.444999 0.51104 -0.7354 3.07982e-07 0.694657 -0.719341 -0.265663 0.669869 -0.693325 -0.444996 0.511034 -0.735406 -0.68791 0.429404 -0.585143 -0.73743 0.667035 -0.106122 -0.706642 0.707111 0.0255132 -1 2.10246e-06 -6.87383e-06 -1 3.22683e-06 3.66482e-07 -0.706641 -0.707112 -0.0255114 -0.737427 -0.667038 0.106123 0.696829 0.447878 -0.56021 0.463898 0.52791 -0.711414 -1.26621e-06 0.719332 -0.694666 0.258512 0.695042 -0.670886 -0.463897 0.527912 -0.711413 -0.0969881 0.593885 -0.798682 0.236356 0.317601 -0.918295 -1.23543e-06 0.0871578 -0.996194 0.350924 0.729859 -0.58665 0.265212 0.815679 -0.51413 0.362106 0.597443 -0.715501 0.38363 0.383369 -0.840152 0.316767 0.511136 -0.798998 0.168003 0.383185 -0.908265 0.147748 0.639622 -0.754357 0.313695 0.682448 -0.660197 0.62966 0.49542 -0.598404 -0.689357 -0.718004 0.0962169 -1 -4.49831e-05 -0.000563926 -0.689203 0.718381 -0.0944925 -0.619621 0.47659 -0.623644 -0.32399 0.656432 -0.681269 -0.177987 0.619206 -0.76479 -0.99969 -0.0128977 0.021318 -0.670383 -0.718946 -0.183586 -0.0811957 0.568047 -0.818981 1.77472e-06 0.62773 -0.778431 -1.61119e-06 0.640939 -0.767592 -0.13542 0.647641 -0.749815 -0.706191 0.681904 0.190528 -1 0.000590106 -0.000756653 -0.999999 0.00101218 -0.0012568 -0.772744 0.60503 0.191845 -0.999926 -0.00770571 0.00940309 -0.669439 0.716047 0.197807 -0.705539 -0.683366 -0.187687 -0.772077 -0.606568 -0.189665 -0.670769 -0.71313 -0.203752 -0.669304 0.721572 0.177102 0.0768717 0.571572 -0.816943 0.139238 0.645176 -0.751239 -1 1.14861e-07 -8.24734e-07 -1 1.23997e-07 2.47282e-06 -0.706643 -0.70711 0.0255079 -0.737429 -0.667036 -0.106118 0.696833 0.44788 0.560203 0.463904 0.527917 0.711405 1.29709e-06 0.719336 0.694663 0.25851 0.695052 0.670876 -0.463895 0.527912 0.711414 -0.0970014 0.593893 0.798675 0.236355 0.317599 0.918296 -1.84393e-08 0.0871564 0.996195 -2.02436e-06 0.0871566 0.996195 -8.36629e-07 0.415126 0.909764 -1.10711e-06 0.0871562 0.996195 -0.236355 0.317596 0.918297 0.0695532 0.575173 0.815069 0.444991 0.511036 0.735408 -2.71024e-06 0.694659 0.719339 -0.265664 0.669871 0.693322 -0.444998 0.511037 0.735403 -0.687909 0.429404 0.585144 -0.737429 0.667036 0.106119 -0.706643 0.70711 -0.0255152 -0.717756 -0.686284 -0.117647 -0.999992 -0.000890066 0.00393951 -0.717487 0.686962 0.115303 -0.674496 0.452589 0.583282 -0.333285 0.654697 0.678449 -0.165631 0.616531 0.769711 0.305817 0.711111 0.633086 0.213249 0.798199 0.563385 0.276197 0.60445 0.747232 0.29387 0.396796 0.869594 0.226474 0.57231 0.788144 0.0852797 0.456186 0.885789 0.135468 0.636849 0.758994 0.323191 0.680661 0.657455 0.682619 0.470823 0.558889 -0.0125937 0.627681 0.778369 -0.0129754 0.517611 0.855518 0.132989 0.631827 0.763616 0.0650039 0.674956 0.734989 0.0807759 0.68498 0.72407 0.182576 0.667684 0.721709 0.0159676 0.719447 0.694363 -0.00936774 0.719365 0.694569 -0.091794 0.67923 0.728162 -0.10904 0.696354 0.709367 0.13788 0.492452 0.859349 0.154128 0.491075 0.857374 0.277624 0.59082 0.757533 0.276827 0.609064 0.743242 0.257076 0.765408 0.589969 0.245954 0.774983 0.582158 0.0849117 0.67986 0.72841 0.0667117 0.663243 0.745425 -0.0178724 0.694757 0.719023 0.010891 0.694675 0.719241 -0.159564 0.65141 0.741757 -0.0556959 0.668901 0.741262 -0.0834678 0.686661 0.72217 -0.14967 0.644217 0.750055 -8.37889e-09 -0.415132 -0.909761 0.236354 -0.317601 -0.918295 -1.01357e-06 -0.087162 -0.996194 -6.07991e-13 -0.087163 -0.996194 0.0969893 0.593884 0.798683 -0.258511 0.695047 0.670881 2.16182e-07 0.719326 0.694673 0.463899 0.527915 0.71141 -0.696834 0.447878 0.560203 -0.463898 0.52791 0.711414 -0.737428 0.667038 0.106111 -1 4.21574e-06 -1.55412e-06 -1 9.7848e-07 -3.6333e-06 -0.706641 0.707112 -0.0255072 -0.737426 -0.66704 -0.106116 -0.706641 -0.707112 0.0255106 0.687908 0.429407 0.585143 0.265662 0.669869 0.693325 -1.53991e-06 0.694658 0.719341 0.444996 0.511035 0.735406 -0.069552 0.575174 0.815069 -0.444994 0.511036 0.735406 -0.236353 -0.317604 -0.918295 -7.95521e-07 -0.0871598 -0.996194 -0.0115539 0.640892 0.767544 -0.000815601 0.724116 0.689678 0.129957 0.615401 0.777427 -0.0124277 0.4151 0.909691 -0.0176629 0.733057 0.679938 -0.146083 0.625537 0.766396 0.323992 0.656429 0.681271 0.177984 0.619207 0.764791 0.619617 0.476587 0.62365 -1 -4.57309e-05 0.000571623 -0.689357 -0.718004 -0.0962152 -0.689201 0.718383 0.0944865 -0.31369 0.682459 0.660188 -0.629661 0.495421 0.598402 -0.147743 0.639623 0.754357 -0.999689 -0.0129069 -0.0213333 -0.670388 -0.718935 0.183611 0.0811945 -0.568049 -0.81898 0.135413 -0.647643 -0.749814 -6.96544e-07 -0.640935 -0.767595 6.33955e-07 -0.62773 -0.778431 -0.706191 0.681903 -0.190532 -0.77274 0.60504 -0.191834 -0.999999 0.00100912 0.00125335 -1 0.000588544 0.000754636 -0.999926 -0.00770512 -0.00940246 -0.669437 0.716051 -0.1978 -0.772076 -0.606571 0.18966 -0.705542 -0.683358 0.187702 -0.670768 -0.71313 0.203754 -0.669308 0.721565 -0.177119 -0.139235 -0.645176 -0.75124 -0.0768671 -0.571576 -0.816941 -1 -2.05632e-06 -1.83539e-07 -0.737429 -0.667037 0.106117 -0.706642 -0.707111 -0.0255095 -1 -2.61165e-06 3.53896e-06 0.687909 0.429404 -0.585144 0.265661 0.66987 -0.693324 0 0.694657 -0.719341 0.444992 0.511033 -0.73541 -0.0695593 0.575178 -0.815065 -0.444999 0.511042 -0.735399 -0.236356 -0.317598 0.918296 -1.32246e-06 -0.415125 0.909764 -1.75982e-12 -0.0871567 0.996195 -1.73856e-07 -0.0871564 0.996195 0.236356 -0.317596 0.918297 1.41494e-06 -0.0871565 0.996195 0.0969895 0.593883 -0.798684 -0.258512 0.695049 -0.670879 -1.97652e-06 0.719332 -0.694666 0.463889 0.527907 -0.711422 -0.696835 0.447878 -0.560202 -0.463903 0.527915 -0.711407 -0.73743 0.667036 -0.106116 -0.706643 0.707111 0.0255041 -0.999992 -0.000893551 -0.00395094 -0.71776 -0.686277 0.117664 -0.717489 0.68696 -0.115307 -0.323195 0.680658 -0.657457 -0.682624 0.470825 -0.558881 -0.135477 0.63684 -0.759 -0.0163356 0.628828 -0.777373 0.00169284 0.716361 -0.697727 0.126657 0.613295 -0.779633 -0.0175406 0.415061 -0.909624 -0.0276482 0.729087 -0.683862 -0.14946 0.627626 -0.764034 0.333284 0.654701 -0.678446 0.165629 0.616536 -0.769708 0.674502 0.452596 -0.583269 0.364937 0.584437 -0.724744 0.29504 0.790025 -0.537412 0.335287 0.757907 -0.559607 0.372625 0.480376 -0.793971 0.0556961 0.668902 -0.741262 -0.0108914 0.694676 -0.71924 0.0178724 0.694759 -0.719021 0.159571 0.651414 -0.741753 -0.0849121 0.679859 -0.728411 -0.0667102 0.663243 -0.745425 -0.0953903 0.687115 -0.72026 -0.0170975 0.633741 -0.773356 -0.0171621 0.614904 -0.788415 -0.0953717 0.681452 -0.725622 0.0719669 0.670699 -0.73823 0.0702219 0.665526 -0.743064 0.109042 0.696356 -0.709365 0.00936711 0.719365 -0.694569 -0.015968 0.71945 -0.694361 0.091794 0.679232 -0.728161 -0.0807772 0.684981 -0.724069 -0.182583 0.667688 -0.721704 0.2476 0.414712 -0.875619 0.163194 0.359465 -0.918778 -2.32513e-07 0.415132 -0.909761 4.43773e-12 0.087163 -0.996194 8.19063e-07 0.0871619 -0.996194 -0.236356 0.3176 -0.918295 0.0695462 0.575169 -0.815073 0.444986 0.51103 -0.735415 3.07982e-07 0.694658 -0.71934 -0.265664 0.669867 -0.693326 -0.445 0.511038 -0.735401 -0.687914 0.42941 -0.585134 -0.73743 0.667034 -0.106125 -0.706641 0.707112 0.0255013 -1 1.83326e-06 -3.91926e-06 -1 3.04776e-06 -4.65403e-07 -0.706641 -0.707112 -0.0255061 -0.737427 -0.667037 0.106128 0.696829 0.447878 -0.560209 0.463903 0.527915 -0.711407 -1.29709e-06 0.719332 -0.694666 0.25851 0.695048 -0.670881 -0.46389 0.527907 -0.711421 -0.0969888 0.593884 -0.798683 0.236353 0.317603 -0.918295 2.37076e-06 0.0871589 -0.996194 0.350928 0.729859 -0.586647 0.265214 0.815677 -0.514132 0.362139 0.597431 -0.715494 0.38366 0.383364 -0.840141 0.316776 0.511126 -0.799001 0.168004 0.383183 -0.908265 0.147746 0.639621 -0.754358 0.313692 0.682456 -0.660191 0.629662 0.495424 -0.598399 -0.689358 -0.718001 0.0962303 -1 -4.52036e-05 -0.000566807 -0.689203 0.718379 -0.0944989 -0.619622 0.476592 -0.623641 -0.323993 0.656426 -0.681274 -0.177992 0.6192 -0.764794 -0.99969 -0.0128929 0.0213101 -0.670382 -0.718946 -0.183586 -0.0811956 0.568047 -0.818981 1.78154e-06 0.62773 -0.778431 -1.61119e-06 0.640935 -0.767595 -0.135418 0.64764 -0.749816 -0.70619 0.681905 0.19053 -1 0.000589111 -0.000755383 -0.999999 0.00101107 -0.00125423 -0.772742 0.605037 0.191835 -0.999926 -0.00770615 0.00940355 -0.669435 0.716054 0.197794 -0.705539 -0.683362 -0.187697 -0.772076 -0.60657 -0.189659 -0.670765 -0.713137 -0.203739 -0.669304 0.721572 0.177105 0.0768711 0.571572 -0.816943 0.139236 0.645175 -0.751241 -1 -8.06261e-07 3.18214e-07 -1 -1.53669e-06 -3.51345e-06 -0.706642 -0.707111 0.0255099 -0.737429 -0.667037 -0.106117 0.696831 0.447876 0.560209 0.463907 0.52792 0.711401 9.26494e-08 0.719343 0.694655 0.258511 0.695044 0.670885 -0.463904 0.527919 0.711404 -0.0969912 0.593885 0.798682 0.236355 0.317598 0.918296 -1.52783e-07 0.0871565 0.996195 -2.02436e-06 0.0871566 0.996195 -1.74694e-07 0.415125 0.909764 -9.51306e-07 0.0871564 0.996195 -0.236355 0.317597 0.918297 0.0695461 0.575168 0.815074 0.444988 0.511031 0.735413 -2.30987e-06 0.69466 0.719339 -0.265663 0.669871 0.693322 -0.445005 0.51104 0.735397 -0.687909 0.429405 0.585143 -0.737428 0.667038 0.106115 -0.706643 0.70711 -0.0255036 -0.717759 -0.686278 -0.117661 -0.999992 -0.00089064 0.00394207 -0.717489 0.68696 0.115305 -0.674497 0.452585 0.583284 -0.333287 0.654693 0.678451 -0.16564 0.616526 0.769713 0.305821 0.711112 0.633082 0.213255 0.798201 0.56338 0.276199 0.604449 0.747232 0.293867 0.396794 0.869595 0.226461 0.57232 0.788141 0.0852628 0.456199 0.885784 0.135483 0.636839 0.759 0.323196 0.680651 0.657463 0.682621 0.470821 0.558888 -0.0125937 0.627682 0.778368 -0.0129753 0.517613 0.855517 0.13299 0.631826 0.763616 0.0650037 0.674957 0.734988 0.0807764 0.684981 0.724069 0.182585 0.667689 0.721703 0.0159676 0.719453 0.694358 -0.00936752 0.719365 0.694569 -0.091796 0.679233 0.728159 -0.109042 0.696357 0.709364 0.137878 0.492456 0.859347 0.154128 0.491076 0.857373 0.277624 0.59082 0.757533 0.276824 0.609066 0.743241 0.257076 0.765409 0.589967 0.245951 0.774982 0.58216 0.084908 0.679858 0.728412 0.0667105 0.663244 0.745424 -0.0178729 0.694757 0.719023 0.010891 0.694673 0.719243 -0.159568 0.651412 0.741755 -0.055694 0.668901 0.741263 -0.0834673 0.686661 0.72217 -0.149672 0.644217 0.750056 -2.38805e-07 -0.415128 -0.909763 0.236355 -0.317599 -0.918296 1.53098e-07 -0.0871563 -0.996195 -8.70309e-14 -0.0871548 -0.996195 0.0969942 0.593886 0.798681 -0.258511 0.695049 0.670879 -6.17663e-07 0.719341 0.694657 0.463897 0.527909 0.711415 -0.696831 0.447876 0.560208 -0.463906 0.527918 0.711403 -0.737427 0.66704 0.106112 -1 5.68629e-06 -2.11666e-06 -1 2.12263e-06 -3.3853e-06 -0.706642 0.707112 -0.0255074 -0.737426 -0.66704 -0.106114 -0.706641 -0.707112 0.0255114 0.687908 0.429408 0.585142 0.26566 0.669875 0.69332 -2.30986e-06 0.694652 0.719346 0.444988 0.511031 0.735413 -0.0695623 0.575179 0.815064 -0.444998 0.511036 0.735404 -0.236357 -0.317597 -0.918296 -1.3566e-06 -0.0871513 -0.996195 -0.0115533 0.640894 0.767542 -0.000809979 0.724119 0.689674 0.129962 0.615403 0.777425 -0.0124284 0.415096 0.909693 -0.0176648 0.733059 0.679936 -0.146088 0.625538 0.766394 0.323991 0.656435 0.681266 0.177978 0.619212 0.764788 0.619618 0.476592 0.623645 -1 -4.46741e-05 0.000571338 -0.689355 -0.718006 -0.0962153 -0.689199 0.718385 0.094486 -0.313695 0.682447 0.660198 -0.62966 0.495425 0.5984 -0.147745 0.639621 0.754358 -0.999689 -0.0129047 -0.0213296 -0.670385 -0.718941 0.183598 0.0811942 -0.56805 -0.818979 0.135418 -0.64764 -0.749816 1.64493e-06 -0.640937 -0.767594 -6.15032e-07 -0.627732 -0.77843 -0.706188 0.681909 -0.190521 -0.772742 0.605037 -0.191834 -0.999999 0.00101223 0.00125592 -1 0.000589983 0.000756497 -0.999926 -0.00770253 -0.00939926 -0.669437 0.716051 -0.197801 -0.772076 -0.606573 0.189655 -0.705537 -0.683369 0.187682 -0.670768 -0.71313 0.203752 -0.669305 0.721571 -0.177107 -0.139235 -0.645177 -0.751239 -0.0768698 -0.571574 -0.816942 -1 -2.47763e-06 -1.79487e-06 -0.737429 -0.667037 0.106117 -0.706642 -0.707111 -0.0255144 -1 -2.34282e-06 3.75551e-07 0.687908 0.429404 -0.585145 0.265661 0.669871 -0.693324 0 0.694657 -0.719341 0.444992 0.511033 -0.73541 -0.0695592 0.575178 -0.815065 -0.444998 0.511041 -0.7354 -0.236356 -0.317598 0.918296 -4.23786e-06 -0.415125 0.909764 -1.7072e-12 -0.0871567 0.996195 -1.63319e-07 -0.0871564 0.996195 0.236345 -0.317606 0.918296 -4.46582e-06 -0.0871624 0.996194 0.0969895 0.593883 -0.798684 -0.258511 0.69505 -0.670878 -1.97652e-06 0.719328 -0.69467 0.463899 0.527915 -0.711409 -0.696832 0.447874 -0.560209 -0.463897 0.52791 -0.711415 -0.737429 0.667037 -0.106113 -0.706643 0.70711 0.025515 -0.999992 -0.000891904 -0.00394361 -0.717759 -0.686278 0.11766 -0.717489 0.68696 -0.115306 -0.323192 0.680666 -0.657451 -0.682622 0.47082 -0.558888 -0.135476 0.636841 -0.758999 -0.0163639 0.628828 -0.777372 0.0016714 0.71635 -0.697739 0.126639 0.613283 -0.779645 -0.0175587 0.415061 -0.909624 -0.0276229 0.729075 -0.683876 -0.149426 0.627605 -0.764058 0.333285 0.654698 -0.678448 0.165629 0.616536 -0.769708 0.674497 0.452586 -0.583283 0.364929 0.58444 -0.724746 0.295036 0.790024 -0.537416 0.335284 0.757905 -0.559611 0.372621 0.480377 -0.793972 0.0556943 0.668901 -0.741262 -0.0108913 0.694675 -0.719241 0.0178725 0.694757 -0.719022 0.159563 0.651409 -0.741759 -0.0849103 0.679859 -0.728411 -0.0667119 0.663245 -0.745423 -0.0953894 0.687116 -0.720259 -0.0170975 0.633743 -0.773355 -0.0171621 0.614904 -0.788415 -0.0953719 0.681452 -0.725622 0.0719661 0.6707 -0.738229 0.0702223 0.665526 -0.743064 0.109043 0.696357 -0.709364 0.00936676 0.719368 -0.694566 -0.0159682 0.719448 -0.694362 0.0917916 0.67923 -0.728162 -0.080779 0.684982 -0.724068 -0.182581 0.667686 -0.721706 0.247592 0.414721 -0.875617 0.163193 0.359467 -0.918777 -2.3671e-07 0.415129 -0.909762 -5.80634e-14 0.0871565 -0.996195 1.93936e-09 0.0871564 -0.996195 -0.236355 0.317599 -0.918296 0.0695596 0.575177 -0.815066 0.444992 0.511032 -0.73541 -5.23569e-07 0.694654 -0.719344 -0.265663 0.669872 -0.693321 -0.444998 0.511036 -0.735404 -0.687911 0.429408 -0.585139 -0.737428 0.667036 -0.106124 -0.706642 0.707112 0.0255025 -1 2.93855e-06 -4.17081e-06 -1 4.45738e-06 5.95906e-10 -0.706641 -0.707112 -0.0255079 -0.737427 -0.667037 0.106126 0.696832 0.447883 -0.560202 0.463906 0.527921 -0.7114 -1.29709e-06 0.719343 -0.694655 0.258512 0.695042 -0.670886 -0.463902 0.527915 -0.711408 -0.0969821 0.593878 -0.798688 0.236355 0.317599 -0.918296 -1.10635e-07 0.0871567 -0.996195 0.350929 0.729859 -0.586647 0.265207 0.815677 -0.514137 0.362163 0.597426 -0.715486 0.383684 0.383357 -0.840133 0.316781 0.511122 -0.799002 0.168001 0.383183 -0.908265 0.147759 0.639612 -0.754363 0.313698 0.682442 -0.660202 0.62966 0.495423 -0.598401 -0.689356 -0.718003 0.0962305 -1 -4.41592e-05 -0.000566856 -0.689201 0.718382 -0.0944977 -0.619616 0.476586 -0.623652 -0.32399 0.656434 -0.681267 -0.177976 0.619212 -0.764788 -0.999689 -0.0129014 0.021324 -0.670385 -0.718941 -0.183597 -0.0811942 0.568049 -0.81898 1.82809e-06 0.627732 -0.77843 -1.56407e-06 0.640936 -0.767594 -0.135419 0.64764 -0.749816 -0.706188 0.681908 0.190525 -1 0.000590939 -0.00075775 -0.999999 0.00101419 -0.00125801 -0.772745 0.605029 0.191846 -0.999926 -0.00770459 0.00940167 -0.669435 0.716054 0.197794 -0.705535 -0.683371 -0.18768 -0.772077 -0.606568 -0.189663 -0.670765 -0.713138 -0.203738 -0.669305 0.72157 0.177109 0.076872 0.571572 -0.816943 0.139235 0.645176 -0.75124 -1 -1.62385e-08 -4.42759e-07 -1 -1.19844e-07 -4.73443e-07 -0.706643 -0.70711 0.025514 -0.737428 -0.667038 -0.106112 0.696831 0.447876 0.560208 0.463903 0.527916 0.711406 6.17663e-08 0.71934 0.694658 0.25851 0.695047 0.670881 -0.463902 0.527917 0.711406 -0.0969917 0.593887 0.798681 0.236356 0.3176 0.918295 -1.31709e-08 0.0871564 0.996195 -2.02436e-06 0.0871566 0.996195 -8.32438e-07 0.415127 0.909764 -1.10711e-06 0.0871562 0.996195 -0.236355 0.317597 0.918297 0.0695634 0.575181 0.815063 0.445 0.511043 0.735398 -1.50911e-06 0.694664 0.719334 -0.265662 0.669873 0.693321 -0.444998 0.511038 0.735402 -0.687908 0.429404 0.585145 -0.737428 0.667038 0.106112 -0.706643 0.70711 -0.025515 -0.717759 -0.68628 -0.117652 -0.999992 -0.00089201 0.00394801 -0.717489 0.686961 0.115299 -0.6745 0.452588 0.583279 -0.333288 0.654691 0.678454 -0.16563 0.616534 0.76971 0.305807 0.711106 0.633096 0.213237 0.798197 0.563393 0.27617 0.604455 0.747237 0.293842 0.3968 0.869602 0.226451 0.572329 0.788137 0.0852588 0.456204 0.885782 0.135487 0.636838 0.759 0.323195 0.680654 0.657461 0.682623 0.470822 0.558885 -0.0125926 0.627682 0.778368 -0.012974 0.51761 0.855519 0.132993 0.631826 0.763616 0.0650041 0.674957 0.734988 0.0807768 0.684981 0.724069 0.182585 0.667687 0.721704 0.0159678 0.71945 0.694361 -0.00936748 0.719366 0.694568 -0.0917937 0.679231 0.728162 -0.109041 0.696356 0.709365 0.137871 0.492463 0.859344 0.154125 0.491078 0.857373 0.277623 0.59082 0.757534 0.276819 0.609067 0.743242 0.257078 0.76541 0.589965 0.24595 0.774982 0.582161 0.0849099 0.679859 0.72841 0.0667082 0.663242 0.745426 -0.0178732 0.694753 0.719026 0.0108909 0.694675 0.719241 -0.159567 0.651409 0.741758 -0.0556949 0.668901 0.741262 -0.0834662 0.686661 0.722171 -0.149672 0.644215 0.750057 -2.38805e-07 -0.415128 -0.909763 0.236355 -0.317599 -0.918296 1.53098e-07 -0.0871563 -0.996195 -7.60245e-14 -0.0871548 -0.996195 0.0969925 0.593885 0.798682 -0.258512 0.695046 0.670882 -6.17662e-07 0.71934 0.694658 0.463904 0.527916 0.711406 -0.696832 0.447878 0.560205 -0.463904 0.527916 0.711405 -0.737427 0.667039 0.106116 -1 4.83086e-06 1.19241e-06 -1 2.66312e-06 2.6603e-06 -0.706642 0.707111 -0.0255195 -0.737427 -0.667039 -0.106117 -0.706641 -0.707112 0.0255136 0.687908 0.429407 0.585143 0.26566 0.669873 0.693322 -2.30986e-06 0.694652 0.719346 0.444992 0.511034 0.735409 -0.0695508 0.575171 0.815071 -0.444994 0.511033 0.735409 -0.236357 -0.317597 -0.918296 -1.32763e-06 -0.0871514 -0.996195 -0.0115652 0.640894 0.767542 -0.000800318 0.724124 0.689669 0.129966 0.615405 0.777422 -0.0124416 0.415096 0.909692 -0.0176671 0.73306 0.679934 -0.146087 0.625538 0.766395 0.323991 0.656435 0.681265 0.177992 0.619202 0.764793 0.619617 0.47659 0.623648 -1 -4.45861e-05 0.000570237 -0.689355 -0.718006 -0.0962147 -0.6892 0.718384 0.094492 -0.313695 0.682448 0.660197 -0.62966 0.495424 0.5984 -0.147749 0.639619 0.754359 -0.99969 -0.012892 -0.021309 -0.670384 -0.718942 0.183598 0.0811943 -0.568049 -0.818979 0.135418 -0.64764 -0.749816 1.53654e-06 -0.640937 -0.767594 -1.96589e-06 -0.627732 -0.77843 -0.70619 0.681904 -0.190531 -0.772743 0.605033 -0.191841 -0.999999 0.00101109 0.00125577 -1 0.000589654 0.000756107 -0.999926 -0.00770262 -0.00939935 -0.669437 0.716051 -0.197801 -0.772078 -0.606568 0.189663 -0.70554 -0.683362 0.187695 -0.670768 -0.713131 0.203752 -0.669305 0.721568 -0.177117 -0.139236 -0.645177 -0.751239 -0.0768726 -0.571572 -0.816943 -1 3.99705e-07 1.79606e-06 -0.737428 -0.66704 0.106106 -0.706643 -0.70711 -0.025516 -1 -6.38377e-07 6.59261e-06 0.68791 0.429407 -0.585141 0.265661 0.669872 -0.693322 -6.15965e-08 0.694662 -0.719336 0.444998 0.511038 -0.735402 -0.069553 0.575175 -0.815068 -0.444996 0.511038 -0.735404 -0.236357 -0.317599 0.918295 -6.85652e-07 -0.415127 0.909763 1.20934e-12 -0.0871567 0.996195 -1.42246e-06 -0.0871551 0.996195 0.236355 -0.317597 0.918296 1.35856e-07 -0.0871578 0.996195 0.0969904 0.593885 -0.798682 -0.258512 0.695048 -0.67088 -2.03828e-06 0.719333 -0.694665 0.463899 0.527916 -0.711409 -0.696834 0.447881 -0.560201 -0.463902 0.527915 -0.711407 -0.737428 0.667039 -0.106107 -0.706642 0.707111 0.0255038 -0.999992 -0.000892545 -0.00394966 -0.717759 -0.68628 0.117651 -0.717487 0.686964 -0.115293 -0.323195 0.680657 -0.657458 -0.682619 0.470816 -0.558895 -0.135479 0.636839 -0.759 -0.0163609 0.628829 -0.777371 0.00169009 0.71636 -0.697729 0.12665 0.613291 -0.779637 -0.0175645 0.415063 -0.909623 -0.0276508 0.72909 -0.683859 -0.149458 0.627625 -0.764035 0.333286 0.654695 -0.67845 0.165638 0.616533 -0.769709 0.674499 0.452587 -0.58328 0.364929 0.58444 -0.724746 0.29504 0.790025 -0.537412 0.335286 0.757905 -0.55961 0.372622 0.480375 -0.793972 0.0556961 0.668902 -0.741261 -0.0108913 0.694674 -0.719242 0.0178726 0.694755 -0.719024 0.159565 0.651408 -0.741759 -0.0849089 0.679859 -0.728411 -0.0667115 0.663243 -0.745425 -0.0953887 0.687116 -0.720259 -0.0170974 0.633743 -0.773354 -0.017162 0.614904 -0.788415 -0.0953724 0.681451 -0.725623 0.071966 0.6707 -0.738229 0.0702224 0.665526 -0.743064 0.109041 0.696356 -0.709365 0.00936671 0.719367 -0.694567 -0.0159679 0.719449 -0.694362 0.0917942 0.679231 -0.728161 -0.0807783 0.684982 -0.724068 -0.182577 0.667683 -0.721709 0.247589 0.414723 -0.875617 0.163195 0.359465 -0.918778 -2.05289e-07 0.415129 -0.909763 -3.17911e-13 0.0871564 -0.996195 -1.65142e-07 0.0871563 -0.996195 -0.236355 0.317598 -0.918296 0.0695563 0.575175 -0.815068 0.444996 0.511036 -0.735405 -1.23193e-07 0.694664 -0.719334 -0.265661 0.669875 -0.693319 -0.444998 0.511039 -0.735402 -0.687908 0.429402 -0.585147 -0.737428 0.667036 -0.106124 -0.706641 0.707112 0.0255023 -1 2.98512e-06 -4.04978e-06 -1 4.462e-06 -5.30357e-08 -0.70664 -0.707113 -0.0255077 -0.737427 -0.667037 0.106126 0.696831 0.447881 -0.560205 0.4639 0.527918 -0.711406 -1.6368e-06 0.719332 -0.694667 0.25851 0.69505 -0.670879 -0.463892 0.527906 -0.711421 -0.0969895 0.593884 -0.798683 0.236355 0.317599 -0.918296 5.00494e-08 0.0871565 -0.996195 0.350924 0.729858 -0.586652 0.265206 0.815676 -0.514138 0.362139 0.597432 -0.715494 0.383656 0.383362 -0.840144 0.316757 0.511143 -0.798998 0.167977 0.383206 -0.90826 0.147744 0.639622 -0.754357 0.313691 0.682459 -0.660187 0.629661 0.495425 -0.598399 -0.689356 -0.718003 0.0962304 -1 -4.45488e-05 -0.000566765 -0.689201 0.718382 -0.0944975 -0.619615 0.476585 -0.623653 -0.323992 0.65643 -0.68127 -0.177984 0.619206 -0.764791 -0.99969 -0.0128917 0.021307 -0.670384 -0.718942 -0.183598 -0.0811944 0.568049 -0.81898 1.83321e-06 0.627731 -0.77843 -1.50158e-06 0.640936 -0.767594 -0.135418 0.64764 -0.749816 -0.706192 0.681901 0.190535 -1 0.000588367 -0.000755719 -0.999999 0.00101154 -0.0012564 -0.772745 0.605028 0.191848 -0.999926 -0.00770569 0.00940157 -0.669436 0.716054 0.197794 -0.705539 -0.683363 -0.187694 -0.772079 -0.606564 -0.189667 -0.670765 -0.713137 -0.203737 -0.669306 0.721567 0.177118 0.076872 0.571572 -0.816943 0.139236 0.645176 -0.75124 -1 3.81976e-07 -1.99569e-06 -1 -4.21531e-07 -3.41734e-06 -0.706643 -0.707111 0.0255103 -0.737428 -0.667038 -0.106113 0.696831 0.447876 0.560209 0.463906 0.527918 0.711403 -1.23533e-07 0.719343 0.694656 0.258511 0.695044 0.670884 -0.463905 0.527919 0.711403 -0.0969869 0.593883 0.798684 0.236357 0.317597 0.918296 3.15575e-06 0.0871518 0.996195 -2.02436e-06 0.0871549 0.996195 -6.60677e-07 0.415126 0.909764 8.68529e-07 0.0871568 0.996195 -0.236354 0.317598 0.918296 0.0695508 0.575171 0.815071 0.444999 0.511041 0.7354 -1.44752e-06 0.694664 0.719334 -0.265662 0.669872 0.693322 -0.445002 0.511041 0.735398 -0.687908 0.429403 0.585146 -0.737429 0.667037 0.106115 -0.706642 0.707111 -0.0255048 -0.717758 -0.68628 -0.117652 -0.999992 -0.000891794 0.0039471 -0.717489 0.686961 0.1153 -0.674497 0.452584 0.583285 -0.333287 0.654694 0.678451 -0.165639 0.616528 0.769713 0.305822 0.711112 0.633082 0.213255 0.798202 0.56338 0.276198 0.60445 0.747231 0.293866 0.396796 0.869595 0.226453 0.572327 0.788137 0.085254 0.456208 0.88578 0.135497 0.636831 0.759004 0.323198 0.680647 0.657466 0.682621 0.47082 0.558888 -0.012593 0.627682 0.778368 -0.0129745 0.517611 0.855518 0.132992 0.631826 0.763616 0.0650042 0.674957 0.734988 0.0807754 0.684981 0.72407 0.182583 0.667687 0.721705 0.0159677 0.71945 0.69436 -0.00936744 0.719365 0.694569 -0.0917951 0.679231 0.728161 -0.109039 0.696355 0.709366 0.137875 0.49246 0.859345 0.154125 0.491078 0.857373 0.277622 0.59082 0.757534 0.276821 0.609068 0.743241 0.257079 0.76541 0.589965 0.24595 0.774982 0.582161 0.0849105 0.679861 0.728409 0.0667126 0.663244 0.745424 -0.0178727 0.694757 0.719022 0.0108905 0.694677 0.719239 -0.159568 0.651411 0.741756 -0.0556961 0.668902 0.741261 -0.0834669 0.686661 0.72217 -0.149672 0.644216 0.750056 -1.50825e-07 -0.415128 -0.909763 0.236353 -0.3176 -0.918296 -2.25996e-08 -0.0871565 -0.996195 -8.03044e-13 -0.0871556 -0.996195 0.0970027 0.593892 0.798676 -0.258512 0.695046 0.670882 -2.16182e-07 0.719336 0.694662 0.4639 0.527913 0.71141 -0.696832 0.447878 0.560206 -0.4639 0.527914 0.71141 -0.737427 0.66704 0.106111 -1 5.36673e-06 -9.40936e-07 -1 2.08867e-06 -3.36631e-06 -0.706641 0.707112 -0.0255076 -0.737427 -0.667039 -0.106117 -0.706641 -0.707112 0.0255119 0.68791 0.429412 0.585137 0.265663 0.669862 0.693331 -2.27907e-06 0.694658 0.71934 0.444997 0.511041 0.735401 -0.0695493 0.575171 0.815071 -0.444992 0.511032 0.735411 -0.236357 -0.317598 -0.918296 -2.92394e-07 -0.087154 -0.996195 -0.011553 0.640893 0.767543 -0.000811198 0.724118 0.689676 0.129961 0.615402 0.777426 -0.0124289 0.415096 0.909693 -0.0176677 0.73306 0.679934 -0.146091 0.625541 0.766392 0.323995 0.656422 0.681276 0.177976 0.619213 0.764788 0.619614 0.476585 0.623655 -1 -4.48996e-05 0.000574485 -0.689355 -0.718005 -0.0962215 -0.689199 0.718385 0.0944869 -0.313695 0.682448 0.660197 -0.629658 0.495422 0.598405 -0.147735 0.639627 0.754355 -0.99969 -0.0128879 -0.0213021 -0.670384 -0.718942 0.183597 0.0811946 -0.568049 -0.81898 0.135418 -0.64764 -0.749817 1.58071e-06 -0.640936 -0.767594 -6.55981e-07 -0.627731 -0.77843 -0.706194 0.681897 -0.190544 -0.772749 0.60502 -0.19186 -0.999999 0.00101284 0.00125757 -0.999999 0.000590642 0.000757317 -0.999926 -0.00769892 -0.00939486 -0.669437 0.71605 -0.197802 -0.772082 -0.606557 0.189678 -0.705542 -0.683358 0.187703 -0.670768 -0.713132 0.203749 -0.669306 0.721567 -0.177118 -0.139236 -0.645177 -0.751239 -0.0768709 -0.571573 -0.816943 3.99784e-07 -0.334256 -0.942482 0 6.12323e-17 -1 3.06162e-17 3.06162e-17 -1 -0.06818 -0.391973 -0.917447 0.391964 0.0681911 0.91745 -3.06162e-17 -3.06162e-17 1 0 0 1 0.334256 1.27507e-06 0.942482 3.06162e-17 -3.0616e-17 1 0.391969 -0.0681859 0.917448 0.0681796 -0.391975 0.917446 3.06162e-17 -3.0616e-17 1 1.39579e-22 -6.12323e-17 1 -1.11282e-05 -0.334255 0.942483 -3.06162e-17 -3.0616e-17 1 -0.068185 -0.391969 0.917448 0.391975 0.0681746 -0.917446 3.06162e-17 3.0616e-17 -1 -1.54668e-22 3.90679e-28 -1 0.334257 -9.98959e-07 -0.942482 -3.06162e-17 3.06162e-17 -1 0.391969 -0.0681842 -0.917448 0.0681871 -0.391967 -0.917449 -3.06162e-17 3.06162e-17 -1 -0.0745852 -0.461854 -0.883814 1.39522e-06 -0.394396 -0.918941 0.0745965 -0.461845 -0.883818 0.461849 -0.0745921 -0.883817 0.394397 3.46041e-07 -0.91894 0.461851 0.0745888 -0.883816 -0.0745828 -0.461854 0.883815 -1.12437e-05 -0.394395 0.918941 0.0745866 -0.461855 0.883814 0.461848 -0.0745944 0.883817 0.394395 -2.22855e-07 0.918941 0.461842 0.0745999 0.883819 0.0745917 0.461848 -0.883817 -4.01948e-07 0.394395 -0.918941 -0.394395 2.25304e-07 0.918941 -0.461842 -0.0745998 0.88382 -0.461847 0.0745946 0.883817 9.7138e-06 0.394393 0.918942 -0.0745869 0.461854 0.883814 0.0745812 0.461853 0.883815 -0.394395 -3.41502e-07 -0.918941 -0.461849 -0.0745883 -0.883817 -0.461847 0.0745921 -0.883817 -0.074596 0.461844 -0.883819 -5.58792e-07 0.334256 -0.942482 0.0681833 0.391969 -0.917448 -8.28535e-07 -3.49778e-08 -1 2.18811e-14 -1.77584e-07 -1 -0.391962 -0.0681912 0.91745 -0.334255 -1.27961e-06 0.942483 4.33012e-07 4.39554e-14 1 1.10984e-06 -2.46325e-07 1 -0.391968 0.0681859 0.917448 3.06162e-17 -3.0616e-17 1 -0.0681797 0.391975 0.917446 1.00184e-05 0.334254 0.942483 1.38321e-22 -6.12323e-17 1 3.06162e-17 -3.0616e-17 1 0.0681834 0.391968 0.917449 -3.06162e-17 -3.0616e-17 1 -0.391974 -0.0681745 -0.917447 -0.334256 9.96203e-07 -0.942482 -1.19459e-22 2.33054e-28 -1 3.06162e-17 3.0616e-17 -1 -0.391969 0.0681841 -0.917448 -3.06162e-17 3.06162e-17 -1 -0.0681869 0.391966 -0.917449 -3.06162e-17 3.06162e-17 -1 -0.942482 -0.334256 5.05701e-07 -1 0 0 -1 0 0 -0.91745 -0.391962 0.0681931 0.917447 0.0681804 -0.391973 1 0 0 1 0 0 0.942483 -1.09351e-06 -0.334256 1 0 0 0.917449 -0.0681884 -0.391966 -0.917447 0.391972 0.068184 -1 0 0 -1 0 0 -0.942483 0.334255 -1.23568e-05 -1 0 0 -0.91745 0.391965 -0.0681897 -0.917447 0.0681764 -0.391973 -1 0 0 -1 0 0 -0.942482 -5.1664e-07 -0.334257 -1 0 0 -0.917447 -0.0681799 -0.391973 -0.917448 -0.391969 -0.0681854 -1 0 0 -0.883821 -0.461837 0.0746063 -0.918941 -0.394396 1.56731e-06 -0.883817 -0.461848 -0.0745923 -0.883814 -0.0745869 -0.461854 -0.918941 1.45321e-06 -0.394396 -0.883817 0.0745933 -0.461848 -0.883816 0.46185 -0.0745863 -0.918942 0.394394 -1.26973e-05 -0.883814 0.461854 0.0745877 0.883819 -0.0746017 -0.461843 0.918941 -7.68962e-07 -0.394395 0.883816 0.074591 -0.46185 -0.883822 0.461836 -0.0746062 -0.918941 0.394395 -1.56731e-06 0.918942 7.7386e-07 0.394393 0.883816 -0.0745908 0.461849 0.883819 0.0746014 0.461842 -0.918942 -0.394393 1.27314e-05 -0.883815 -0.461852 -0.0745876 -0.883817 -0.461848 0.074586 -0.918941 -1.44831e-06 0.394395 -0.883818 -0.074593 0.461847 -0.883815 0.0745867 0.461853 -0.883817 0.461847 0.0745919 -0.942482 0.334256 -5.01394e-07 -0.917451 0.391961 -0.068193 -1 0 0 -1 0 0 0.917447 -0.0681802 0.391972 0.942483 1.09784e-06 0.334255 1 0 0 1 0 0 0.917449 0.0681882 0.391966 1 0 0 -0.917448 -0.391971 -0.0681837 -0.942483 -0.334254 1.23986e-05 -1 0 0 -1 0 0 -0.91745 -0.391964 0.0681895 -1 0 0 -0.917448 -0.0681761 0.391972 -0.942482 5.12332e-07 0.334256 -1 0 0 -1 0 0 -0.917447 0.0681797 0.391972 -1 0 0 -0.917449 0.391968 0.0681854 -1 0 0 -1.66139e-06 -4.03429e-07 -1 -0.106116 0.667037 -0.737428 0.0255043 0.707111 -0.706642 -6.88748e-06 6.23397e-07 -1 -0.585145 0.429405 -0.687908 -0.693324 0.66987 -0.265659 -0.71934 0.694658 -1.97109e-06 -0.735404 0.511037 -0.444998 -0.815068 0.575175 0.0695536 -0.735403 0.511038 0.444997 0.918296 -0.3176 0.236355 0.909764 -0.415126 8.38834e-07 0.996195 -0.0871567 -2.62567e-12 0.996195 -0.0871567 -2.09681e-06 0.918297 -0.317594 -0.236357 0.996195 -0.0871565 -1.40446e-06 -0.798685 0.593881 -0.096986 -0.670894 0.695032 0.258518 -0.694659 0.719339 3.27361e-06 -0.71139 0.52793 -0.463913 -0.560216 0.44787 0.696829 -0.711412 0.527912 0.463899 0.106116 -0.667037 -0.737429 -0.0254932 -0.707112 -0.706642 0.00395222 0.000892874 -0.999992 -0.117663 0.68628 -0.717757 0.115303 -0.686962 -0.717487 -0.65747 0.680643 0.323199 -0.558884 0.470826 0.682621 -0.759007 0.636827 0.135494 -0.777372 0.628829 0.0163624 -0.697725 0.716364 -0.00169974 -0.779633 0.613295 -0.126656 -0.909624 0.415062 0.0175647 -0.683864 0.729086 0.0276431 -0.764041 0.627619 0.149449 -0.67845 0.654696 -0.333286 -0.76971 0.616532 -0.165638 -0.583282 0.45259 -0.674496 -0.724747 0.584439 -0.364929 -0.537411 0.790026 -0.295041 -0.559606 0.757907 -0.335288 -0.793973 0.480375 -0.372621 -0.741262 0.668901 -0.0556953 -0.719241 0.694675 0.0108919 -0.719023 0.694756 -0.0178717 -0.741758 0.65141 -0.159564 -0.72841 0.679859 0.0849133 -0.745425 0.663243 0.0667123 -0.720262 0.687113 0.0953881 -0.773356 0.633741 0.0170947 -0.788415 0.614905 0.0171592 -0.725625 0.681449 0.0953705 -0.738228 0.670701 -0.0719688 -0.743063 0.665527 -0.0702247 -0.709368 0.696353 -0.109039 -0.694568 0.719366 -0.00936705 -0.694359 0.719452 0.0159675 -0.728162 0.67923 -0.0917937 -0.724068 0.684982 0.0807794 -0.721701 0.667691 0.182586 -0.875616 0.414726 -0.247587 -0.918775 0.359475 -0.163187 0.909761 -0.415132 -9.63606e-08 0.996195 -0.0871561 -2.757e-07 0.996195 -0.0871574 1.11953e-06 0.918295 -0.317601 -0.236355 -0.815068 0.575176 -0.0695538 -0.735405 0.511037 -0.444996 -0.719339 0.694659 -3.07982e-07 -0.693325 0.669869 0.265662 -0.735405 0.511036 0.444997 -0.585144 0.429403 0.687909 -0.106111 0.667038 0.737428 0.0255211 0.707111 0.706642 -2.02192e-06 1.62575e-06 1 6.98999e-07 3.88472e-06 1 -0.0255168 -0.707112 0.706641 0.106114 -0.66704 0.737426 -0.560204 0.447882 -0.696831 -0.711408 0.527914 -0.463902 -0.694657 0.719341 1.51327e-06 -0.670876 0.695053 -0.258508 -0.711405 0.527917 0.463904 -0.798682 0.593886 0.0969877 0.918295 -0.317602 0.236356 0.996195 -0.0871579 -2.21655e-06 -0.586646 0.729861 -0.350928 -0.514131 0.815679 -0.265212 -0.715492 0.597437 -0.362133 -0.840141 0.383363 -0.383661 -0.799002 0.511115 -0.316792 -0.908269 0.383162 -0.168028 -0.754361 0.639614 -0.147761 -0.660193 0.682453 -0.313692 -0.598405 0.495421 -0.629658 0.0962119 -0.718005 0.689356 -0.000564113 -4.55303e-05 1 -0.0944856 0.718383 0.689201 -0.623647 0.47659 0.619619 -0.681272 0.656428 0.32399 -0.76479 0.619207 0.177986 -0.0213183 0.0128977 -0.99969 0.183585 0.718946 -0.670383 0.81898 -0.568048 -0.0811954 0.778431 -0.62773 -1.33893e-06 0.767591 -0.64094 -5.00184e-07 0.749813 -0.647644 -0.135415 0.190533 0.681902 0.706192 -0.000754304 0.000588333 1 -0.00125294 0.00100906 0.999999 0.191834 0.605038 0.772741 0.00940729 -0.00770914 0.999926 0.197803 0.716049 0.669438 -0.187703 -0.683358 0.705542 -0.18966 -0.60657 0.772076 -0.203752 -0.713131 0.670768 -0.177102 -0.721572 -0.669305 0.816941 -0.571575 0.076867 0.751238 -0.645178 0.139237 -6.5371e-07 1.86221e-06 -1 -0.106113 0.667038 -0.737428 0.0255139 0.707111 -0.706642 -8.29416e-07 2.37463e-06 -1 -0.585144 0.429405 -0.687909 -0.69332 0.669875 -0.26566 -0.71934 0.694658 3.07982e-08 -0.735403 0.511038 -0.444997 -0.815065 0.575178 0.0695596 -0.735404 0.511038 0.444996 0.918296 -0.317598 0.236356 0.909764 -0.415125 1.44696e-06 0.996195 -0.0871567 1.71201e-12 0.996195 -0.0871564 1.36978e-07 0.918297 -0.317596 -0.236356 0.996195 -0.0871567 -1.25066e-06 -0.798691 0.593875 -0.0969779 -0.67088 0.695048 0.258512 -0.694666 0.719332 1.97652e-06 -0.711414 0.527912 -0.463895 -0.560198 0.447882 0.696836 -0.711401 0.527919 0.463908 0.106112 -0.667037 -0.737429 -0.0255156 -0.70711 -0.706643 0.00394756 0.000892818 -0.999992 -0.117651 0.686281 -0.717758 0.1153 -0.686962 -0.717488 -0.657455 0.680661 0.323193 -0.558887 0.470821 0.682622 -0.759004 0.636832 0.135488 -0.777373 0.628828 0.0163655 -0.697724 0.716364 -0.0016993 -0.779634 0.613293 -0.126655 -0.909624 0.415061 0.0175689 -0.683865 0.729085 0.0276426 -0.764043 0.627618 0.149446 -0.678446 0.6547 -0.333284 -0.769709 0.616533 -0.165634 -0.583273 0.452593 -0.674501 -0.724746 0.584438 -0.364933 -0.537412 0.790025 -0.295039 -0.559607 0.757907 -0.335287 -0.793971 0.480376 -0.372624 -0.741262 0.668901 -0.0556951 -0.719241 0.694675 0.010892 -0.719026 0.694753 -0.0178728 -0.741757 0.65141 -0.159565 -0.72841 0.679859 0.0849132 -0.745426 0.663242 0.0667085 -0.72026 0.687115 0.0953903 -0.773357 0.633741 0.0170972 -0.788415 0.614904 0.0171618 -0.725622 0.681452 0.0953716 -0.738229 0.6707 -0.0719671 -0.743063 0.665526 -0.0702222 -0.709366 0.696355 -0.10904 -0.694569 0.719365 -0.00936709 -0.694358 0.719453 0.0159679 -0.72816 0.679233 -0.0917954 -0.724069 0.684981 0.0807772 -0.721702 0.667689 0.182585 -0.875618 0.414718 -0.247594 -0.918777 0.359466 -0.163193 0.909761 -0.415132 -1.04736e-07 0.996194 -0.0871627 -2.75698e-07 0.996194 -0.0871617 8.08465e-07 0.918295 -0.3176 -0.236356 -0.815062 0.575182 -0.0695652 -0.735395 0.511045 -0.445002 -0.71934 0.694658 -3.07982e-07 -0.693331 0.669862 0.265663 -0.735415 0.511028 0.444988 -0.585145 0.429403 0.687909 -0.106116 0.667037 0.737429 0.025504 0.707112 0.706641 2.46214e-06 1.23404e-06 1 6.2749e-07 3.86207e-06 1 -0.0255094 -0.707112 0.706641 0.106115 -0.66704 0.737426 -0.5602 0.447885 -0.696832 -0.711406 0.527916 -0.463904 -0.694662 0.719336 1.51327e-06 -0.670877 0.695052 -0.258508 -0.711414 0.527911 0.463896 -0.798681 0.593887 0.0969921 0.918294 -0.317604 0.236353 0.996194 -0.0871589 1.38437e-06 -0.586662 0.729854 -0.350914 -0.514152 0.815673 -0.26519 -0.715494 0.597431 -0.362138 -0.840141 0.383363 -0.383662 -0.799001 0.511127 -0.316776 -0.908265 0.383184 -0.168004 -0.754358 0.639622 -0.147746 -0.660191 0.682456 -0.313691 -0.598399 0.495425 -0.629661 0.0962117 -0.718005 0.689356 -0.000571647 -4.60817e-05 1 -0.0944893 0.718382 0.689202 -0.623628 0.476604 0.619626 -0.681277 0.656423 0.323992 -0.76479 0.619208 0.17798 -0.0213101 0.0128929 -0.99969 0.183599 0.718941 -0.670385 0.19304 0.684886 -0.702615 -0.00107973 0.000870003 -0.999999 -0.00188054 0.00157007 -0.999997 0.192618 0.601858 -0.775026 0.190524 0.681908 0.706188 -0.00075772 0.000591077 1 -0.00125807 0.00101423 0.999999 0.191846 0.60503 0.772745 0.00940137 -0.00770425 0.999926 0.197801 0.716051 0.669436 -0.187678 -0.683372 0.705535 -0.189662 -0.606568 0.772077 -0.203754 -0.71313 0.670768 -0.177118 -0.721567 -0.669306 -0.188819 -0.687099 -0.7016 -0.189463 -0.604139 -0.774029 -4.21306e-06 1.73111e-06 -1 -2.99729e-06 9.15666e-07 -1 -0.0255204 0.70711 -0.706642 0.106116 0.667037 -0.737429 0.560213 0.447872 -0.69683 0.711418 0.527908 -0.463894 0.694668 0.71933 0 0.670878 0.695051 -0.258509 0.71141 0.527914 0.463899 0.798675 0.593893 0.0970027 0.918296 0.317598 -0.236355 0.996195 0.0871565 1.52783e-07 0.996195 0.0871566 2.02436e-06 0.909764 0.415125 1.74693e-07 0.996195 0.0871564 9.80017e-07 0.918297 0.317597 0.236355 0.815074 0.575168 -0.0695464 0.735413 0.511031 -0.444988 0.719336 0.694662 2.30987e-06 0.693322 0.669871 0.265663 0.735399 0.511039 0.445003 0.585148 0.429401 0.687908 -0.106109 -0.667039 -0.737428 0.0255259 -0.707109 -0.706644 0.117665 0.686277 -0.71776 -0.00395232 0.000892782 -0.999992 -0.115305 -0.68696 -0.717489 0.583282 0.452586 0.674498 0.678451 0.654693 0.333287 0.769713 0.616527 0.16564 0.633086 0.71111 -0.305818 0.563384 0.7982 -0.21325 0.747232 0.604449 -0.2762 0.869597 0.396795 -0.293863 0.788136 0.572333 -0.226443 0.885776 0.456219 -0.0852392 0.758995 0.636847 -0.13547 0.657453 0.680664 -0.323191 0.558882 0.470825 -0.682623 0.778368 0.627682 0.0125933 0.855516 0.517613 0.0129751 0.763616 0.631826 -0.132991 0.734988 0.674957 -0.0650038 0.724068 0.684982 -0.0807773 0.721705 0.667686 -0.182581 0.694362 0.719448 -0.0159679 0.694567 0.719367 0.00936735 0.728163 0.67923 0.0917916 0.709364 0.696357 0.109042 0.859347 0.492455 -0.137879 0.857372 0.49108 -0.154124 0.757534 0.590821 -0.277622 0.743241 0.609066 -0.276823 0.589967 0.765409 -0.257076 0.582162 0.774982 -0.245949 0.728412 0.679858 -0.0849079 0.745424 0.663244 -0.0667106 0.719023 0.694757 0.0178728 0.719241 0.694675 -0.0108909 0.741755 0.651412 0.159568 0.741261 0.668902 0.0556962 0.72217 0.686661 0.083467 0.750056 0.644217 0.149672 0.909763 0.415128 2.27673e-07 0.918296 0.317598 0.236356 0.996195 0.087156 1.12688e-06 0.996195 0.0871549 -1.41562e-13 0.798679 0.593888 -0.0969983 0.670882 0.695046 0.258512 0.69465 0.719348 6.17663e-07 0.711417 0.527909 -0.463895 0.560207 0.447876 0.696832 0.711402 0.527918 0.463906 0.106133 0.667034 0.737429 -1.98437e-07 5.35898e-06 1 8.16838e-06 3.26723e-06 1 -0.0255027 0.707112 0.706642 -0.106132 -0.667035 0.737428 0.025502 -0.707112 0.706641 0.585138 0.429411 -0.687909 0.693325 0.669869 -0.265661 0.719341 0.694658 2.15587e-06 0.735402 0.51104 -0.444998 0.815073 0.575169 0.0695472 0.735409 0.511032 0.444993 0.918296 0.317597 -0.236357 0.996195 0.0871516 -1.6569e-06 0.767543 0.640894 0.0115392 0.689672 0.724122 0.000804197 0.777421 0.615406 -0.129968 0.909693 0.415096 0.0124148 0.679938 0.733057 0.01766 0.766396 0.625537 0.146086 0.681271 0.656428 -0.323994 0.764792 0.619203 -0.177991 0.623656 0.476584 -0.619613 0.000567523 -4.43208e-05 1 -0.0962275 -0.718003 0.689356 0.0944994 0.718382 0.6892 0.660204 0.68244 0.313698 0.598397 0.495427 0.629661 0.754358 0.639621 0.147745 0.0213086 0.0128921 -0.99969 -0.183584 0.718946 -0.670383 -0.818979 -0.56805 -0.081194 -0.749816 -0.64764 -0.135418 -0.767594 -0.640936 -1.54397e-06 -0.77843 -0.627732 1.835e-06 -0.19053 0.681904 0.70619 -0.191857 0.605021 0.772749 0.00125965 0.00101526 0.999999 0.000758874 0.000591811 1 -0.00939339 -0.00769783 0.999926 -0.197812 0.716046 0.669439 0.18967 -0.606562 0.77208 0.187679 -0.68337 0.705536 0.203747 -0.713132 0.670767 0.177104 -0.721572 -0.669304 -0.751239 -0.645177 0.139236 -0.816943 -0.571572 0.0768723 -6.91848e-07 1.85908e-06 -1 -0.106113 0.667038 -0.737428 0.0255144 0.707111 -0.706642 -7.80766e-07 2.37389e-06 -1 -0.585145 0.429404 -0.687908 -0.693324 0.669871 -0.265661 -0.719341 0.694657 3.07982e-08 -0.73541 0.511033 -0.444992 -0.815065 0.575178 0.0695595 -0.7354 0.511041 0.444998 0.918296 -0.317598 0.236356 0.909764 -0.415125 1.46725e-06 0.996195 -0.0871567 1.73442e-12 0.996195 -0.0871563 1.63319e-07 0.918297 -0.317597 -0.236355 0.996195 -0.0871571 -8.45395e-07 -0.798684 0.593883 -0.0969888 -0.67088 0.695048 0.258512 -0.694666 0.719333 1.97652e-06 -0.711421 0.527908 -0.46389 -0.560203 0.447878 0.696835 -0.711408 0.527915 0.463902 0.106113 -0.667037 -0.737429 -0.025516 -0.70711 -0.706643 0.00394012 0.000891154 -0.999992 -0.117648 0.686282 -0.717758 0.1153 -0.686962 -0.717488 -0.657457 0.680658 0.323195 -0.558866 0.470836 0.682629 -0.759 0.636839 0.135478 -0.777372 0.628827 0.0163753 -0.697726 0.716362 -0.00169536 -0.779637 0.613291 -0.126651 -0.909624 0.415061 0.017574 -0.683874 0.729077 0.0276266 -0.764057 0.627605 0.149426 -0.678448 0.654698 -0.333285 -0.769708 0.616537 -0.165629 -0.583283 0.452586 -0.674497 -0.724745 0.584439 -0.364931 -0.537413 0.790025 -0.295038 -0.559606 0.757907 -0.335288 -0.793972 0.480377 -0.372622 -0.741262 0.668901 -0.0556938 -0.719241 0.694675 0.0108918 -0.719022 0.694757 -0.0178725 -0.741759 0.651409 -0.159563 -0.72841 0.679859 0.0849109 -0.745423 0.663245 0.0667119 -0.720259 0.687115 0.0953893 -0.773355 0.633743 0.0170973 -0.788415 0.614904 0.0171619 -0.725622 0.681452 0.0953715 -0.738229 0.6707 -0.0719659 -0.743064 0.665526 -0.0702222 -0.709363 0.696358 -0.109043 -0.694568 0.719366 -0.00936686 -0.69436 0.719451 0.015968 -0.728161 0.679232 -0.0917939 -0.724069 0.684981 0.0807773 -0.721699 0.667692 0.182589 -0.875617 0.414721 -0.247591 -0.918776 0.359473 -0.163187 0.909763 -0.415129 -1.06834e-07 0.996195 -0.0871561 -2.75702e-07 0.996195 -0.0871563 -5.26835e-09 0.918296 -0.317599 -0.236355 -0.815066 0.575177 -0.0695601 -0.735411 0.511031 -0.444991 -0.719344 0.694654 4.92771e-07 -0.693323 0.669871 0.265661 -0.735404 0.511037 0.444998 -0.585141 0.429407 0.68791 -0.106118 0.667038 0.737428 0.0255107 0.707112 0.706642 -7.95004e-07 2.65718e-06 1 2.81506e-06 5.76525e-06 1 -0.0255102 -0.707112 0.706641 0.106117 -0.66704 0.737426 -0.560209 0.447878 -0.696829 -0.711406 0.527917 -0.463902 -0.694662 0.719336 1.51327e-06 -0.670886 0.695043 -0.258512 -0.711413 0.52791 0.463898 -0.798688 0.593879 0.0969816 0.918296 -0.3176 0.236355 0.996195 -0.0871567 -1.09175e-06 -0.586647 0.729859 -0.350929 -0.514132 0.815678 -0.265214 -0.715492 0.597432 -0.36214 -0.840143 0.383361 -0.383658 -0.798997 0.511144 -0.316757 -0.90826 0.383207 -0.167977 -0.754363 0.639612 -0.147762 -0.660199 0.682446 -0.313696 -0.598396 0.495428 -0.629661 0.0962125 -0.718007 0.689354 -0.000563612 -4.44348e-05 1 -0.0944872 0.718385 0.689199 -0.623654 0.476586 0.619614 -0.681269 0.656433 0.323989 -0.764789 0.619212 0.177975 -0.0213245 0.0129015 -0.999689 0.18361 0.718936 -0.670387 -0.19305 -0.68488 0.702618 0.00107842 -0.000868867 0.999999 0.00187809 -0.00156808 0.999997 -0.192616 -0.60186 0.775025 0.190528 0.681906 0.706189 -0.000755502 0.000589357 1 -0.00125445 0.00101132 0.999999 0.191835 0.605037 0.772741 0.00940399 -0.00770642 0.999926 0.197807 0.716048 0.669438 -0.187693 -0.683364 0.705539 -0.189658 -0.606571 0.772076 -0.203753 -0.71313 0.670768 -0.177122 -0.721565 -0.669307 0.188835 0.68709 0.701604 0.189465 0.604138 0.774029 1.41289e-06 -3.64993e-07 -1 2.97237e-06 2.60231e-07 -1 -0.0255106 0.707111 -0.706643 0.106112 0.667038 -0.737428 0.560207 0.447877 -0.696832 0.711406 0.527916 -0.463903 0.694658 0.71934 0 0.670881 0.695048 -0.25851 0.711406 0.527917 0.463902 0.798681 0.593887 0.0969925 0.918296 0.317599 -0.236356 0.996195 0.0871563 -1.58051e-08 0.996195 0.0871566 2.02436e-06 0.909764 0.415127 8.36627e-07 0.996195 0.0871562 1.10194e-06 0.918297 0.317597 0.236355 0.815061 0.575184 -0.0695681 0.735416 0.511029 -0.444985 0.719342 0.694656 1.50911e-06 0.693322 0.669871 0.265662 0.735405 0.511036 0.444996 0.585137 0.42941 0.687911 -0.106115 -0.667037 -0.737429 0.0255041 -0.707111 -0.706642 0.117653 0.68628 -0.717759 -0.00395112 0.000892512 -0.999992 -0.115299 -0.686961 -0.717489 0.583287 0.452582 0.674497 0.678455 0.654689 0.333289 0.769706 0.616541 0.165619 0.633105 0.711102 -0.305797 0.563406 0.798192 -0.21322 0.747238 0.604456 -0.276169 0.8696 0.396799 -0.293848 0.788142 0.572315 -0.226469 0.885789 0.456185 -0.0852814 0.759 0.636838 -0.135486 0.65746 0.680655 -0.323194 0.558884 0.470823 -0.682624 0.778368 0.627682 0.0125928 0.855518 0.51761 0.0129743 0.763616 0.631825 -0.132992 0.734988 0.674957 -0.0650043 0.724069 0.684982 -0.0807768 0.721704 0.667687 -0.182585 0.694361 0.71945 -0.0159678 0.694568 0.719366 0.00936743 0.728162 0.679231 0.0917935 0.709365 0.696356 0.109041 0.859344 0.492462 -0.137871 0.857373 0.491078 -0.154125 0.757534 0.59082 -0.277622 0.743242 0.609067 -0.276819 0.589967 0.765409 -0.257076 0.58216 0.774983 -0.245951 0.728411 0.679858 -0.0849081 0.745426 0.663242 -0.0667084 0.719026 0.694753 0.0178731 0.719243 0.694674 -0.010891 0.741765 0.651403 0.159559 0.741262 0.668901 0.0556951 0.72217 0.686661 0.0834667 0.750057 0.644215 0.149672 0.909763 0.415128 2.27669e-07 0.918296 0.317598 0.236356 0.996195 0.087156 1.131e-06 0.996195 0.0871549 -1.61757e-13 0.798682 0.593885 -0.0969936 0.670882 0.695046 0.258512 0.694659 0.71934 6.17663e-07 0.711406 0.527916 -0.463903 0.560206 0.447877 0.696832 0.711406 0.527915 0.463904 0.106136 0.667033 0.73743 -3.53908e-06 6.22751e-06 1 -2.1477e-07 2.52978e-06 1 -0.0254913 0.707113 0.706641 -0.106128 -0.667036 0.737428 0.0254922 -0.707113 0.706641 0.58514 0.429409 -0.687909 0.693322 0.669873 -0.26566 0.719336 0.694662 2.15588e-06 0.735407 0.511036 -0.444994 0.815069 0.575174 0.0695549 0.735398 0.511041 0.445003 0.918296 0.317597 -0.236357 0.996195 0.0871516 -1.6727e-06 0.767543 0.640894 0.0115687 0.689682 0.724112 0.000824917 0.777433 0.615395 -0.12995 0.909692 0.415096 0.012444 0.679929 0.733065 0.0176764 0.766388 0.625544 0.146098 0.681272 0.656426 -0.323994 0.764792 0.619203 -0.177991 0.623649 0.476589 -0.619616 0.000564432 -4.40989e-05 1 -0.0962138 -0.718006 0.689355 0.0945034 0.718381 0.689201 0.660197 0.682448 0.313695 0.5984 0.495424 0.62966 0.754359 0.639619 0.147747 0.0213034 0.0128889 -0.99969 -0.183595 0.718943 -0.670384 -0.818979 -0.56805 -0.0811932 -0.749814 -0.647643 -0.135413 -0.767594 -0.640937 5.8242e-07 -0.77843 -0.627732 -5.28616e-07 -0.190537 0.681901 0.706192 -0.191858 0.605021 0.772748 0.00125866 0.00101346 0.999999 0.000757946 0.000591102 1 -0.009405 -0.00770735 0.999926 -0.197791 0.716056 0.669435 0.189673 -0.60656 0.772081 0.187692 -0.683364 0.705539 0.203748 -0.713133 0.670767 0.177117 -0.721568 -0.669306 -0.751239 -0.645178 0.139235 -0.816941 -0.571576 0.0768674 -3.82989e-06 -8.97882e-07 -1 -0.106113 0.667038 -0.737428 0.0255046 0.707111 -0.706642 -6.87561e-06 7.03639e-07 -1 -0.585144 0.429404 -0.687909 -0.693324 0.66987 -0.265661 -0.719341 0.694657 6.15964e-08 -0.735405 0.511037 -0.444996 -0.815069 0.575174 0.0695512 -0.735406 0.511036 0.444994 0.918295 -0.317599 0.236357 0.909764 -0.415127 8.28352e-07 0.996195 -0.0871567 -1.17574e-12 0.996195 -0.0871551 1.4488e-06 0.918297 -0.317597 -0.236355 0.996195 -0.087158 7.62969e-08 -0.798695 0.593871 -0.0969705 -0.670887 0.695041 0.258514 -0.694655 0.719343 2.06917e-06 -0.711394 0.527926 -0.46391 -0.560207 0.447877 0.696832 -0.711402 0.527918 0.463906 0.106118 -0.667036 -0.737429 -0.025493 -0.707112 -0.706642 0.00394939 0.000892486 -0.999992 -0.117652 0.68628 -0.717759 0.115298 -0.686962 -0.717488 -0.657463 0.680651 0.323197 -0.558887 0.470822 0.682621 -0.759011 0.636821 0.135506 -0.777371 0.628829 0.0163894 -0.697733 0.716356 -0.0016832 -0.779644 0.613284 -0.12664 -0.909623 0.415063 0.0175885 -0.683865 0.729085 0.0276399 -0.764048 0.627614 0.149439 -0.678448 0.654697 -0.333285 -0.76971 0.61653 -0.165641 -0.583276 0.45259 -0.674501 -0.724747 0.58444 -0.364927 -0.537416 0.790024 -0.295036 -0.559611 0.757905 -0.335285 -0.793973 0.480375 -0.372621 -0.741261 0.668902 -0.0556951 -0.719241 0.694675 0.0108917 -0.719023 0.694757 -0.0178725 -0.741757 0.65141 -0.159568 -0.72841 0.67986 0.084911 -0.745425 0.663243 0.0667117 -0.720259 0.687116 0.0953887 -0.773355 0.633743 0.0170973 -0.788415 0.614904 0.0171619 -0.725623 0.681451 0.0953724 -0.738229 0.6707 -0.0719659 -0.743064 0.665526 -0.0702223 -0.709363 0.696357 -0.109043 -0.694567 0.719367 -0.00936667 -0.694358 0.719453 0.0159677 -0.72816 0.679232 -0.0917958 -0.724069 0.684981 0.0807779 -0.721702 0.667689 0.182585 -0.875616 0.414725 -0.247587 -0.918778 0.359466 -0.163194 0.909763 -0.415128 -7.12225e-08 0.996195 -0.0871561 2.64872e-06 0.996195 -0.0871561 -1.60685e-07 0.918296 -0.317598 -0.236355 -0.815068 0.575174 -0.0695561 -0.735402 0.511038 -0.444999 -0.71934 0.694658 1.23193e-07 -0.693325 0.669869 0.265661 -0.735406 0.511036 0.444995 -0.585144 0.429405 0.687908 -0.106118 0.667038 0.737428 0.0255054 0.707113 0.706641 8.24668e-07 2.51776e-06 1 -2.02608e-08 5.02617e-06 1 -0.0255081 -0.707113 0.70664 0.106119 -0.667039 0.737427 -0.560209 0.447879 -0.696829 -0.711406 0.527918 -0.463901 -0.69466 0.719338 1.88387e-06 -0.670889 0.695039 -0.258512 -0.711408 0.527914 0.463902 -0.798688 0.593878 0.0969804 0.918296 -0.317594 0.236362 0.996195 -0.087147 8.71528e-06 -0.586647 0.729859 -0.350928 -0.514133 0.815677 -0.265213 -0.715493 0.597432 -0.36214 -0.840144 0.383361 -0.383658 -0.798997 0.511144 -0.316757 -0.90826 0.383206 -0.167978 -0.754363 0.639611 -0.147763 -0.660204 0.682439 -0.313699 -0.598404 0.495423 -0.629658 0.0962188 -0.718006 0.689354 -0.000572865 -4.54935e-05 1 -0.0944932 0.718384 0.689199 -0.623646 0.476592 0.619617 -0.681271 0.65643 0.32399 -0.764792 0.619206 0.177983 -0.0213019 0.0128886 -0.99969 0.183595 0.718943 -0.670384 0.19304 0.684885 -0.702615 -0.00107938 0.000869573 -0.999999 -0.00187968 0.00156888 -0.999997 0.192616 0.60186 -0.775025 0.190523 0.681908 0.706189 -0.000755446 0.00058832 1 -0.00125605 0.00101129 0.999999 0.191836 0.605036 0.772742 0.00939707 -0.00770192 0.999926 0.197797 0.716052 0.669437 -0.187683 -0.683369 0.705537 -0.189656 -0.606573 0.772075 -0.203747 -0.713133 0.670767 -0.177119 -0.721566 -0.669306 -0.188821 -0.687098 -0.7016 -0.189462 -0.604141 -0.774027 -5.18439e-07 1.48232e-07 -1 2.90474e-06 2.59118e-07 -1 -0.0255222 0.70711 -0.706643 0.106106 0.66704 -0.737428 0.560208 0.447876 -0.696831 0.711403 0.527918 -0.463905 0.694656 0.719342 1.85299e-07 0.670885 0.695043 -0.258511 0.711403 0.527919 0.463905 0.798685 0.593882 0.0969865 0.918296 0.317597 -0.236357 0.996195 0.0871518 -3.15575e-06 0.996195 0.0871549 2.02436e-06 0.909764 0.415126 6.69056e-07 0.996195 0.0871568 -8.60892e-07 0.918296 0.317598 0.236354 0.815068 0.575174 -0.069555 0.735389 0.511049 -0.445008 0.719332 0.694667 1.44752e-06 0.693323 0.66987 0.265663 0.735405 0.511036 0.444996 0.58515 0.4294 0.687906 -0.106105 -0.66704 -0.737427 0.0255158 -0.70711 -0.706643 0.117653 0.68628 -0.717759 -0.00395034 0.000892333 -0.999992 -0.115295 -0.686963 -0.717488 0.583276 0.452591 0.6745 0.67845 0.654694 0.333287 0.769713 0.616528 0.165639 0.633081 0.711112 -0.305823 0.563384 0.7982 -0.21325 0.747226 0.604446 -0.27622 0.869588 0.396793 -0.29389 0.78814 0.572321 -0.22646 0.885781 0.456205 -0.0852561 0.759003 0.636832 -0.135495 0.657465 0.68065 -0.323196 0.558887 0.470821 -0.682622 0.778368 0.627682 0.0125932 0.855517 0.517612 0.012976 0.763617 0.631825 -0.132991 0.734987 0.674958 -0.0650052 0.724069 0.684981 -0.0807765 0.721703 0.667688 -0.182585 0.694358 0.719453 -0.0159675 0.694568 0.719366 0.00936732 0.72816 0.679232 0.0917963 0.709364 0.696357 0.109041 0.859347 0.492456 -0.137879 0.857371 0.491082 -0.154121 0.757535 0.59082 -0.27762 0.74324 0.609067 -0.276822 0.589965 0.76541 -0.257079 0.582163 0.774982 -0.245948 0.728411 0.679859 -0.0849083 0.745425 0.663243 -0.0667111 0.719023 0.694757 0.0178727 0.719241 0.694675 -0.0108907 0.741756 0.651411 0.159568 0.741262 0.668901 0.0556957 0.72217 0.686662 0.083468 0.750055 0.644217 0.149673 0.909763 0.415128 3.13554e-07 0.918296 0.317599 0.236354 0.996195 0.0871562 9.52304e-07 0.996195 0.0871557 -1.40529e-13 0.798681 0.593886 -0.0969953 0.67089 0.695037 0.258514 0.694662 0.719336 2.47065e-07 0.7114 0.52792 -0.463908 0.560207 0.447877 0.696832 0.711408 0.527915 0.463901 0.106124 0.667036 0.737428 -2.30318e-06 5.89262e-06 1 5.18414e-06 2.97904e-06 1 -0.0255024 0.707113 0.706641 -0.10612 -0.667038 0.737427 0.0255085 -0.707112 0.706641 0.585145 0.429406 -0.687907 0.693321 0.669874 -0.26566 0.719341 0.694657 2.15587e-06 0.735409 0.511036 -0.444991 0.815069 0.575174 0.0695533 0.735403 0.511037 0.444998 0.918296 0.317598 -0.236357 0.996195 0.0871543 -5.58446e-07 0.767543 0.640894 0.0115281 0.689682 0.724112 0.000823276 0.777428 0.6154 -0.129958 0.909693 0.415096 0.0124054 0.679931 0.733063 0.017674 0.766383 0.625549 0.146104 0.681267 0.656434 -0.323991 0.764792 0.619203 -0.17799 0.623653 0.476587 -0.619614 0.000563521 -4.40002e-05 1 -0.0962128 -0.718007 0.689354 0.0944892 0.718384 0.689199 0.660205 0.682438 0.313699 0.598403 0.495423 0.629659 0.754361 0.639617 0.14775 0.0213015 0.0128879 -0.99969 -0.183597 0.718942 -0.670384 -0.81898 -0.568049 -0.0811945 -0.749817 -0.647639 -0.135418 -0.767594 -0.640936 -1.58641e-06 -0.77843 -0.627731 1.76301e-06 -0.190526 0.681906 0.70619 -0.191843 0.605031 0.772744 0.00125751 0.0010128 0.999999 0.000757235 0.000590574 1 -0.00940096 -0.00770405 0.999926 -0.197812 0.716045 0.66944 0.189661 -0.606568 0.772077 0.187684 -0.683368 0.705538 0.203755 -0.713129 0.670769 0.177118 -0.721567 -0.669306 -0.751239 -0.645176 0.139236 -0.816944 -0.571571 0.0768732 -0.942482 -0.334256 1.25366e-07 -1 0 0 -1 0 0 -0.917448 -0.391971 0.0681829 0.917449 0.0681878 -0.391966 1 0 0 1 0 0 0.942482 4.84101e-07 -0.334256 1 0 0 0.917448 -0.0681862 -0.391968 -0.917449 0.391966 0.0681899 -1 0 0 -1 0 0 -0.942482 0.334255 1.84025e-06 -1 0 0 -0.917448 0.391969 -0.0681845 -0.917447 0.068176 -0.391974 -1 0 0 -1 0 0 -0.942482 -6.16432e-07 -0.334257 -1 0 0 -0.917448 -0.0681824 -0.391971 -0.917448 -0.391969 -0.0681846 -1 0 0 -0.883816 -0.46185 0.0745903 -0.918941 -0.394396 -6.56301e-07 -0.883817 -0.461847 -0.074594 -0.883816 -0.0745891 -0.461851 -0.91894 7.77042e-07 -0.394397 -0.883816 0.0745906 -0.46185 -0.883816 0.461851 -0.0745859 -0.918941 0.394395 1.37392e-06 -0.883818 0.461845 0.0745991 0.883817 -0.0745946 -0.461848 0.918941 -2.22821e-07 -0.394395 0.883818 0.0745964 -0.461845 -0.883817 0.461849 -0.0745899 -0.918941 0.394396 6.56318e-07 0.918941 1.3404e-07 0.394394 0.883817 -0.0745919 0.461847 0.883818 0.0745943 0.461846 -0.918942 -0.394394 -1.37256e-06 -0.883819 -0.461843 -0.0745988 -0.883816 -0.46185 0.0745856 -0.918941 -7.72145e-07 0.394396 -0.883817 -0.0745902 0.461849 -0.883816 0.0745888 0.46185 -0.883818 0.461846 0.0745935 -0.942482 0.334256 -1.21021e-07 -0.917448 0.39197 -0.0681828 -1 0 0 -1 0 0 0.917448 -0.068183 0.39197 0.942483 5.01382e-07 0.334255 1 0 0 1 0 0 0.917449 0.0681859 0.391967 1 0 0 -0.917449 -0.391965 -0.0681896 -0.942483 -0.334254 -1.82961e-06 -1 0 0 -1 0 0 -0.917449 -0.391968 0.0681842 -1 0 0 -0.917447 -0.0681757 0.391973 -0.942482 6.16469e-07 0.334256 -1 0 0 -1 0 0 -0.917448 0.0681822 0.39197 -1 0 0 -0.917449 0.391968 0.0681845 -1 0 0 1.53863e-06 -3.94192e-07 -1 3.00441e-06 2.53927e-07 -1 -0.0255109 0.70711 -0.706643 0.106111 0.667038 -0.737428 0.560209 0.447875 -0.696831 0.711405 0.527916 -0.463904 0.69466 0.719338 -1.23533e-06 0.670884 0.695044 -0.258512 0.711407 0.527917 0.463901 0.798681 0.593886 0.0969922 0.918296 0.317598 -0.236355 0.996195 0.0871563 -7.90256e-09 0.996195 0.0871566 2.02436e-06 0.909764 0.415126 8.36629e-07 0.996195 0.0871562 1.1072e-06 0.918297 0.317596 0.236355 0.815072 0.57517 -0.069548 0.735404 0.511039 -0.444994 0.719339 0.69466 2.71024e-06 0.693321 0.669872 0.265664 0.735404 0.511037 0.444997 0.585146 0.429403 0.687908 -0.106114 -0.667038 -0.737429 0.0255043 -0.707111 -0.706643 0.117651 0.686283 -0.717757 -0.00395252 0.000892829 -0.999992 -0.115297 -0.686964 -0.717487 0.583278 0.452592 0.674497 0.678448 0.654699 0.333284 0.769713 0.616528 0.165637 0.633081 0.711113 -0.305822 0.563385 0.798199 -0.21325 0.747226 0.604445 -0.276222 0.869587 0.396792 -0.293895 0.788146 0.572304 -0.226481 0.88579 0.456183 -0.0852822 0.759001 0.636837 -0.135486 0.657464 0.680652 -0.323195 0.558882 0.470828 -0.682622 0.778369 0.627681 0.0125936 0.855518 0.517611 0.012975 0.763616 0.631827 -0.132989 0.734989 0.674956 -0.0650041 0.724068 0.684982 -0.080779 0.721703 0.667689 -0.182583 0.694362 0.719449 -0.0159674 0.694567 0.719368 0.00936751 0.728163 0.679229 0.0917923 0.709367 0.696354 0.10904 0.859349 0.492452 -0.13788 0.857373 0.491078 -0.154124 0.757534 0.590819 -0.277624 0.743242 0.609064 -0.276826 0.589966 0.765409 -0.257078 0.582161 0.774982 -0.245951 0.728409 0.67986 -0.0849122 0.745425 0.663243 -0.0667118 0.719024 0.694756 0.0178723 0.719241 0.694675 -0.010891 0.741757 0.651411 0.159564 0.741262 0.668901 0.0556958 0.72217 0.686661 0.0834678 0.750056 0.644217 0.14967 0.909761 0.415132 4.37809e-07 0.918295 0.3176 0.236355 0.996194 0.0871618 -4.51335e-08 0.996194 0.0871631 -1.66251e-12 0.798688 0.593879 -0.096982 0.670887 0.695041 0.258513 0.694663 0.719336 -2.16182e-07 0.711404 0.527919 -0.463903 0.560207 0.447875 0.696832 0.711416 0.527909 0.463897 0.106126 0.667034 0.73743 -4.16956e-06 5.03824e-06 1 4.91836e-06 1.82688e-06 1 -0.0255015 0.707112 0.706641 -0.106117 -0.667039 0.737426 0.0255067 -0.707112 0.706641 0.585144 0.429407 -0.687907 0.693323 0.669872 -0.265661 0.719341 0.694657 1.38592e-06 0.735404 0.511036 -0.444997 0.815069 0.575174 0.0695514 0.735407 0.511036 0.444993 0.918295 0.317604 -0.236353 0.996194 0.08716 -1.11952e-06 0.767544 0.640892 0.0115521 0.689672 0.724122 0.000803023 0.777422 0.615405 -0.129965 0.909691 0.4151 0.0124297 0.679933 0.733061 0.0176712 0.76639 0.625543 0.146092 0.681269 0.656432 -0.32399 0.764792 0.619204 -0.177987 0.623647 0.47659 -0.619618 0.000557371 -4.45722e-05 1 -0.0962007 -0.718007 0.689355 0.0944878 0.718382 0.689202 0.660194 0.682452 0.313693 0.598399 0.495423 0.629662 0.754362 0.639614 0.147755 0.0213123 0.0128944 -0.99969 -0.183597 0.71894 -0.670386 -0.81898 -0.568049 -0.0811945 -0.749815 -0.647643 -0.135413 -0.767595 -0.640935 5.78949e-07 -0.778431 -0.62773 1.82647e-06 -0.190527 0.681905 0.70619 -0.191845 0.605032 0.772743 0.00125705 0.00101213 0.999999 0.000756879 0.000590319 1 -0.00941239 -0.00771338 0.999926 -0.197811 0.716046 0.669439 0.189663 -0.606568 0.772077 0.187686 -0.683366 0.705538 0.203763 -0.713125 0.670771 0.177116 -0.721566 -0.669307 -0.75124 -0.645175 0.139237 -0.816943 -0.571572 0.0768722 -0.677984 -0.334211 -0.654707 -0.719326 7.91645e-09 -0.694673 -0.715722 0.0123356 -0.698277 -0.707537 -0.381928 -0.594578 0.833564 0.236355 0.499307 0.707106 5.05762e-07 0.707107 0.707107 -4.21439e-15 0.707107 0.90279 2.09476e-09 0.43008 0.902791 2.09477e-09 0.430081 0.707107 -2.14207e-14 0.707107 0.707107 -5.1607e-08 0.707107 0.833564 -0.236356 0.499307 0.68619 -0.401911 0.60631 0.698277 -0.0123351 0.715721 0.694656 -1.58329e-08 0.719342 0.654701 -0.33421 0.67799 0.69827 0.0123452 0.715728 0.594575 -0.381923 0.707541 -0.499306 0.236351 -0.833566 -0.707107 -6.11128e-07 -0.707107 -0.707107 -6.56964e-06 -0.707107 -0.43008 -7.12075e-06 -0.902791 -0.707109 -2.82994e-06 -0.707105 -0.499308 -0.236355 -0.833564 -0.606313 -0.401914 -0.686185 -0.715721 -0.0123348 -0.698277 -0.68858 -0.452509 -0.566651 -0.661063 -0.394345 -0.638348 -0.577632 -0.471082 -0.66665 0.661408 0.741652 -0.111771 0.647448 0.757906 -0.0799355 3.38204e-06 1 6.15389e-06 3.77009e-06 1 3.6993e-06 -0.647451 0.757903 0.0799337 -0.661406 0.741654 0.111767 0.566651 -0.452506 0.688582 0.638349 -0.394344 0.661062 0.66666 -0.471075 0.577626 0.111779 0.741654 -0.661404 0.0799423 0.757907 -0.647446 1.84357e-06 1 6.90257e-07 9.45143e-07 1 4.58152e-07 -0.079946 0.757906 0.647446 -0.111784 0.741653 0.661404 -0.577622 0.471069 -0.666669 -0.661051 0.394347 -0.638359 0.370907 4.28013e-08 0.92867 0.45259 -0.278881 0.846987 0.846987 0.27888 0.452591 0.928669 -1.71204e-08 0.370909 0.452589 0.278882 0.846988 0.370907 4.28013e-08 0.92867 0.928669 -1.71204e-08 0.370909 0.846987 -0.278881 0.45259 0.637712 0.394339 0.66168 0.443041 0.265444 0.856303 0.666656 0.471077 0.57763 -0.92867 4.31572e-07 -0.370906 -0.846986 -0.278881 -0.452592 -0.452593 0.27888 -0.846986 -0.370908 -5.6775e-08 -0.92867 -0.846987 0.278882 -0.45259 -0.452591 -0.27888 -0.846987 -0.68857 0.45252 -0.566654 -0.677976 0.334212 -0.654714 -0.606308 0.401907 -0.686193 -0.715725 0.0123404 -0.698273 -0.719336 -4.3587e-07 -0.694662 0.499307 -0.236356 0.833564 0.430079 2.51374e-08 0.902791 0.707107 2.0859e-14 0.707107 0.707107 2.52881e-07 0.707107 0.499305 0.236356 0.833565 0.707107 1.0827e-07 0.707107 0.489982 0.223251 0.84266 0.654193 0.334207 0.678482 0.694654 -2.51464e-08 0.719344 0.69827 -0.012345 0.715728 0.686195 0.401906 0.606308 0.698274 0.012339 0.715724 -0.833564 -0.236354 -0.499307 -0.902791 4.50378e-07 -0.430079 -0.707107 -5.11782e-13 -0.707107 -0.707107 -2.52881e-07 -0.707107 -0.833564 0.236356 -0.499307 -0.707107 -1.98496e-07 -0.707107 -0.707525 0.38194 -0.594584 -0.715728 -0.0123448 -0.69827 3.95546e-06 1 9.49916e-07 0.0799303 0.757906 -0.647448 0.111768 0.741652 -0.661408 3.57477e-06 1 3.02813e-07 -0.0799293 0.757904 0.647452 -0.111768 0.741654 0.661406 -0.467284 -0.299823 -0.831716 -0.25484 -0.350808 -0.901105 -0.264405 -0.29645 -0.917719 -0.514332 -0.257825 -0.817917 1.06676e-06 1 2.41915e-06 0.647447 0.757907 -0.079934 0.661406 0.741653 -0.11177 7.28194e-07 1 1.39215e-06 -0.647448 0.757906 0.079932 -0.661408 0.741652 0.111767 8.34269e-07 -3.96129e-07 -1 -0.106116 -0.667036 -0.737429 0.0255106 -0.707111 -0.706643 -3.51167e-06 -4.30356e-07 -1 0.585143 0.429405 0.687909 0.693328 0.669865 0.265663 0.71934 0.694658 -4.31175e-07 0.735401 0.511039 0.444999 0.815072 0.57517 -0.0695455 0.735407 0.511035 -0.444993 0.918295 0.317599 0.236357 0.909763 0.415127 1.16468e-06 0.996195 0.0871565 -1.49479e-12 0.996195 0.0871549 1.22753e-06 0.918296 0.317598 -0.236354 0.996195 0.0871577 1.08528e-06 0.798683 0.593884 0.0969896 0.670879 0.695048 -0.258512 0.694665 0.719333 -1.17356e-06 0.711408 0.527916 0.4639 0.5602 0.447882 -0.696834 0.711408 0.527915 -0.463902 0.106114 0.667037 -0.737429 -0.025503 0.707111 -0.706642 0.00395124 -0.00089289 -0.999992 -0.117665 -0.686276 -0.71776 0.115305 0.68696 -0.717489 0.657457 0.680658 -0.323195 0.558881 0.470825 -0.682624 0.759001 0.636839 -0.13548 0.777371 0.628829 -0.0163747 0.697733 0.716356 0.00168116 0.779642 0.613286 0.126642 0.909623 0.415063 -0.0175731 0.683867 0.729083 -0.0276349 0.764049 0.627613 -0.149437 0.678452 0.654693 0.333287 0.769711 0.616529 0.165644 0.583275 0.452591 0.674501 0.724746 0.58444 0.36493 0.537415 0.790024 0.295037 0.559608 0.757906 0.335288 0.793972 0.480374 0.372624 0.741261 0.668902 0.0556956 0.719241 0.694675 -0.0108913 0.719021 0.694759 0.0178723 0.741754 0.651412 0.159571 0.72841 0.67986 -0.0849105 0.745424 0.663244 -0.0667129 0.720259 0.687116 -0.095389 0.773354 0.633743 -0.0170979 0.788415 0.614904 -0.0171625 0.725622 0.681451 -0.0953729 0.73823 0.6707 0.0719658 0.743064 0.665526 0.0702221 0.709363 0.696357 0.109043 0.694568 0.719366 0.00936696 0.694361 0.71945 -0.0159679 0.728161 0.679231 0.0917942 0.724069 0.684981 -0.0807776 0.721705 0.667687 -0.182583 0.875617 0.414719 0.247593 0.918778 0.359465 0.163194 0.909763 0.415128 -3.77061e-08 0.996195 0.0871563 -2.10589e-13 0.996195 0.0871562 -1.83604e-07 0.918296 0.317598 -0.236355 0.815069 0.575174 0.0695551 0.735406 0.511036 0.444996 0.719339 0.694659 -1.84789e-07 0.693322 0.669872 -0.265662 0.735401 0.511039 -0.444999 0.585139 0.429408 -0.687911 -0.106115 -0.667038 0.737427 0.0255014 -0.707113 0.706641 -1.29811e-06 -2.49566e-06 1 -4.23094e-08 -4.8617e-06 1 -0.0255139 0.707113 0.70664 0.106118 0.667039 0.737426 0.560207 0.44788 0.69683 0.711399 0.527923 0.463906 0.694659 0.719339 -1.69857e-06 0.670884 0.695045 0.258511 0.711414 0.52791 -0.463897 0.798688 0.593878 -0.0969809 0.918296 0.317599 0.236356 0.996195 0.0871563 -1.05367e-08 0.586647 0.729859 0.350929 0.514132 0.815677 0.265214 0.715493 0.597431 0.36214 0.840143 0.383361 0.383658 0.798998 0.511144 0.316757 0.90826 0.383206 0.167978 0.754363 0.639611 0.147762 0.660198 0.682447 0.313696 0.598398 0.495426 0.629661 0.0962275 0.718004 0.689355 -0.000570879 4.50265e-05 1 -0.0944879 -0.718384 0.689199 0.623646 0.476592 -0.619618 0.68127 0.656431 -0.32399 0.764792 0.619206 -0.177983 -0.0213062 -0.0128914 -0.99969 0.183583 -0.718948 -0.670381 -0.81898 -0.568049 0.0811945 -0.77843 -0.627731 6.40676e-07 -0.767594 -0.640936 1.70028e-06 -0.749817 -0.647639 0.135418 0.190527 -0.681906 0.70619 -0.000756946 -0.00058921 1 -0.00125823 -0.00101258 0.999999 0.191847 -0.605029 0.772745 0.00939694 0.00770203 0.999926 0.197803 -0.716049 0.669438 -0.187681 0.68337 0.705536 -0.189663 0.606567 0.772078 -0.203742 0.713136 0.670766 -0.177104 0.721573 -0.669304 -0.816941 -0.571576 -0.0768671 -0.751239 -0.645177 -0.139234 -3.80784e-06 -1.13609e-06 -1 -0.106126 -0.667034 -0.73743 0.0254933 -0.707112 -0.706642 -2.6164e-07 -2.43255e-06 -1 0.585144 0.429404 0.687909 0.693324 0.669871 0.265661 0.719341 0.694657 -3.69579e-07 0.73541 0.511033 0.444991 0.815065 0.575179 -0.0695596 0.7354 0.511041 -0.444999 0.918296 0.317598 0.236356 0.909764 0.415125 1.81406e-06 0.996195 0.0871565 1.01534e-12 0.996195 0.0871561 -4.2147e-08 0.918297 0.317597 -0.236354 0.996195 0.0871568 1.59827e-07 0.798697 0.593869 0.0969686 0.670886 0.695041 -0.258514 0.694656 0.719342 -1.14268e-06 0.711407 0.527917 0.463902 0.560208 0.447874 -0.696833 0.711402 0.527919 -0.463906 0.106134 0.66703 -0.737432 -0.025493 0.707111 -0.706643 0.00394538 -0.000892283 -0.999992 -0.117653 -0.68628 -0.717758 0.115312 0.686958 -0.71749 0.657466 0.680647 -0.3232 0.558874 0.470829 -0.682627 0.759011 0.63682 -0.135508 0.777372 0.628828 -0.0163734 0.697727 0.716362 0.00169346 0.779638 0.61329 0.12665 0.909624 0.415061 -0.0175738 0.683869 0.729081 -0.0276342 0.764051 0.627611 -0.149435 0.678448 0.654698 0.333285 0.769707 0.616537 0.165629 0.583283 0.452585 0.674498 0.724746 0.58444 0.364928 0.537413 0.790025 0.295039 0.559608 0.757906 0.335286 0.793972 0.480376 0.372623 0.741262 0.668901 0.0556942 0.719241 0.694675 -0.0108913 0.719022 0.694758 0.0178724 0.741759 0.651408 0.159563 0.728411 0.679859 -0.0849103 0.745423 0.663245 -0.066712 0.720259 0.687116 -0.0953892 0.773355 0.633743 -0.0170976 0.788415 0.614905 -0.0171622 0.725622 0.681452 -0.0953719 0.738229 0.6707 0.0719657 0.743064 0.665526 0.0702219 0.709366 0.696355 0.10904 0.694568 0.719366 0.00936705 0.69436 0.719451 -0.015968 0.728161 0.679232 0.0917945 0.724069 0.684981 -0.0807764 0.721699 0.667691 -0.182589 0.875616 0.414726 0.247587 0.918777 0.359467 0.163192 0.909763 0.415129 -6.07486e-08 0.996195 0.0871564 -8.28937e-15 0.996195 0.0871563 -6.37282e-09 0.918296 0.317599 -0.236355 0.815066 0.575177 0.0695601 0.735411 0.511032 0.444992 0.719344 0.694654 -5.54368e-07 0.693322 0.669872 -0.265662 0.735404 0.511037 -0.444998 0.58514 0.429407 -0.687911 -0.106116 -0.667038 0.737428 0.0255005 -0.707112 0.706642 -1.68256e-06 -2.49744e-06 1 -7.15088e-09 -4.8623e-06 1 -0.0255134 0.707112 0.706641 0.106118 0.667039 0.737426 0.560203 0.447882 0.696832 0.711416 0.52791 0.463894 0.694663 0.719335 -1.32797e-06 0.670882 0.695047 0.258511 0.711408 0.527915 -0.463903 0.798681 0.593886 -0.096993 0.918296 0.317599 0.236355 0.996195 0.0871565 -1.68587e-07 0.586656 0.729855 0.350921 0.514151 0.815674 0.26519 0.715485 0.597426 0.362164 0.840134 0.383357 0.383684 0.798999 0.511138 0.316763 0.90826 0.383206 0.167977 0.754358 0.639622 0.147746 0.660196 0.682449 0.313695 0.598401 0.495424 0.62966 0.0962273 0.718004 0.689355 -0.000572287 4.47439e-05 1 -0.0944867 -0.718384 0.689199 0.623653 0.476586 -0.619615 0.681268 0.656433 -0.323989 0.764788 0.619212 -0.177975 -0.0213034 -0.012889 -0.99969 0.183596 -0.718942 -0.670384 -0.81898 -0.568049 0.0811944 -0.77843 -0.627731 -1.71524e-06 -0.767594 -0.640936 1.76624e-06 -0.749816 -0.64764 0.135419 0.190528 -0.681906 0.706189 -0.000755754 -0.000589279 1 -0.00125456 -0.00101102 0.999999 0.191834 -0.605038 0.772741 0.0093937 0.00769817 0.999926 0.197809 -0.716047 0.669439 -0.187695 0.683363 0.705539 -0.189658 0.606571 0.772076 -0.203746 0.713134 0.670767 -0.177118 0.721567 -0.669306 -0.816943 -0.571572 -0.0768719 -0.75124 -0.645177 -0.139236 -1.92239e-06 -1.59658e-06 -1 -0.106118 -0.667036 -0.737429 0.025504 -0.707112 -0.706642 -4.48525e-07 -2.45161e-06 -1 0.585145 0.429403 0.687908 0.69332 0.669875 0.26566 0.719341 0.694657 -3.69579e-07 0.735408 0.511035 0.444993 0.815065 0.575179 -0.0695597 0.735404 0.511038 -0.444996 0.918296 0.317598 0.236356 0.909764 0.415125 1.81196e-06 0.996195 0.0871565 1.01534e-12 0.996195 0.0871561 -5.00495e-08 0.918297 0.317597 -0.236355 0.996195 0.0871564 -2.00198e-07 0.798691 0.593875 0.0969773 0.670879 0.695048 -0.258512 0.694666 0.719332 -1.14267e-06 0.711414 0.527912 0.463896 0.560204 0.447877 -0.696834 0.7114 0.52792 -0.463908 0.106123 0.667034 -0.737431 -0.0255033 0.707111 -0.706643 0.00394582 -0.000892376 -0.999992 -0.117652 -0.686281 -0.717758 0.115306 0.68696 -0.717489 0.657458 0.680657 -0.323196 0.558888 0.47082 -0.682622 0.759005 0.636831 -0.135491 0.777372 0.628828 -0.0163866 0.697728 0.716361 0.00169181 0.77964 0.613288 0.126647 0.909623 0.415061 -0.0175896 0.683862 0.729088 -0.0276481 0.764042 0.627619 -0.149448 0.678446 0.654701 0.333284 0.769709 0.616534 0.165633 0.583259 0.452604 0.674506 0.724745 0.584438 0.364934 0.53741 0.790026 0.295042 0.559607 0.757907 0.335287 0.793972 0.480376 0.372621 0.741261 0.668902 0.0556964 0.71924 0.694676 -0.0108915 0.719025 0.694755 0.0178726 0.741753 0.651414 0.159571 0.728409 0.67986 -0.0849137 0.745425 0.663243 -0.0667103 0.720259 0.687115 -0.0953906 0.773356 0.633741 -0.0170977 0.788415 0.614905 -0.0171623 0.725622 0.681452 -0.0953721 0.73823 0.670699 0.0719671 0.743064 0.665526 0.070222 0.709365 0.696355 0.109042 0.694567 0.719367 0.00936718 0.69436 0.71945 -0.0159681 0.728161 0.679232 0.0917942 0.724069 0.684982 -0.0807782 0.721701 0.66769 -0.182587 0.875618 0.414718 0.247594 0.918776 0.359471 0.163188 0.909761 0.415132 -6.28414e-08 0.996194 0.0871629 2.97992e-12 0.996194 0.0871618 7.99094e-07 0.918295 0.3176 -0.236356 0.815071 0.575172 0.0695504 0.735404 0.511038 0.444995 0.719333 0.694666 2.77184e-07 0.693327 0.669866 -0.265663 0.735406 0.511035 -0.444997 0.585151 0.429397 -0.687907 -0.106122 -0.667035 0.73743 0.0255115 -0.707112 0.706642 -1.7585e-06 -1.43145e-06 1 9.62984e-07 -3.78847e-06 1 -0.0255057 0.707112 0.706641 0.10612 0.667039 0.737427 0.560202 0.447884 0.696832 0.711406 0.527915 0.463903 0.694658 0.71934 -1.32797e-06 0.67088 0.695049 0.25851 0.711408 0.527916 -0.4639 0.798681 0.593887 -0.0969921 0.918295 0.317604 0.236353 0.996194 0.0871586 2.31281e-06 0.586652 0.729858 0.350924 0.514132 0.815677 0.265214 0.715501 0.597437 0.362114 0.84015 0.383368 0.383636 0.799 0.511132 0.31677 0.908265 0.383184 0.168004 0.754357 0.639622 0.147744 0.660195 0.682451 0.313693 0.598401 0.495423 0.629661 0.0962076 0.718006 0.689356 -0.000566799 4.53895e-05 1 -0.0944939 -0.718381 0.689202 0.623645 0.47659 -0.61962 0.681276 0.656424 -0.323993 0.764794 0.6192 -0.177991 -0.0213096 -0.0128927 -0.99969 0.183598 -0.718941 -0.670384 0.81898 0.568049 -0.0811932 0.778431 0.62773 -2.90075e-06 0.767595 0.640935 3.03641e-06 0.749812 0.647647 -0.135407 0.190524 -0.681908 0.706188 -0.000757972 -0.000591013 1 -0.00125821 -0.00101395 0.999999 0.191845 -0.60503 0.772745 0.0094037 0.00770634 0.999926 0.197803 -0.71605 0.669437 -0.187679 0.683372 0.705535 -0.189662 0.606568 0.772077 -0.203758 0.713128 0.670769 -0.177117 0.721567 -0.669306 0.816939 0.57158 0.0768618 0.751239 0.645177 0.139234 1.67807e-06 -4.35757e-07 -1 6.36242e-06 -1.81546e-06 -1 -0.0255168 -0.707111 -0.706642 0.106105 -0.66704 -0.737427 -0.560213 0.447873 0.69683 -0.711403 0.527918 0.463905 -0.69466 0.719338 -4.01481e-07 -0.670883 0.695046 0.258511 -0.71141 0.527914 -0.463899 -0.798682 0.593885 -0.0969913 0.918296 -0.317598 -0.236355 0.996195 -0.0871565 6.96023e-07 0.996195 -0.0871565 1.37852e-07 0.909764 -0.415125 -1.89575e-06 0.996195 -0.0871567 2.21989e-07 0.918297 -0.317597 0.236355 -0.815074 0.575168 0.0695456 -0.735413 0.511031 0.444988 -0.719336 0.694662 -2.00188e-06 -0.693322 0.669871 -0.265663 -0.735399 0.511039 -0.445003 -0.585147 0.429401 -0.687908 -0.106107 0.66704 -0.737427 0.0255032 0.70711 -0.706643 0.117651 -0.686281 -0.717758 -0.00395093 -0.000892634 -0.999992 -0.115293 0.686964 -0.717488 -0.583283 0.452585 -0.674498 -0.678451 0.654693 -0.333288 -0.769713 0.616526 -0.165641 -0.633092 0.711107 0.305811 -0.563393 0.798197 0.213237 -0.747233 0.60445 0.276194 -0.869595 0.396794 0.293869 -0.788145 0.572307 0.226478 -0.885791 0.45618 0.0852851 -0.759 0.636838 0.135485 -0.65746 0.680655 0.323195 -0.558878 0.470828 0.682624 -0.778368 0.627682 -0.012594 -0.855516 0.517613 -0.0129756 -0.763616 0.631826 0.13299 -0.734988 0.674957 0.0650034 -0.724069 0.684981 0.0807762 -0.721701 0.66769 0.182586 -0.69436 0.71945 0.0159676 -0.694568 0.719366 -0.00936753 -0.728161 0.679232 -0.0917943 -0.709367 0.696354 -0.109039 -0.859344 0.492462 0.137871 -0.857372 0.491079 0.154125 -0.757534 0.590821 0.277622 -0.743242 0.609067 0.276819 -0.589967 0.765409 0.257076 -0.58216 0.774982 0.245951 -0.72841 0.67986 0.084911 -0.745424 0.663244 0.0667104 -0.719023 0.694757 -0.0178729 -0.71924 0.694676 0.010891 -0.741755 0.651412 -0.159568 -0.741261 0.668902 -0.0556963 -0.72217 0.686662 -0.0834675 -0.750055 0.644217 -0.149672 0.909763 -0.415128 -5.35472e-08 0.918296 -0.317599 0.236355 0.996195 -0.0871562 4.80514e-07 0.996195 -0.0871548 -3.41249e-14 -0.798674 0.593894 0.0970059 -0.670878 0.69505 -0.258511 -0.694657 0.719341 -5.86779e-07 -0.711423 0.527904 0.463891 -0.560205 0.447878 -0.696833 -0.711409 0.527913 -0.463902 0.106125 -0.667036 0.737429 3.42646e-06 -4.21737e-06 1 -6.01593e-07 -2.20288e-06 1 -0.0255021 -0.707112 0.706642 -0.106131 0.667035 0.737428 0.0255022 0.707112 0.706641 -0.585137 0.429411 0.68791 -0.693325 0.66987 0.265661 -0.71934 0.694658 -2.06348e-06 -0.735402 0.51104 0.444998 -0.815073 0.575169 -0.0695481 -0.735409 0.511032 -0.444994 0.918296 -0.317596 -0.236356 0.996195 -0.0871515 -1.31446e-06 -0.767543 0.640894 -0.011547 -0.689676 0.724118 -0.000813158 -0.777425 0.615402 0.129961 -0.909693 0.415096 -0.0124227 -0.679935 0.733059 -0.0176664 -0.766393 0.62554 -0.146091 -0.681271 0.656429 0.323993 -0.764793 0.619202 0.177991 -0.623648 0.47659 0.619618 0.000582922 4.51269e-05 1 -0.0962406 0.718 0.689357 0.0945012 -0.718382 0.689201 -0.660195 0.682451 -0.313694 -0.598399 0.495425 -0.629661 -0.754352 0.639632 -0.14773 0.0213093 -0.0128924 -0.99969 -0.1836 -0.71894 -0.670385 -0.818979 0.56805 -0.0811942 -0.749816 0.64764 -0.135419 -0.767594 0.640936 -1.78208e-06 -0.77843 0.627732 1.72781e-06 -0.190526 -0.681907 0.706189 -0.191847 -0.605029 0.772745 0.0012573 -0.00101366 0.999999 0.000757355 -0.000590836 1 -0.00938093 0.00768754 0.999927 -0.197804 -0.716049 0.669438 0.189663 0.606567 0.772078 0.18768 0.68337 0.705536 0.20374 0.713136 0.670766 0.177117 0.721567 -0.669306 -0.751239 0.645177 0.139235 -0.816943 0.571572 0.0768719 5.4883e-07 -3.8287e-08 -1 5.37518e-07 -1.08868e-07 -1 -0.0255146 -0.70711 -0.706643 0.106111 -0.667038 -0.737428 -0.560204 0.447879 0.696833 -0.7114 0.52792 0.463908 -0.694656 0.719342 8.02962e-07 -0.670881 0.695047 0.258512 -0.711406 0.527917 -0.463901 -0.798685 0.593882 -0.096985 0.918296 -0.317598 -0.236356 0.996195 -0.0871563 5.32703e-07 0.996195 -0.0871565 1.37852e-07 0.909764 -0.415126 -1.25476e-06 0.996195 -0.0871565 3.64622e-07 0.918297 -0.317596 0.236355 -0.815071 0.575171 0.06955 -0.735408 0.511036 0.444992 -0.719337 0.694661 -2.40226e-06 -0.693324 0.669869 -0.265665 -0.735404 0.511037 -0.444997 -0.585147 0.429402 -0.687908 -0.106111 0.667038 -0.737428 0.0255143 0.70711 -0.706643 0.11765 -0.686283 -0.717756 -0.00394937 -0.000892325 -0.999992 -0.115297 0.686964 -0.717487 -0.583278 0.452593 -0.674498 -0.678452 0.654693 -0.333287 -0.769713 0.616528 -0.165637 -0.633096 0.711106 0.305806 -0.563398 0.798195 0.213231 -0.747233 0.60445 0.276194 -0.869594 0.396796 0.293869 -0.788144 0.572311 0.226473 -0.885789 0.456187 0.0852783 -0.759005 0.63683 0.135498 -0.657463 0.680652 0.323195 -0.558882 0.470828 0.682621 -0.778369 0.627681 -0.012594 -0.855518 0.517611 -0.0129757 -0.763616 0.631827 0.132989 -0.734989 0.674956 0.0650038 -0.72407 0.68498 0.0807755 -0.721703 0.667689 0.182582 -0.69436 0.71945 0.0159671 -0.694568 0.719366 -0.00936772 -0.728161 0.679231 -0.091795 -0.709367 0.696353 -0.10904 -0.859348 0.492455 0.137876 -0.857374 0.491074 0.154128 -0.757533 0.590819 0.277626 -0.743243 0.609064 0.276824 -0.589966 0.765409 0.257078 -0.582158 0.774983 0.245954 -0.72841 0.67986 0.084912 -0.745425 0.663243 0.0667111 -0.719024 0.694756 -0.0178724 -0.719241 0.694675 0.0108912 -0.741756 0.651411 -0.159565 -0.741262 0.668901 -0.055696 -0.72217 0.686662 -0.083468 -0.750055 0.644217 -0.149671 0.909761 -0.415132 1.7478e-07 0.918295 -0.317601 0.236355 0.996194 -0.087162 -7.04595e-07 0.996194 -0.087163 -2.21822e-12 -0.798681 0.593886 0.0969933 -0.670886 0.695041 -0.258513 -0.694663 0.719336 2.16182e-07 -0.711403 0.527919 0.463904 -0.560206 0.447876 -0.696833 -0.711415 0.527909 -0.463897 0.106115 -0.667037 0.737429 1.57856e-06 -3.40992e-06 1 -8.49588e-07 -1.08171e-06 1 -0.0255126 -0.707112 0.706641 -0.106124 0.667037 0.737427 0.0255091 0.707112 0.706641 -0.585143 0.429407 0.687908 -0.693323 0.669872 0.265661 -0.719339 0.694659 -1.26273e-06 -0.735402 0.511037 0.444999 -0.815068 0.575175 -0.0695542 -0.735406 0.511036 -0.444993 0.918295 -0.317604 -0.236352 0.996194 -0.0871599 -8.24497e-07 -0.767544 0.640892 -0.0115413 -0.68968 0.724114 -0.000821021 -0.777428 0.6154 0.129956 -0.909691 0.4151 -0.0124145 -0.67994 0.733055 -0.0176597 -0.766397 0.625536 -0.146083 -0.681269 0.656431 0.323991 -0.764791 0.619207 0.177983 -0.62365 0.476587 0.619617 0.000576217 4.56284e-05 1 -0.0962273 0.718001 0.689358 0.0944945 -0.718381 0.689202 -0.660196 0.682449 -0.313694 -0.598399 0.495423 -0.629662 -0.754359 0.63962 -0.147747 0.0213177 -0.0128976 -0.999689 -0.183601 -0.718939 -0.670386 -0.81898 0.568048 -0.0811957 -0.749816 0.64764 -0.135418 -0.767595 0.640935 -1.67792e-06 -0.778431 0.62773 1.71758e-06 -0.190528 -0.681905 0.70619 -0.191846 -0.605031 0.772743 0.00125664 -0.0010121 0.999999 0.000756833 -0.00059038 0.999999 -0.00939615 0.00770004 0.999926 -0.197797 -0.716053 0.669436 0.189664 0.606568 0.772077 0.187686 0.683366 0.705538 0.203746 0.713134 0.670767 0.177116 0.721566 -0.669307 -0.751241 0.645175 0.139236 -0.816943 0.571572 0.0768718 4.21306e-07 -2.48046e-07 -1 -0.106122 -0.667036 -0.737429 0.0255035 -0.707112 -0.706642 -3.64872e-07 -1.25554e-07 -1 0.585143 0.429406 0.687908 0.693324 0.669871 0.265659 0.719341 0.694657 1.66311e-06 0.735404 0.511037 0.444997 0.815069 0.575174 -0.0695527 0.735404 0.511037 -0.444997 0.918296 0.3176 0.236355 0.909764 0.415126 1.17097e-06 0.996195 0.0871565 -3.00135e-12 0.996195 0.0871565 -2.29701e-06 0.918297 0.317594 -0.236356 0.996195 0.0871563 -3.79677e-07 0.798688 0.593879 0.0969817 0.670884 0.695043 -0.258515 0.694662 0.719336 -2.43977e-06 0.711402 0.52792 0.463904 0.560205 0.447878 -0.696832 0.711404 0.527917 -0.463904 0.106121 0.667035 -0.737429 -0.0255033 0.707111 -0.706643 0.00395049 -0.000892412 -0.999992 -0.117664 -0.68628 -0.717757 0.115309 0.68696 -0.717488 0.657459 0.680656 -0.323194 0.558899 0.470815 -0.682617 0.759005 0.636831 -0.135489 0.777372 0.628829 -0.0163617 0.697724 0.716364 0.00170017 0.779633 0.613295 0.126657 0.909623 0.415062 -0.0175645 0.683863 0.729087 -0.0276443 0.76404 0.62762 -0.14945 0.678448 0.654698 0.333285 0.76971 0.616531 0.165639 0.583283 0.452589 0.674496 0.724747 0.584439 0.36493 0.537411 0.790026 0.295041 0.559608 0.757906 0.335286 0.793973 0.480374 0.372623 0.741261 0.668902 0.0556964 0.719241 0.694675 -0.0108915 0.719023 0.694757 0.0178716 0.741758 0.651409 0.159563 0.728411 0.679859 -0.0849119 0.745425 0.663243 -0.0667127 0.720261 0.687114 -0.0953883 0.773356 0.633741 -0.017095 0.788415 0.614905 -0.0171596 0.725624 0.68145 -0.0953709 0.738229 0.6707 0.0719687 0.743063 0.665526 0.0702246 0.709367 0.696354 0.10904 0.694569 0.719365 0.0093673 0.694358 0.719453 -0.0159674 0.728161 0.679232 0.0917962 0.724069 0.684981 -0.0807772 0.721706 0.667686 -0.18258 0.875616 0.414725 0.247588 0.918776 0.35947 0.163192 0.909761 0.415132 -7.12231e-08 0.996195 0.0871564 1.38093e-12 0.996194 0.0871575 1.11842e-06 0.918295 0.317601 -0.236355 0.815068 0.575175 0.0695531 0.735404 0.511038 0.444996 0.719338 0.69466 2.77184e-07 0.693325 0.669869 -0.265662 0.735406 0.511034 -0.444996 0.585143 0.429404 -0.68791 -0.106113 -0.667037 0.737429 0.0255112 -0.707112 0.706641 1.04419e-06 -1.16151e-06 1 -3.46222e-07 -3.45328e-06 1 -0.025512 0.707112 0.706641 0.106115 0.66704 0.737426 0.560199 0.447885 0.696833 0.711406 0.527915 0.463904 0.694661 0.719337 -1.32797e-06 0.670877 0.695052 0.258509 0.711413 0.527912 -0.463898 0.79868 0.593888 -0.0969917 0.918295 0.317601 0.236356 0.996194 0.0871576 -1.29338e-06 0.586635 0.729864 0.350937 0.514117 0.815682 0.26523 0.715491 0.597435 0.362137 0.840143 0.383364 0.383657 0.798999 0.511131 0.316774 0.908264 0.383185 0.168003 0.754356 0.639623 0.147747 0.660191 0.682455 0.313692 0.598399 0.495424 0.629661 0.0962134 0.718004 0.689357 -0.00057408 4.59368e-05 1 -0.0944873 -0.718382 0.689202 0.623645 0.47659 -0.61962 0.681272 0.656429 -0.323991 0.764791 0.619206 -0.177987 -0.0213177 -0.0128976 -0.99969 0.183584 -0.718947 -0.670382 -0.818981 -0.568047 0.0811957 -0.778431 -0.62773 6.44088e-07 -0.767591 -0.640939 1.65632e-06 -0.749815 -0.647641 0.13542 0.190537 -0.6819 0.706193 -0.000755706 -0.000589261 1 -0.00125492 -0.00101028 0.999999 0.191844 -0.605031 0.772744 0.00939529 0.00769942 0.999926 0.197809 -0.716047 0.669439 -0.187702 0.683358 0.705542 -0.189668 0.606565 0.772078 -0.203757 0.713128 0.670769 -0.177101 0.721573 -0.669304 -0.816941 -0.571576 -0.076867 -0.751238 -0.645178 -0.139237 -2.19532e-06 -7.97622e-07 -1 3.47785e-06 -4.42296e-07 -1 -0.0255212 -0.70711 -0.706643 0.10611 -0.667038 -0.737428 -0.560206 0.447878 0.696832 -0.711408 0.527915 0.463902 -0.694662 0.719336 -4.32364e-07 -0.67088 0.695048 0.25851 -0.71141 0.527914 -0.4639 -0.79868 0.593888 -0.0969932 0.918296 -0.317599 -0.236356 0.996195 -0.0871563 5.32704e-07 0.996195 -0.0871565 1.37852e-07 0.909763 -0.415127 -1.25896e-06 0.996195 -0.0871566 3.67256e-07 0.918296 -0.317597 0.236356 -0.815072 0.57517 0.0695481 -0.735402 0.511039 0.444997 -0.719334 0.694664 -1.20113e-06 -0.693322 0.669872 -0.265662 -0.735398 0.511042 -0.445002 -0.585146 0.429403 -0.687908 -0.106103 0.66704 -0.737427 0.0255146 0.70711 -0.706643 0.117664 -0.686277 -0.71776 -0.00395395 -0.000893367 -0.999992 -0.115299 0.686961 -0.717489 -0.583285 0.452583 -0.674498 -0.678451 0.654693 -0.333288 -0.769713 0.616526 -0.165642 -0.633082 0.711112 0.30582 -0.56338 0.798202 0.213255 -0.747232 0.604451 0.276194 -0.869594 0.396797 0.293867 -0.788143 0.572312 0.226474 -0.885789 0.456185 0.0852813 -0.758998 0.636841 0.135483 -0.657458 0.680657 0.323194 -0.558882 0.470824 0.682624 -0.778368 0.627682 -0.0125931 -0.855518 0.51761 -0.0129745 -0.763616 0.631826 0.132992 -0.734988 0.674957 0.0650038 -0.72407 0.684981 0.0807753 -0.721705 0.667686 0.182583 -0.694361 0.71945 0.0159676 -0.69457 0.719364 -0.00936763 -0.728161 0.679232 -0.0917948 -0.709367 0.696355 -0.109039 -0.859347 0.492455 0.137878 -0.857373 0.491078 0.154124 -0.757534 0.59082 0.277622 -0.743242 0.609066 0.276823 -0.589966 0.765409 0.257077 -0.582162 0.774981 0.245949 -0.72841 0.67986 0.084911 -0.745425 0.663243 0.0667106 -0.719023 0.694756 -0.0178729 -0.71924 0.694676 0.010891 -0.741756 0.65141 -0.159569 -0.741261 0.668902 -0.0556964 -0.72217 0.686661 -0.0834666 -0.750056 0.644215 -0.149672 0.909763 -0.415128 -4.93603e-08 0.918296 -0.317599 0.236355 0.996195 -0.0871563 4.54168e-07 0.996195 -0.0871548 -3.16206e-14 -0.798676 0.593891 0.0970027 -0.670875 0.695053 -0.258511 -0.694665 0.719334 -5.86779e-07 -0.711423 0.527904 0.463891 -0.560206 0.447877 -0.696832 -0.711409 0.527913 -0.463901 0.106115 -0.667039 0.737427 -1.56724e-07 -5.14774e-06 1 4.87682e-06 -2.67839e-06 1 -0.025513 -0.707111 0.706642 -0.106113 0.66704 0.737426 0.0255181 0.707111 0.706641 -0.585138 0.429411 0.68791 -0.693325 0.669869 0.265661 -0.719341 0.694658 -2.06348e-06 -0.735402 0.511039 0.444997 -0.815073 0.575169 -0.0695482 -0.735409 0.511032 -0.444994 0.918296 -0.317596 -0.236357 0.996195 -0.0871515 -1.35924e-06 -0.767543 0.640894 -0.0115543 -0.689678 0.724115 -0.000818537 -0.777428 0.615399 0.129957 -0.909693 0.415096 -0.0124282 -0.679937 0.733058 -0.0176639 -0.766396 0.625537 -0.146087 -0.68127 0.656429 0.323993 -0.764793 0.619202 0.177991 -0.623648 0.47659 0.619617 0.000565876 4.38572e-05 1 -0.0962127 0.718006 0.689355 0.0944851 -0.718385 0.689199 -0.660189 0.682457 -0.313691 -0.598402 0.495423 -0.629659 -0.754352 0.639632 -0.147729 0.0213086 -0.012892 -0.99969 -0.183586 -0.718947 -0.670382 -0.818979 0.568049 -0.0811943 -0.749816 0.64764 -0.135419 -0.767594 0.640936 -1.67618e-06 -0.77843 0.627732 1.83734e-06 -0.190522 -0.681909 0.706188 -0.191837 -0.605036 0.772742 0.00125614 -0.00101167 0.999999 0.00075649 -0.000590109 1 -0.00940154 0.00770445 0.999926 -0.197811 -0.716047 0.669439 0.189656 0.606572 0.772076 0.187683 0.683369 0.705537 0.203754 0.713129 0.670769 0.177104 0.721573 -0.669303 -0.751239 0.645177 0.139236 -0.816943 0.571572 0.0768721 -2.14705e-06 -7.57397e-07 -1 2.91898e-07 -7.95747e-08 -1 -0.0255157 -0.70711 -0.706643 0.106118 -0.667036 -0.737429 -0.560206 0.447878 0.696832 -0.711408 0.527915 0.463902 -0.694663 0.719336 -6.48546e-07 -0.670879 0.695049 0.258509 -0.711412 0.527912 -0.463899 -0.798674 0.593894 -0.0970034 0.918296 -0.317597 -0.236358 0.996195 -0.0871518 -2.61251e-06 0.996195 -0.0871549 1.37856e-07 0.909764 -0.415127 -1.41605e-06 0.996195 -0.0871571 -1.608e-06 0.918296 -0.317598 0.236354 -0.815062 0.575182 0.0695653 -0.735396 0.511044 0.445003 -0.719334 0.694664 -1.17033e-06 -0.693321 0.669873 -0.265662 -0.735403 0.511038 -0.444998 -0.585145 0.429404 -0.687908 -0.106112 0.667038 -0.737428 0.0255159 0.70711 -0.706643 0.117662 -0.686278 -0.717759 -0.00394313 -0.000890869 -0.999992 -0.115306 0.68696 -0.717489 -0.583277 0.45259 -0.6745 -0.678453 0.654691 -0.333289 -0.769709 0.616535 -0.16563 -0.633086 0.71111 0.305817 -0.563384 0.7982 0.213248 -0.747232 0.604451 0.276193 -0.869596 0.396797 0.293862 -0.788137 0.572329 0.226452 -0.88578 0.456209 0.0852524 -0.758991 0.636853 0.135464 -0.657456 0.68066 0.323193 -0.558895 0.470815 0.682619 -0.778368 0.627682 -0.0125932 -0.855517 0.517611 -0.0129749 -0.763616 0.631826 0.132991 -0.734988 0.674957 0.0650039 -0.72407 0.684981 0.0807753 -0.72171 0.667683 0.182577 -0.694361 0.71945 0.0159675 -0.69457 0.719364 -0.00936759 -0.728161 0.679231 -0.091795 -0.709367 0.696354 -0.109038 -0.859347 0.492456 0.137878 -0.857371 0.491082 0.154121 -0.757535 0.59082 0.27762 -0.743241 0.609067 0.276822 -0.589965 0.76541 0.257079 -0.582163 0.774981 0.245948 -0.728408 0.679862 0.0849124 -0.745425 0.663243 0.0667098 -0.719026 0.694754 -0.017873 -0.71924 0.694677 0.0108908 -0.741758 0.65141 -0.159566 -0.741262 0.668901 -0.0556947 -0.72217 0.686661 -0.0834668 -0.750056 0.644216 -0.149672 0.909763 -0.415128 3.65237e-08 0.918296 -0.317599 0.236354 0.996195 -0.0871564 2.77727e-07 0.996195 -0.0871556 1.69496e-13 -0.798678 0.593889 0.0969992 -0.670876 0.695053 -0.25851 -0.694672 0.719326 -1.85298e-07 -0.711418 0.527908 0.463894 -0.560201 0.447881 -0.696834 -0.711407 0.527916 -0.463902 0.106116 -0.667038 0.737427 -2.11726e-06 -5.64189e-06 1 -2.086e-06 -2.05322e-06 1 -0.0255078 -0.707112 0.706641 -0.106118 0.667039 0.737427 0.0255084 0.707113 0.706641 -0.585142 0.429408 0.687908 -0.693328 0.669866 0.265662 -0.719345 0.694653 -2.03268e-06 -0.735408 0.511036 0.444991 -0.815069 0.575174 -0.0695546 -0.73541 0.511032 -0.444992 0.918296 -0.317597 -0.236356 0.996195 -0.0871542 -2.21271e-07 -0.767543 0.640893 -0.0115528 -0.689675 0.724119 -0.00081062 -0.777425 0.615402 0.129961 -0.909693 0.415096 -0.0124269 -0.67994 0.733055 -0.0176589 -0.766399 0.625534 -0.146081 -0.68127 0.65643 0.323992 -0.764788 0.619213 0.177976 -0.623647 0.476591 0.619617 0.000571037 4.42731e-05 1 -0.0962137 0.718007 0.689354 0.0944891 -0.718384 0.689199 -0.660188 0.682459 -0.313691 -0.598409 0.495418 -0.629657 -0.754353 0.63963 -0.147731 0.0213174 -0.0128973 -0.99969 -0.183597 -0.718942 -0.670384 -0.81898 0.568049 -0.0811945 -0.749817 0.64764 -0.135418 -0.767594 0.640936 -1.60848e-06 -0.77843 0.627732 1.88341e-06 -0.190522 -0.681909 0.706188 -0.191839 -0.605035 0.772742 0.00125664 -0.00101233 0.999999 0.000756636 -0.000590291 1 -0.00939717 0.00770087 0.999926 -0.197805 -0.716049 0.669438 0.189657 0.606571 0.772076 0.187681 0.68337 0.705537 0.203755 0.713129 0.670769 0.177109 0.721571 -0.669304 -0.75124 0.645176 0.139236 -0.816944 0.571571 0.0768733 -0.942482 -0.334256 2.42104e-07 -1 1.94612e-08 2.89039e-07 -1 4.47237e-08 -4.47237e-08 -0.91745 -0.391964 0.0681913 0.917449 0.0681874 -0.391967 1 -4.47237e-08 4.47237e-08 1 -6.5541e-24 1.07037e-07 0.942482 4.84072e-07 -0.334256 1 4.64438e-08 4.6444e-08 0.917448 -0.0681859 -0.391969 -0.917446 0.391975 0.0681796 -1 -4.64438e-08 -4.6444e-08 -1 -2.6759e-08 -5.76998e-14 -0.942483 0.334255 -1.11283e-05 -1 -5.16044e-08 5.16047e-08 -0.917453 0.391955 -0.0682009 -0.917449 0.0681835 -0.391968 -1 -5.16044e-08 5.16047e-08 -1 2.30801e-13 1.07037e-07 -0.942482 9.6374e-07 -0.334257 -1 -3.4477e-07 4.27337e-07 -0.917446 -0.0681762 -0.391976 -0.917448 -0.39197 -0.0681838 -1 -6.33809e-07 7.16376e-07 -0.883821 -0.461839 0.0746048 -0.918941 -0.394396 1.65313e-06 -0.883817 -0.461848 -0.0745936 -0.883812 -0.0745778 -0.46186 -0.91894 2.56993e-06 -0.394397 -0.883818 0.0745973 -0.461844 -0.883824 0.461831 -0.0746108 -0.918941 0.394395 -1.5691e-05 -0.883814 0.461855 0.0745868 0.883817 -0.0745945 -0.461848 0.918941 -2.22855e-07 -0.394396 0.883818 0.0745962 -0.461845 -0.883821 0.461838 -0.0746045 -0.918941 0.394396 -1.65556e-06 0.918941 1.34024e-07 0.394395 0.883817 -0.0745918 0.461848 0.883817 0.0745942 0.461847 -0.918942 -0.394394 1.56609e-05 -0.883815 -0.461854 -0.0745864 -0.883825 -0.46183 0.0746104 -0.918941 -2.56501e-06 0.394396 -0.883819 -0.0745971 0.461843 -0.883812 0.0745776 0.461859 -0.883818 0.461847 0.074593 -0.942482 0.334256 -2.33467e-07 -0.91745 0.391963 -0.0681911 -1 -4.47238e-08 4.47238e-08 -1 -1.94612e-08 -2.70062e-07 0.917448 -0.0681827 0.39197 0.942483 5.01389e-07 0.334255 1 6.55411e-24 -1.07037e-07 1 4.47238e-08 -4.47238e-08 0.917449 0.0681857 0.391968 1 -4.64439e-08 -4.64441e-08 -0.917446 -0.391974 -0.0681794 -0.942483 -0.334254 1.10869e-05 -1 2.6759e-08 5.76999e-14 -1 4.64439e-08 4.64441e-08 -0.917453 -0.391954 0.0682006 -1 5.16045e-08 -5.16048e-08 -0.917449 -0.0681832 0.391967 -0.942482 -9.65857e-07 0.334256 -1 -2.37396e-13 -1.07037e-07 -1 5.16045e-08 -5.16048e-08 -0.917446 0.068176 0.391976 -1 3.46475e-07 -4.29042e-07 -0.917448 0.391969 0.0681838 -1 5.89486e-07 -6.72053e-07 -1 2.32746e-06 -6.03653e-07 -0.737428 0.667037 0.106116 -0.706642 0.707111 -0.02551 -1 2.68003e-06 3.46302e-06 -0.687908 0.429404 0.585145 -0.265658 0.669877 0.693319 6.46763e-07 0.694657 0.719341 -0.444991 0.511033 0.73541 0.0695723 0.575187 0.815058 0.445 0.511041 0.735399 -0.236355 0.317598 0.918296 -8.17041e-07 0.415125 0.909764 9.92288e-07 0.0871565 0.996195 1.73856e-07 0.087156 0.996195 0.236355 0.317597 0.918297 5.72815e-07 0.0871563 0.996195 -0.0969808 0.593878 0.798689 0.258515 0.695038 0.670889 1.26621e-06 0.719335 0.694663 -0.463905 0.52792 0.711402 0.696833 0.447874 0.560208 0.463902 0.527915 0.711408 -0.73743 -0.667036 -0.106115 -0.706643 -0.707111 0.0255028 -0.999992 0.000893691 -0.00395165 -0.717759 0.686277 0.117664 -0.717489 -0.68696 -0.115306 0.323198 0.680651 0.657463 0.682627 0.470829 0.558875 0.135494 0.636829 0.759006 0.0163644 0.628828 0.777373 -0.00169581 0.716363 0.697726 -0.126654 0.613293 0.779635 0.0175675 0.415061 0.909624 0.027642 0.729084 0.683866 0.149446 0.627617 0.764044 -0.333284 0.654699 0.678448 -0.165619 0.616543 0.769705 -0.674501 0.452595 0.583271 -0.36493 0.584439 0.724747 -0.29504 0.790025 0.537412 -0.335287 0.757907 0.559606 -0.372624 0.480375 0.793971 -0.0556963 0.668902 0.741261 0.0108916 0.694677 0.71924 -0.0178728 0.69475 0.719029 -0.159563 0.651408 0.741759 0.0849146 0.67986 0.728409 0.0667076 0.663242 0.745427 0.0953906 0.687115 0.720259 0.0170979 0.633741 0.773357 0.0171624 0.614904 0.788415 0.0953722 0.681452 0.725622 -0.0719671 0.670699 0.73823 -0.0702219 0.665526 0.743064 -0.109042 0.696355 0.709366 -0.00936707 0.719367 0.694567 0.0159679 0.719454 0.694356 -0.0917943 0.679232 0.72816 0.0807792 0.684982 0.724068 0.182592 0.667693 0.721697 -0.247589 0.414723 0.875617 -0.163193 0.359466 0.918778 -1 -1.81454e-07 -6.72707e-07 -1 2.54299e-07 -2.493e-06 -0.706644 0.707109 -0.0255208 -0.727813 0.667665 -0.156563 -0.0695505 0.575172 0.81507 -0.444999 0.511042 0.735399 6.15964e-08 0.694659 0.719339 0.265664 0.669862 0.693331 0.444993 0.511031 0.73541 0.68791 0.429403 0.585144 -0.737429 -0.667036 -0.106117 -0.706641 -0.707112 0.0255003 -1 -1.36649e-06 -1.043e-06 -1 -3.9449e-06 1.8485e-06 -0.706641 0.707112 -0.0255127 -0.737426 0.66704 0.106116 -0.696832 0.447883 0.560201 -0.463902 0.527914 0.711409 1.57504e-06 0.71934 0.694658 -0.25851 0.695048 0.670881 0.463901 0.527916 0.711407 0.0969841 0.593881 0.798686 -0.727812 -0.667665 0.156565 -0.706644 -0.707109 0.0255234 -0.350924 0.729858 0.586652 -0.265214 0.815677 0.514132 -0.362116 0.597436 0.715501 -0.383633 0.383368 0.840151 -0.316751 0.511148 0.798997 -0.167979 0.383206 0.90826 -0.14776 0.639612 0.754363 -0.313695 0.682448 0.660197 -0.629662 0.495422 0.598401 -0.689357 0.718004 0.0962164 -1 4.52779e-05 -0.00056615 -0.689202 -0.718383 -0.0944853 0.619625 0.476598 0.623634 0.323992 0.656426 0.681274 0.177991 0.619201 0.764794 -0.99969 0.0128926 0.0213093 -0.670382 0.718947 -0.183586 -0.0811947 -0.568048 -0.81898 -7.57447e-07 -0.62773 -0.778431 3.31508e-07 -0.640935 -0.767595 -0.135412 -0.647643 -0.749814 -0.706188 -0.681909 0.190522 -1 -0.000589888 -0.000756384 -0.999999 -0.00101227 -0.00125571 -0.772741 -0.605038 0.191834 -0.999926 0.00770602 0.00940354 -0.669439 -0.716047 0.197809 -0.705536 0.683369 -0.187684 -0.772075 0.606573 -0.189655 -0.670768 0.71313 -0.203753 -0.669304 -0.721572 0.177104 0.0768668 -0.571576 -0.816941 0.139235 -0.645176 -0.75124 -1 1.8488e-07 1.97841e-07 -1 4.01952e-07 -3.5443e-06 -0.706643 0.70711 0.0255101 -0.737429 0.667037 -0.106115 -0.696831 0.447875 -0.560209 -0.463904 0.527917 -0.711405 -9.8826e-07 0.719338 -0.69466 -0.258513 0.695044 -0.670883 0.463901 0.527917 -0.711407 0.0969927 0.593887 -0.79868 0.236356 -0.317598 0.918296 -9.48308e-08 -0.0871561 0.996195 4.76627e-13 -0.0871565 0.996195 1.21915e-06 -0.415126 0.909764 -2.34419e-07 -0.0871565 0.996195 -0.236355 -0.317596 0.918297 -0.0695469 0.575169 -0.815073 -0.444994 0.511038 -0.735405 2.24827e-06 0.694658 -0.71934 0.265664 0.669871 -0.693322 0.444997 0.511037 -0.735404 0.687909 0.429404 -0.585144 -0.737429 -0.667037 0.106114 -0.706643 -0.707111 -0.0255035 -0.717758 0.686279 -0.117663 -0.999992 0.000893061 0.00395307 -0.717487 -0.686962 0.115304 0.674497 0.452591 -0.58328 0.333284 0.654699 -0.678448 0.165638 0.616527 -0.769713 -0.305797 0.711102 -0.633105 -0.213214 0.79819 -0.563411 -0.276192 0.60445 -0.747233 -0.293871 0.396796 -0.869594 -0.226472 0.572311 -0.788143 -0.0852778 0.456187 -0.885788 -0.135485 0.636838 -0.759 -0.323195 0.680652 -0.657463 -0.682621 0.470828 -0.558882 0.0125935 0.627681 -0.778369 0.0129746 0.517611 -0.855518 -0.132989 0.631827 -0.763615 -0.0650042 0.674956 -0.734989 -0.0807781 0.684982 -0.724068 -0.182583 0.667689 -0.721703 -0.0159673 0.719449 -0.694362 0.00936743 0.719367 -0.694567 0.0917922 0.679229 -0.728163 0.10904 0.696354 -0.709367 -0.137869 0.492463 -0.859344 -0.154125 0.491077 -0.857373 -0.277624 0.59082 -0.757534 -0.276821 0.609066 -0.743242 -0.257078 0.765409 -0.589967 -0.245955 0.774984 -0.582156 -0.0849113 0.67986 -0.72841 -0.0667119 0.663243 -0.745425 0.0178723 0.694756 -0.719024 -0.0108912 0.694675 -0.719241 0.159564 0.65141 -0.741757 0.0556965 0.668902 -0.741261 0.0834678 0.686661 -0.72217 0.14967 0.644217 -0.750056 2.93261e-08 0.415132 -0.909761 0.236354 0.317601 -0.918295 -9.80002e-07 0.0871619 -0.996194 2.70283e-07 0.0871628 -0.996194 -0.0969808 0.593878 -0.798689 0.258512 0.695042 -0.670886 -4.63247e-07 0.719336 -0.694663 -0.463904 0.527919 -0.711404 0.696834 0.447878 -0.560204 0.463902 0.527913 -0.711409 -0.737429 -0.667036 0.106121 -1 -2.83472e-06 2.79957e-06 -1 -1.69933e-06 2.72082e-06 -0.706642 -0.707112 -0.0255132 -0.737427 0.667037 -0.106127 -0.706641 0.707112 0.0255075 -0.687907 0.429408 -0.585144 -0.26566 0.669872 -0.693322 1.23193e-06 0.694658 -0.71934 -0.444997 0.511036 -0.735405 0.0695513 0.575174 -0.815069 0.444994 0.511037 -0.735406 -0.236353 0.317605 -0.918294 -3.94318e-07 0.0871605 -0.996194 0.0115525 0.640892 -0.767544 0.000806233 0.72412 -0.689673 -0.129963 0.615404 -0.777424 0.0124296 0.4151 -0.909691 0.0176717 0.733061 -0.679933 0.146093 0.625543 -0.766389 -0.323989 0.656432 -0.681269 -0.177989 0.619203 -0.764792 -0.619616 0.476589 -0.62365 -1 4.63168e-05 0.000580412 -0.689357 0.718002 -0.0962275 -0.689202 -0.718382 0.0944939 0.313692 0.682451 -0.660195 0.629659 0.49542 -0.598405 0.147757 0.639613 -0.754363 -0.99969 0.0128975 -0.0213172 -0.670383 0.718945 0.183586 0.0811946 0.568048 -0.81898 0.135413 0.647643 -0.749815 -5.84646e-07 0.640935 -0.767595 5.63807e-07 0.62773 -0.778431 -0.706191 -0.681904 -0.190531 -0.77274 -0.605039 -0.191835 -0.999999 -0.00100943 0.00125364 -1 -0.000588564 0.000754702 -0.999926 0.00768966 -0.00938342 -0.669441 -0.716042 -0.197819 -0.772076 0.606571 0.18966 -0.705541 0.68336 0.187699 -0.670769 0.713128 0.203757 -0.669305 -0.721572 -0.177103 -0.139236 0.645176 -0.75124 -0.0768675 0.571575 -0.816941 -1 5.57172e-08 4.57656e-07 -0.737428 0.667037 0.106117 -0.706642 0.707111 -0.0255078 -1 -1.41425e-07 -2.47638e-06 -0.687908 0.429405 0.585145 -0.265658 0.669872 0.693324 -1.41672e-06 0.694659 0.719339 -0.444998 0.511037 0.735403 0.0695546 0.575175 0.815068 0.444998 0.511038 0.735402 -0.236354 0.3176 0.918296 -1.82329e-07 0.415126 0.909764 9.92289e-07 0.0871565 0.996195 2.40501e-06 0.0871564 0.996195 0.236357 0.317594 0.918297 7.52287e-07 0.0871561 0.996195 -0.0969735 0.593873 0.798693 0.258517 0.695037 0.67089 2.5633e-06 0.719343 0.694655 -0.463909 0.527926 0.711395 0.696831 0.447874 0.560211 0.463905 0.527917 0.711404 -0.737429 -0.667036 -0.106118 -0.706643 -0.70711 0.0255136 -0.999992 0.000891675 -0.00394708 -0.717755 0.686284 0.11765 -0.717488 -0.686962 -0.115303 0.3232 0.680643 0.65747 0.682621 0.470825 0.558885 0.135507 0.636819 0.759012 0.0163741 0.628828 0.777372 -0.0016915 0.71636 0.697729 -0.126649 0.61329 0.779638 0.0175769 0.415062 0.909623 0.0276506 0.729089 0.68386 0.149454 0.627622 0.764038 -0.333284 0.654698 0.678449 -0.165638 0.616531 0.76971 -0.674496 0.452592 0.58328 -0.364931 0.584438 0.724746 -0.295039 0.790025 0.537413 -0.335286 0.757907 0.559608 -0.37262 0.480375 0.793974 -0.0556961 0.668902 0.741261 0.0108916 0.694676 0.719241 -0.0178714 0.694757 0.719023 -0.159565 0.651411 0.741757 0.0849132 0.679859 0.72841 0.0667127 0.663243 0.745425 0.0953886 0.687114 0.720261 0.0170953 0.633741 0.773356 0.0171598 0.614905 0.788415 0.0953709 0.68145 0.725625 -0.0719688 0.6707 0.738229 -0.0702242 0.665526 0.743064 -0.109042 0.696355 0.709365 -0.00936721 0.719365 0.694569 0.0159677 0.719451 0.69436 -0.0917948 0.679231 0.728162 0.0807771 0.684981 0.724069 0.182584 0.667689 0.721703 -0.247592 0.41472 0.875617 -0.163188 0.359474 0.918775 -3.31262e-07 -0.415132 -0.909761 9.97529e-13 -0.0871564 -0.996195 6.23845e-07 -0.0871573 -0.996194 -0.236356 -0.3176 -0.918295 -0.069551 0.575174 0.815069 -0.444996 0.511038 0.735404 6.15964e-08 0.69466 0.719338 0.265662 0.669869 0.693324 0.444997 0.511035 0.735405 0.68791 0.429403 0.585144 -0.73743 -0.667034 -0.106125 -0.706641 -0.707112 0.0255003 -1 -1.64504e-06 -4.01418e-06 -1 -4.67876e-06 4.73388e-06 -0.706641 0.707112 -0.0255062 -0.737426 0.667039 0.106117 -0.696831 0.44788 0.560206 -0.463898 0.527911 0.711413 1.57504e-06 0.719336 0.694662 -0.258509 0.695052 0.670877 0.463903 0.527916 0.711406 0.0969957 0.593891 0.798678 0.236356 -0.317601 -0.918295 -1.46197e-06 -0.0871575 -0.996194 -0.350923 0.729859 0.58665 -0.265205 0.815678 0.514136 -0.362133 0.597436 0.715492 -0.383656 0.383364 0.840143 -0.316774 0.511131 0.798999 -0.168003 0.383185 0.908264 -0.147747 0.639623 0.754356 -0.313692 0.682454 0.660192 -0.629664 0.495427 0.598395 -0.689356 0.718006 0.0962031 -1 4.46155e-05 -0.000556963 -0.689202 -0.718382 -0.094488 0.61962 0.476589 0.623646 0.32399 0.65643 0.681271 0.177988 0.619205 0.764791 -0.99969 0.0128975 0.0213175 -0.670384 0.718941 -0.183599 -0.0811949 -0.568048 -0.81898 1.49409e-06 -0.62773 -0.778431 3.29766e-07 -0.640939 -0.767592 -0.135414 -0.647645 -0.749813 -0.706192 -0.681903 0.190531 -1 -0.000588387 -0.000754515 -0.999999 -0.00100909 -0.00125309 -0.77274 -0.605039 0.191833 -0.999926 0.00771241 0.0094113 -0.669439 -0.716047 0.197809 -0.705542 0.683359 -0.187702 -0.772076 0.606571 -0.18966 -0.67077 0.713127 -0.203759 -0.669307 -0.721567 0.177115 0.076872 -0.571571 -0.816944 0.139238 -0.645177 -0.751239 -1 1.41483e-06 2.37826e-06 -1 1.55471e-06 -3.36869e-06 -0.706642 0.70711 0.0255212 -0.737428 0.667039 -0.106109 -0.696832 0.447878 -0.560206 -0.463907 0.52792 -0.711401 2.47065e-07 0.719338 -0.69466 -0.25851 0.695047 -0.670881 0.463899 0.527914 -0.71141 0.0969914 0.593886 -0.798682 0.236355 -0.317598 0.918296 -2.60785e-07 -0.0871563 0.996195 3.17359e-13 -0.0871565 0.996195 1.86224e-06 -0.415125 0.909764 -9.62895e-08 -0.0871566 0.996195 -0.236355 -0.317597 0.918297 -0.0695458 0.575168 -0.815074 -0.444988 0.511031 -0.735413 1.81709e-06 0.69466 -0.719339 0.265663 0.669871 -0.693322 0.445004 0.51104 -0.735397 0.68791 0.429405 -0.585142 -0.737427 -0.667041 0.106104 -0.706643 -0.70711 -0.0255142 -0.717759 0.686278 -0.117663 -0.999992 0.000892871 0.00395205 -0.717488 -0.686962 0.115299 0.674498 0.452586 -0.583283 0.333288 0.654693 -0.678451 0.165641 0.616527 -0.769713 -0.305822 0.711112 -0.633082 -0.213256 0.798202 -0.563379 -0.276197 0.604449 -0.747232 -0.293861 0.396795 -0.869597 -0.226441 0.572335 -0.788135 -0.0852386 0.45622 -0.885775 -0.135483 0.636839 -0.758999 -0.323193 0.680659 -0.657456 -0.682623 0.470824 -0.558884 0.012593 0.627682 -0.778368 0.0129748 0.517613 -0.855516 -0.132991 0.631827 -0.763616 -0.065004 0.674957 -0.734988 -0.0807753 0.684981 -0.72407 -0.182584 0.667689 -0.721703 -0.0159675 0.719453 -0.694358 0.00936742 0.719364 -0.69457 0.0917954 0.679233 -0.72816 0.109039 0.696355 -0.709366 -0.137872 0.492463 -0.859344 -0.154125 0.491079 -0.857372 -0.277623 0.59082 -0.757533 -0.276819 0.609068 -0.743241 -0.257078 0.76541 -0.589965 -0.24595 0.774982 -0.58216 -0.0849084 0.679859 -0.728411 -0.0667104 0.663244 -0.745424 0.0178728 0.694757 -0.719023 -0.0108912 0.694673 -0.719244 0.159568 0.651412 -0.741755 0.0556938 0.6689 -0.741263 0.0834668 0.686661 -0.72217 0.149671 0.644217 -0.750056 -1.96909e-07 0.415128 -0.909763 0.236355 0.317599 -0.918296 1.60685e-07 0.0871561 -0.996195 2.70288e-07 0.0871546 -0.996195 -0.0970057 0.593893 -0.798674 0.258508 0.695059 -0.67087 3.70598e-07 0.719341 -0.694657 -0.463896 0.527908 -0.711417 0.696835 0.447883 -0.560199 0.463911 0.527922 -0.711396 -0.737428 -0.667036 0.106123 -1 -5.34185e-06 -1.72157e-06 -1 -2.58318e-06 -3.0851e-08 -0.706642 -0.707112 -0.0255025 -0.737427 0.667039 -0.10612 -0.706641 0.707112 0.0255039 -0.687907 0.429407 -0.585144 -0.265659 0.669875 -0.693321 2.03268e-06 0.694652 -0.719346 -0.444988 0.511031 -0.735413 0.0695627 0.57518 -0.815064 0.444997 0.511036 -0.735405 -0.236357 0.317597 -0.918296 -9.42216e-07 0.087152 -0.996195 0.011553 0.640894 -0.767542 0.000807313 0.72412 -0.689673 -0.129964 0.615403 -0.777424 0.0124282 0.415096 -0.909693 0.0176645 0.733059 -0.679936 0.146088 0.625538 -0.766394 -0.32399 0.656435 -0.681266 -0.177978 0.619212 -0.764788 -0.619617 0.476593 -0.623646 -1 4.4324e-05 0.000566949 -0.689354 0.718007 -0.0962125 -0.6892 -0.718383 0.0944957 0.31369 0.682456 -0.660191 0.629656 0.49542 -0.598408 0.147729 0.639632 -0.754352 -0.99969 0.0128956 -0.0213141 -0.670383 0.718946 0.183587 0.0811931 0.56805 -0.818979 0.135412 0.647644 -0.749814 -6.91335e-07 0.640937 -0.767594 2.92149e-06 0.627732 -0.77843 -0.706188 -0.681909 -0.190522 -0.772742 -0.605036 -0.191836 -0.999999 -0.00101227 0.00125587 -0.999999 -0.000589724 0.000756121 -0.999926 0.00770719 -0.00940479 -0.669435 -0.716056 -0.197792 -0.772076 0.606572 0.189656 -0.705537 0.683369 0.187682 -0.670768 0.713132 0.203748 -0.669304 -0.721572 -0.177103 -0.139233 0.645179 -0.751238 -0.0768627 0.57158 -0.816939 -1 1.08351e-06 4.16956e-06 -0.737427 0.66704 0.106107 -0.706642 0.707111 -0.0255105 -1 2.66327e-06 3.41437e-06 -0.687908 0.429403 0.585146 -0.26566 0.66987 0.693325 6.46763e-07 0.694663 0.719336 -0.444997 0.511038 0.735403 0.0695605 0.575178 0.815065 0.445001 0.511042 0.735398 -0.236355 0.317598 0.918296 -8.21225e-07 0.415125 0.909764 9.92295e-07 0.0871565 0.996195 1.73856e-07 0.087156 0.996195 0.236354 0.317597 0.918297 2.08269e-07 0.0871566 0.996195 -0.0969881 0.593883 0.798684 0.258512 0.695049 0.670879 1.26621e-06 0.719333 0.694666 -0.463891 0.527907 0.711421 0.696835 0.447878 0.560202 0.463902 0.527915 0.711408 -0.73743 -0.667035 -0.106116 -0.706643 -0.707111 0.0255033 -0.999992 0.000892166 -0.00394486 -0.717757 0.686285 0.117639 -0.717488 -0.686963 -0.115295 0.323196 0.680657 0.657458 0.682624 0.470824 0.558882 0.135479 0.636839 0.759 0.0163571 0.628828 0.777373 -0.00171867 0.716375 0.697714 -0.126669 0.613302 0.779625 0.0175585 0.415061 0.909624 0.027621 0.729074 0.683877 0.149423 0.627603 0.76406 -0.333287 0.654691 0.678454 -0.165632 0.616534 0.769709 -0.674499 0.45259 0.583278 -0.364931 0.58444 0.724745 -0.295038 0.790025 0.537413 -0.335284 0.757905 0.559611 -0.372624 0.480376 0.793972 -0.0556943 0.668901 0.741262 0.0108914 0.694676 0.719241 -0.0178726 0.694753 0.719026 -0.159565 0.65141 0.741757 0.0849156 0.679863 0.728407 0.0667085 0.663242 0.745426 0.0953895 0.687116 0.720259 0.0170977 0.633743 0.773355 0.0171626 0.614904 0.788415 0.0953726 0.681452 0.725622 -0.0719661 0.6707 0.738229 -0.0702221 0.665526 0.743064 -0.10904 0.696355 0.709366 -0.00936702 0.719365 0.694569 0.0159682 0.71945 0.694361 -0.0917941 0.679232 0.728161 0.0807768 0.684981 0.724069 0.182583 0.667687 0.721704 -0.247592 0.414721 0.875617 -0.163197 0.359462 0.918779 -1 -7.65647e-07 -1.98272e-06 -1 1.74056e-07 -2.78964e-06 -0.706643 0.70711 -0.0255085 -0.72781 0.667671 -0.156552 -0.0695565 0.575175 0.815068 -0.444986 0.511027 0.735417 8.93147e-07 0.694646 0.719352 0.265663 0.66987 0.693324 0.444998 0.511036 0.735404 0.68791 0.429407 0.58514 -0.737429 -0.667034 -0.106132 -0.706642 -0.707112 0.0255014 -1 -2.56003e-06 -1.87953e-06 -1 -6.01746e-06 4.61946e-06 -0.706641 0.707113 -0.0254967 -0.737427 0.667037 0.106124 -0.696831 0.44788 0.560206 -0.463896 0.527912 0.711414 1.57504e-06 0.719329 0.69467 -0.258511 0.695048 0.670881 0.463893 0.527906 0.711421 0.09699 0.593884 0.798683 -0.72781 -0.667669 0.156556 -0.706643 -0.70711 0.0255116 -0.35092 0.729856 0.586656 -0.26519 0.815674 0.514151 -0.362161 0.597427 0.715486 -0.38369 0.383356 0.840131 -0.3168 0.511106 0.799004 -0.168026 0.383161 0.90827 -0.147745 0.639622 0.754357 -0.313692 0.682456 0.66019 -0.629662 0.495427 0.598396 -0.689354 0.718009 0.0962045 -1 4.37381e-05 -0.000559247 -0.689201 -0.718382 -0.0944998 0.619619 0.476593 0.623643 0.323989 0.656435 0.681267 0.177975 0.619212 0.764788 -0.99969 0.0128919 0.0213082 -0.670387 0.718935 -0.183612 0.0811934 0.56805 0.818979 8.66913e-07 0.627732 0.77843 -3.33241e-07 0.640937 0.767594 0.135413 0.647644 0.749814 -0.706189 -0.681906 0.190529 -1 -0.000591823 -0.000758903 -0.999999 -0.00101552 -0.00125968 -0.772748 -0.605022 0.191857 -0.999926 0.00771139 0.00940998 -0.669435 -0.716054 0.197795 -0.705535 0.683372 -0.187678 -0.77208 0.606563 -0.18967 -0.670769 0.713129 -0.203755 -0.669308 -0.721561 0.177131 -0.0768672 0.571576 0.816941 -0.139234 0.645178 0.751239 -1 2.18847e-07 3.27748e-07 -1 4.23978e-07 -3.48853e-06 -0.706643 0.707111 0.0255103 -0.737429 0.667036 -0.106117 -0.696832 0.447876 -0.560207 -0.463903 0.527916 -0.711406 2.47065e-07 0.71934 -0.694658 -0.25851 0.695047 -0.670881 0.463903 0.527917 -0.711406 0.0969913 0.593887 -0.798681 0.236356 -0.317599 0.918295 -9.74648e-08 -0.0871561 0.996195 4.42665e-13 -0.0871565 0.996195 1.21287e-06 -0.415127 0.909763 -2.37053e-07 -0.0871565 0.996195 -0.236355 -0.317597 0.918297 -0.0695483 0.57517 -0.815072 -0.444997 0.51104 -0.735402 1.01634e-06 0.694666 -0.719332 0.265662 0.669872 -0.693322 0.445 0.51104 -0.7354 0.687906 0.429399 -0.585151 -0.737429 -0.667037 0.106115 -0.706642 -0.707111 -0.0255037 -0.71776 0.686277 -0.117665 -0.999992 0.00089277 0.00395166 -0.71749 -0.686959 0.115305 0.674503 0.452594 -0.58327 0.333287 0.654695 -0.67845 0.165641 0.616526 -0.769713 -0.305816 0.71111 -0.633086 -0.213248 0.7982 -0.563385 -0.276194 0.604451 -0.747232 -0.293863 0.396797 -0.869596 -0.226455 0.572326 -0.788138 -0.0852569 0.456206 -0.885781 -0.135488 0.636838 -0.759 -0.323195 0.680655 -0.65746 -0.682623 0.470822 -0.558885 0.012592 0.627682 -0.778368 0.0129737 0.51761 -0.855518 -0.132993 0.631826 -0.763616 -0.0650048 0.674957 -0.734988 -0.0807767 0.684981 -0.724069 -0.182584 0.667687 -0.721704 -0.0159676 0.71945 -0.69436 0.00936733 0.719366 -0.694568 0.0917936 0.679231 -0.728162 0.10904 0.696356 -0.709365 -0.137879 0.492456 -0.859347 -0.154128 0.491075 -0.857374 -0.277622 0.59082 -0.757534 -0.276822 0.609067 -0.743241 -0.257074 0.765408 -0.589969 -0.245949 0.774982 -0.582162 -0.0849092 0.679859 -0.72841 -0.0667112 0.663244 -0.745424 0.0178727 0.694757 -0.719022 -0.0108911 0.694674 -0.719242 0.159575 0.651415 -0.741751 0.0556947 0.668901 -0.741262 0.0834661 0.686661 -0.722171 0.149672 0.644215 -0.750057 -1.96909e-07 0.415128 -0.909763 0.236355 0.317599 -0.918296 1.87027e-07 0.0871561 -0.996195 2.70285e-07 0.0871547 -0.996195 -0.0969925 0.593884 -0.798682 0.258512 0.695046 -0.670882 3.70598e-07 0.71934 -0.694658 -0.463904 0.527916 -0.711406 0.696832 0.447878 -0.560205 0.463905 0.527916 -0.711405 -0.737427 -0.667039 0.106112 -1 -4.23958e-06 2.50638e-06 -1 -2.58377e-06 1.66121e-08 -0.706642 -0.707111 -0.0255134 -0.737426 0.667039 -0.106118 -0.706641 0.707112 0.0255148 -0.687906 0.429405 -0.585147 -0.26566 0.669873 -0.693322 2.03268e-06 0.694657 -0.719341 -0.444996 0.511038 -0.735404 0.0695511 0.575172 -0.815071 0.444995 0.511033 -0.735408 -0.236357 0.317597 -0.918296 -9.29059e-07 0.087152 -0.996195 0.0115691 0.640894 -0.767542 0.000828235 0.72411 -0.689684 -0.129948 0.615394 -0.777434 0.0124438 0.415096 -0.909693 0.0176768 0.733065 -0.679929 0.146098 0.625545 -0.766387 -0.32399 0.656433 -0.681267 -0.177992 0.619202 -0.764792 -0.619613 0.476585 -0.623656 -1 4.54649e-05 0.000582677 -0.689355 0.718004 -0.0962261 -0.689199 -0.718385 0.0944866 0.313694 0.682448 -0.660198 0.629659 0.495425 -0.598401 0.147749 0.639619 -0.754359 -0.99969 0.012892 -0.0213083 -0.670381 0.718947 0.183585 0.0811932 0.56805 -0.818979 0.135412 0.647644 -0.749814 -6.91336e-07 0.640937 -0.767594 6.72559e-07 0.627732 -0.77843 -0.706189 -0.681907 -0.190526 -0.772745 -0.605028 -0.191848 -0.999999 -0.00101333 0.00125839 -1 -0.000590866 0.000757659 -0.999926 0.00768719 -0.00938036 -0.669441 -0.716042 -0.197819 -0.772078 0.606567 0.189663 -0.705536 0.68337 0.18768 -0.670769 0.713129 0.203755 -0.669303 -0.721573 -0.177104 -0.139235 0.645178 -0.751238 -0.0768673 0.571576 -0.816941 -1 3.71697e-07 -7.51438e-07 -0.737429 0.667037 0.106117 -0.706642 0.707111 -0.0255106 -1 3.97725e-07 3.5176e-06 -0.687907 0.429401 0.585148 -0.265661 0.669868 0.693326 6.15964e-07 0.694659 0.719339 -0.444997 0.511037 0.735404 0.0695502 0.575172 0.81507 0.444996 0.511037 0.735404 -0.236356 0.317599 0.918296 -1.69758e-07 0.415127 0.909764 9.92287e-07 0.0871565 0.996195 -1.13797e-06 0.0871548 0.996195 0.236354 0.317598 0.918296 -7.04771e-07 0.0871575 0.996195 -0.0969781 0.593877 0.79869 0.258512 0.695048 0.67088 1.32797e-06 0.719333 0.694665 -0.463905 0.527921 0.711401 0.696833 0.447879 0.560203 0.463907 0.52792 0.711401 -0.737429 -0.667037 -0.106115 -0.706642 -0.707111 0.025503 -0.999992 0.000892294 -0.00394867 -0.71776 0.686277 0.117665 -0.717489 -0.68696 -0.115306 0.323196 0.680656 0.657459 0.682617 0.47081 0.558902 0.135494 0.63683 0.759006 0.0163733 0.628829 0.777371 -0.00169139 0.716361 0.697728 -0.126649 0.61329 0.779638 0.0175759 0.415063 0.909623 0.0276457 0.729087 0.683862 0.149449 0.627619 0.764041 -0.333285 0.654694 0.678451 -0.165643 0.616528 0.769711 -0.674499 0.452587 0.58328 -0.364933 0.584439 0.724745 -0.295036 0.790024 0.537415 -0.335287 0.757906 0.559608 -0.372624 0.480374 0.793972 -0.0556951 0.668902 0.741262 0.0108914 0.694675 0.719241 -0.0178722 0.694757 0.719022 -0.159568 0.65141 0.741756 0.0849094 0.679859 0.728411 0.0667129 0.663244 0.745424 0.095389 0.687116 0.720259 0.0170979 0.633743 0.773354 0.0171625 0.614904 0.788415 0.095373 0.681451 0.725623 -0.0719659 0.6707 0.73823 -0.0702219 0.665526 0.743064 -0.10904 0.696355 0.709366 -0.00936679 0.719367 0.694567 0.0159681 0.719449 0.694361 -0.0917942 0.679231 0.728161 0.0807783 0.684982 0.724068 0.182581 0.667686 0.721706 -0.247597 0.414715 0.875618 -0.163194 0.359465 0.918778 -3.01935e-07 -0.415129 -0.909763 -1.60667e-13 -0.0871564 -0.996195 -6.66905e-07 -0.087156 -0.996195 -0.236355 -0.317598 -0.918296 -0.0695551 0.575174 0.815069 -0.444991 0.511032 0.735411 5.2357e-07 0.694661 0.719337 0.265662 0.669869 0.693325 0.444997 0.511037 0.735404 0.687909 0.429405 0.585144 -0.737428 -0.667037 -0.10612 -0.706641 -0.707112 0.0255122 -1 -3.09087e-06 -7.18588e-06 -1 -5.04167e-06 8.46783e-07 -0.70664 0.707113 -0.0255124 -0.737427 0.667039 0.10612 -0.696832 0.447884 0.5602 -0.463901 0.527918 0.711406 1.94564e-06 0.719336 0.694663 -0.25851 0.695047 0.670881 0.463896 0.527909 0.711415 0.0969893 0.593884 0.798683 0.236356 -0.317599 -0.918296 -1.7649e-07 -0.0871562 -0.996195 -0.350933 0.729861 0.586642 -0.265214 0.815677 0.514132 -0.362164 0.597426 0.715486 -0.383686 0.383356 0.840133 -0.316782 0.511122 0.799002 -0.168003 0.383182 0.908265 -0.147744 0.639623 0.754357 -0.313694 0.682452 0.660193 -0.62966 0.495421 0.598403 -0.689355 0.718006 0.0962166 -1 4.44641e-05 -0.000563671 -0.6892 -0.718384 -0.0944897 0.619617 0.476591 0.623647 0.323993 0.656425 0.681274 0.177985 0.619205 0.764792 -0.99969 0.0128944 0.0213112 -0.670381 0.718947 -0.183585 0.702618 -0.684878 0.193055 0.999999 -0.000869544 -0.00107903 0.999997 -0.00156829 -0.00187907 0.775029 -0.601851 0.192628 -0.706191 -0.681903 0.190531 -1 -0.000587317 -0.000754502 -0.999999 -0.00100968 -0.00125424 -0.772741 -0.605037 0.191836 -0.999926 0.00770557 0.00940144 -0.669439 -0.716046 0.197809 -0.70554 0.683362 -0.187698 -0.772077 0.60657 -0.189659 -0.670768 0.713131 -0.203751 -0.669303 -0.721573 0.177103 0.701604 0.68709 -0.188836 0.77403 0.604133 -0.189474 -1 1.5136e-07 9.17697e-08 -1 4.07292e-07 -3.27376e-06 -0.706643 0.70711 0.0255216 -0.737428 0.66704 -0.106106 -0.696832 0.447876 -0.560208 -0.463906 0.527918 -0.711403 4.32364e-07 0.719342 -0.694656 -0.258511 0.695044 -0.670884 0.463905 0.527918 -0.711403 0.0969871 0.593883 -0.798684 0.236358 -0.317597 0.918296 3.05829e-06 -0.0871516 0.996195 -3.21573e-12 -0.0871549 0.996195 1.37835e-06 -0.415126 0.909764 1.74199e-06 -0.087157 0.996195 -0.236354 -0.317598 0.918296 -0.0695559 0.575175 -0.815068 -0.444993 0.511035 -0.735407 9.54745e-07 0.694664 -0.719334 0.265662 0.669874 -0.69332 0.444999 0.511039 -0.735402 0.687907 0.429402 -0.585148 -0.737427 -0.66704 0.106105 -0.706643 -0.70711 -0.0255154 -0.717758 0.686281 -0.117652 -0.999992 0.000892357 0.00394985 -0.717488 -0.686963 0.115295 0.674499 0.452587 -0.583281 0.333287 0.654694 -0.678451 0.165633 0.616532 -0.76971 -0.305803 0.711104 -0.6331 -0.213224 0.798194 -0.563402 -0.27619 0.604452 -0.747233 -0.293862 0.396797 -0.869596 -0.226451 0.572329 -0.788137 -0.0852517 0.456209 -0.885779 -0.135494 0.636833 -0.759002 -0.323197 0.680651 -0.657464 -0.682621 0.47082 -0.558888 0.0125926 0.627682 -0.778368 0.0129749 0.517611 -0.855517 -0.132991 0.631826 -0.763616 -0.0650047 0.674957 -0.734988 -0.0807767 0.684981 -0.724069 -0.182584 0.667688 -0.721703 -0.0159674 0.719453 -0.694358 0.00936722 0.719366 -0.694568 0.0917961 0.679232 -0.72816 0.109041 0.696357 -0.709364 -0.137879 0.492457 -0.859346 -0.154125 0.491078 -0.857373 -0.277621 0.59082 -0.757535 -0.276823 0.609068 -0.74324 -0.257076 0.765409 -0.589967 -0.24595 0.774983 -0.58216 -0.0849084 0.67986 -0.72841 -0.0667111 0.663243 -0.745425 0.0178727 0.694756 -0.719024 -0.0108909 0.694674 -0.719242 0.159567 0.65141 -0.741757 0.0556951 0.668901 -0.741262 0.0834667 0.686661 -0.722171 0.149672 0.644216 -0.750056 -1.11024e-07 0.415128 -0.909763 0.236354 0.3176 -0.918296 -1.08724e-08 0.0871563 -0.996195 2.70291e-07 0.0871555 -0.996195 -0.0969942 0.593886 -0.798681 0.258514 0.695037 -0.670891 0 0.719336 -0.694662 -0.463909 0.52792 -0.711399 0.696831 0.447876 -0.560208 0.463901 0.527915 -0.711408 -0.737427 -0.667039 0.106113 -1 -5.03541e-06 -6.41196e-07 -1 -2.42684e-06 -1.5117e-06 -0.706641 -0.707112 -0.0255084 -0.737426 0.66704 -0.106115 -0.706641 0.707113 0.0255133 -0.687907 0.429408 -0.585144 -0.26566 0.669872 -0.693323 2.03268e-06 0.69466 -0.719339 -0.444993 0.511038 -0.735406 0.0695553 0.575176 -0.815068 0.444998 0.511037 -0.735404 -0.236357 0.317598 -0.918296 1.40446e-07 0.0871548 -0.996195 0.0115536 0.640894 -0.767543 0.000816688 0.724115 -0.689679 -0.129957 0.615399 -0.777428 0.0124267 0.415096 -0.909693 0.0176596 0.733056 -0.679939 0.146082 0.625535 -0.766398 -0.323992 0.656429 -0.681271 -0.177984 0.619207 -0.76479 -0.619613 0.476589 -0.623652 -1 4.46283e-05 0.000570859 -0.689354 0.718006 -0.0962191 -0.689199 -0.718385 0.0944876 0.313698 0.682438 -0.660206 0.629658 0.495424 -0.598403 0.147751 0.639616 -0.754361 -0.99969 0.0128883 -0.0213019 -0.670384 0.718942 0.183598 0.0811946 0.568049 -0.81898 0.135418 0.647639 -0.749817 1.59112e-06 0.640936 -0.767594 3.10576e-06 0.627731 -0.77843 -0.70619 -0.681905 -0.190529 -0.772749 -0.605019 -0.191861 -0.999999 -0.00101569 0.00126103 -1 -0.000592079 0.000759121 -0.999926 0.00770213 -0.00939853 -0.669437 -0.71605 -0.197802 -0.772081 0.606561 0.189672 -0.705535 0.683372 0.187675 -0.670768 0.713132 0.203749 -0.669306 -0.721567 -0.177119 -0.139234 0.645178 -0.751238 -0.0768635 0.571579 -0.816939 -0.942482 -0.334256 2.42081e-07 -1 1.94612e-08 2.89039e-07 -1 4.47237e-08 -4.47237e-08 -0.91745 -0.391962 0.0681934 0.91745 0.0681901 -0.391965 1 -4.47237e-08 4.47237e-08 1 -6.5541e-24 1.07037e-07 0.942482 1.05894e-06 -0.334256 1 4.64438e-08 4.6444e-08 0.917446 -0.0681802 -0.391974 -0.91745 0.391964 0.0681935 -1 -4.64438e-08 -4.6444e-08 -1 -2.18938e-08 -2.78758e-14 -0.942483 0.334255 -9.16676e-06 -1 -4.12836e-08 4.12838e-08 -0.917449 0.391965 -0.0681892 -0.917447 0.0681748 -0.391974 -1 -4.12836e-08 4.12838e-08 -1 1.75849e-13 9.73065e-08 -0.942482 -8.98804e-07 -0.334257 -1 -3.4477e-07 4.27336e-07 -0.917447 -0.0681802 -0.391973 -0.917449 -0.391968 -0.0681864 -1 -6.33809e-07 7.16376e-07 -0.883822 -0.461837 0.0746068 -0.918941 -0.394396 1.65309e-06 -0.883817 -0.461847 -0.0745935 -0.883814 -0.0745868 -0.461854 -0.918941 1.45345e-06 -0.394396 -0.883816 0.0745914 -0.461849 -0.883816 0.46185 -0.0745859 -0.918942 0.394394 -1.12441e-05 -0.883817 0.461846 0.0745971 0.883814 -0.0745875 -0.461855 0.918941 1.45467e-06 -0.394395 0.883819 0.0746005 -0.461843 -0.883822 0.461836 -0.0746065 -0.918941 0.394395 -1.65558e-06 0.918942 -1.44977e-06 0.394394 0.883819 -0.0746004 0.461842 0.883815 0.0745873 0.461853 -0.918942 -0.394393 1.12142e-05 -0.883818 -0.461845 -0.074597 -0.883817 -0.461849 0.0745855 -0.918941 -1.44855e-06 0.394395 -0.883817 -0.0745911 0.461848 -0.883815 0.0745866 0.461853 -0.883818 0.461847 0.0745931 -0.942482 0.334256 -2.33467e-07 -0.917451 0.391961 -0.0681933 -1 -4.47237e-08 4.47238e-08 -1 -1.94612e-08 -2.70062e-07 0.91745 -0.0681899 0.391964 0.942483 -1.06324e-06 0.334255 1 6.55411e-24 -1.07037e-07 1 4.47237e-08 -4.47238e-08 0.917447 0.0681799 0.391973 1 -4.64438e-08 -4.64441e-08 -0.91745 -0.391963 -0.0681933 -0.942483 -0.334254 9.12541e-06 -1 2.18938e-08 2.78759e-14 -1 4.64438e-08 4.64441e-08 -0.91745 -0.391964 0.0681888 -1 4.12836e-08 -4.12839e-08 -0.917447 -0.0681745 0.391973 -0.942482 8.92327e-07 0.334256 -1 -1.77847e-13 -9.73066e-08 -1 4.12836e-08 -4.12839e-08 -0.917447 0.06818 0.391972 -1 3.46479e-07 -4.29046e-07 -0.917449 0.391967 0.0681864 -1 5.89486e-07 -6.72053e-07 -1.37014e-06 -0.334256 -0.942482 0 6.12323e-17 -1 3.06162e-17 3.06161e-17 -1 -0.0681853 -0.391969 -0.917448 0.39197 0.0681838 0.917448 -3.06162e-17 -3.06161e-17 1 0 0 1 0.334256 -3.02555e-07 0.942482 3.06162e-17 -3.0616e-17 1 0.391967 -0.0681881 0.917449 0.0682025 -0.391956 0.917452 3.06162e-17 -3.0616e-17 1 8.55077e-23 -6.12323e-17 1 -7.20413e-06 -0.334255 0.942483 -3.06162e-17 -3.0616e-17 1 -0.0681893 -0.391965 0.917449 0.391966 0.0681839 -0.917449 3.06162e-17 3.0616e-17 -1 -1.32034e-22 2.84701e-28 -1 0.334257 1.06531e-06 -0.942482 -3.06162e-17 3.06161e-17 -1 0.391972 -0.0681817 -0.917447 0.0681814 -0.391972 -0.917447 -3.06162e-17 3.06161e-17 -1 -0.0745929 -0.461848 -0.883817 4.96464e-07 -0.394396 -0.918941 0.0745886 -0.461851 -0.883816 0.461851 -0.0745899 -0.883815 0.394396 1.01973e-06 -0.918941 0.461842 0.0746004 -0.883819 -0.074586 -0.46185 0.883816 -1.12439e-05 -0.394394 0.918941 0.074606 -0.461839 0.88382 0.461843 -0.0746015 0.883819 0.394395 -7.68962e-07 0.918941 0.461848 0.0745945 0.883817 0.0745994 0.461842 -0.88382 4.99259e-07 0.394395 -0.918941 -0.394394 7.7386e-07 0.918941 -0.461847 -0.0745944 0.883817 -0.461842 0.0746015 0.883819 9.71317e-06 0.394392 0.918942 -0.0746063 0.461838 0.883821 0.0745846 0.461849 0.883817 -0.394394 -1.01768e-06 -0.918941 -0.46184 -0.0745999 -0.88382 -0.46185 0.0745896 -0.883816 -0.0745881 0.46185 -0.883816 1.2047e-06 0.334256 -0.942483 0.0681886 0.391965 -0.91745 -8.30257e-07 -3.66956e-08 -1 1.47872e-14 -1.80016e-07 -1 -0.391969 -0.0681839 0.917448 -0.334255 3.0233e-07 0.942483 4.33012e-07 4.39551e-14 1 1.11156e-06 -2.44605e-07 1 -0.391966 0.0681881 0.917449 3.06162e-17 -3.0616e-17 1 -0.0682026 0.391955 0.917453 6.09443e-06 0.334254 0.942483 8.55077e-23 -6.12323e-17 1 3.06162e-17 -3.0616e-17 1 0.0681877 0.391965 0.91745 -3.06162e-17 -3.0616e-17 1 -0.391965 -0.0681839 -0.91745 -0.334255 -1.07025e-06 -0.942483 -9.68247e-23 1.53106e-28 -1 3.06162e-17 3.0616e-17 -1 -0.391971 0.0681816 -0.917448 -3.06162e-17 3.06161e-17 -1 -0.0681814 0.391971 -0.917447 -3.06162e-17 3.06161e-17 -1 7.41199e-07 -0.334256 -0.942482 3.99654e-16 1.94612e-08 -1 5.16043e-08 5.16043e-08 -1 -0.0681869 -0.391967 -0.917449 0.391971 0.0681823 0.917448 -5.16043e-08 -5.16043e-08 1 -1.07037e-07 -6.59429e-15 1 0.334256 -6.89318e-07 0.942482 -4.6444e-08 4.64438e-08 1 0.391955 -0.0682021 0.917453 0.0681792 -0.391976 0.917446 -4.6444e-08 4.64438e-08 1 -5.66011e-14 2.67591e-08 1 -1.2356e-05 -0.334255 0.942483 4.47241e-08 4.47239e-08 1 -0.0681846 -0.391969 0.917448 0.391967 0.0681837 -0.917449 -4.47241e-08 -4.47239e-08 -1 -1.07037e-07 2.22009e-13 -1 0.334257 9.63815e-07 -0.942482 -4.12834e-08 4.12834e-08 -1 0.391977 -0.0681757 -0.917445 0.0681887 -0.391966 -0.917449 -4.12834e-08 4.12834e-08 -1 -0.0745975 -0.461844 -0.883818 -5.12285e-07 -0.394396 -0.918941 0.0745979 -0.461844 -0.883818 0.46186 -0.0745777 -0.883812 0.394397 2.56996e-06 -0.91894 0.461844 0.0745975 -0.883819 -0.0745824 -0.461854 0.883815 -1.2545e-05 -0.394395 0.918941 0.0745862 -0.461855 0.883814 0.461825 -0.0746229 0.883826 0.394396 -4.67001e-06 0.918941 0.46185 0.074591 0.883816 0.0746041 0.461838 -0.883821 1.49365e-06 0.394396 -0.918941 -0.394395 4.67248e-06 0.918941 -0.461848 -0.0745908 0.883817 -0.461824 0.0746226 0.883827 1.23445e-05 0.394393 0.918942 -0.0745859 0.461854 0.883814 0.0745812 0.461853 0.883815 -0.394396 -2.56503e-06 -0.918941 -0.461843 -0.0745973 -0.883819 -0.461859 0.0745779 -0.883812 -0.0745928 0.461847 -0.883817 3.54473e-07 0.334256 -0.942482 0.0681908 0.391963 -0.91745 -3.78432e-08 -3.78432e-08 -1 -1.59862e-15 -1.94612e-08 -1 -0.39197 -0.0681821 0.917448 -0.334255 6.8282e-07 0.942483 9.73061e-08 9.99137e-15 1 3.78432e-08 3.78432e-08 1 -0.391954 0.0682019 0.917453 4.30038e-08 -4.30036e-08 1 -0.0681789 0.391975 0.917446 1.23369e-05 0.334254 0.942483 5.82494e-14 -2.6759e-08 1 4.30038e-08 -4.30036e-08 1 0.0681839 0.391968 0.917449 -4.81644e-08 -4.81642e-08 1 -0.391966 -0.0681837 -0.91745 -0.334256 -9.65947e-07 -0.942482 1.07037e-07 -2.24207e-13 -1 4.81644e-08 4.81642e-08 -1 -0.391976 0.0681759 -0.917446 4.81641e-08 -4.81641e-08 -1 -0.0681836 0.391969 -0.917448 4.81641e-08 -4.81641e-08 -1 </float_array>
          <technique_common>
            <accessor count="5333" offset="0" source="#meshId0-tangents-array" stride="3">
              <param name="X" type="float" />
              <param name="Y" type="float" />
              <param name="Z" type="float" />
            </accessor>
          </technique_common>
        </source>
        <source id="meshId0-bitangents" name="meshId0-bitangents">
          <float_array id="meshId0-bitangents-array" count="15999"> 0.5 0 0.866025 0.5 0 0.866025 -1.37494e-07 0 1 -1.47315e-07 2.64698e-23 1 0.866025 -2.22045e-16 0.5 0.866025 0 0.5 1 -3.9443e-31 -5.89261e-08 1 3.9443e-31 -6.87471e-08 0.866025 0 0.5 0.866025 0 0.5 0.866025 0 -0.5 0.866025 0 -0.5 0.5 2.22045e-16 -0.866025 0.5 2.22045e-16 -0.866025 0.866025 0 -0.5 0.866025 0 -0.5 1.57136e-07 0 -1 1.52226e-07 0 -1 -0.5 0 -0.866025 -0.5 1.65436e-24 -0.866026 -0.866025 0 -0.5 -0.866025 0 -0.5 -1 -3.15544e-30 -4.51767e-07 -1 0 -4.46856e-07 -0.866025 0 -0.5 -0.866025 1.65436e-24 -0.5 -0.866026 -1.65436e-24 0.499999 -0.866026 -1.65436e-24 0.499999 -0.5 0 0.866025 -0.5 0 0.866025 -0.5 0 0.866025 -0.5 -2.48154e-24 0.866025 0.681129 -0.196393 0.705332 0.668857 0.269996 0.692627 0.541065 0.627155 0.56029 0.60217 -0.498558 0.623563 0.677238 0.222498 0.701316 0.661696 -0.30435 0.685222 0.596827 0.511694 0.618035 0.533529 -0.640394 0.552487 0.541553 0.626283 0.560794 0.461578 -0.747316 0.47798 0.543529 0.622719 0.562848 0.463984 -0.744219 0.480476 0.602171 0.498559 0.623562 0.541067 -0.627157 0.560285 0.681138 0.196406 0.705319 0.668866 -0.270015 0.692611 0.677251 -0.222486 0.701306 0.661709 0.304336 0.685216 0.596823 -0.511695 0.618037 0.533524 0.640396 0.552489 0.541549 -0.626284 0.560797 0.461576 0.747316 0.477981 0.543534 -0.62272 0.562842 0.463987 0.74422 0.480472 -0.752134 -0.622719 -0.215672 -0.64206 0.744219 -0.184109 -0.748721 0.627156 -0.214691 -0.833276 -0.498559 -0.238935 -0.925561 0.270012 -0.265388 -0.942543 -0.196406 -0.270255 -0.915676 -0.304316 -0.262543 -0.937177 0.222474 -0.268709 -0.738295 -0.640393 -0.211702 -0.825884 0.511694 -0.236821 -0.638729 -0.747316 -0.183153 -0.749395 0.626283 -0.214887 -0.642061 -0.74422 -0.184104 -0.752135 0.62272 -0.215668 -0.748721 -0.627158 -0.214687 -0.833276 0.498561 -0.238932 -0.925561 -0.270011 -0.265389 -0.942542 0.196402 -0.270261 -0.915658 0.304348 -0.262571 -0.937161 -0.222501 -0.268743 -0.738288 0.640398 -0.211711 -0.825881 -0.511697 -0.236828 -0.63873 0.747315 -0.183151 -0.749398 -0.626282 -0.21488 0.866026 1.65436e-24 -0.499999 0.866026 1.38778e-17 -0.499999 1 -2.64698e-23 4.8123e-07 1 3.15544e-30 4.66498e-07 0.866025 2.77556e-17 0.5 0.866025 0 0.5 0.866025 0 0.5 0.866025 0 0.5 0.5 -1.38778e-17 0.866025 0.5 8.27181e-25 0.866025 -1.47315e-07 -6.61744e-24 1 -1.57136e-07 -1.88079e-37 1 -0.5 -2.77556e-17 0.866025 -0.5 0 0.866025 -0.866025 -1.38778e-17 0.5 -0.866025 1.65436e-24 0.5 -0.866025 0 0.5 -0.866025 -1.38778e-17 0.5 -1 3.30872e-24 5.89261e-08 -1 0 3.43736e-08 -0.866025 1.38778e-17 -0.5 -0.866025 1.65436e-24 -0.5 -0.866025 3.30872e-24 -0.5 -0.866025 1.38778e-17 -0.5 -0.5 -1.38778e-17 -0.866025 -0.5 -1.65436e-24 -0.866025 1.42405e-07 -1.98523e-23 -1 1.42405e-07 0 -1 0.5 1.38778e-17 -0.866025 0.5 0 -0.866025 0.5 8.27181e-25 -0.866025 0.5 0 -0.866025 0.5 1.49012e-08 0.866025 -1.17852e-07 7.10543e-15 1 -1.37494e-07 -7.10543e-15 1 0.5 0 0.866025 0.866025 0 0.5 0.866025 -1.49012e-08 0.5 1 -3.55271e-15 -7.85681e-08 0.866025 0 0.5 0.866025 2.98023e-08 0.5 1 -1.77636e-15 -5.89261e-08 0.866025 0 -0.5 0.866025 -1.49012e-08 -0.5 0.5 -1.49012e-08 -0.866025 0.866025 -2.98023e-08 -0.5 3.30606e-09 1 3.30606e-09 -0.471034 0.745824 -0.471034 -0.471034 0.745824 -0.471034 4.95909e-09 1 4.9591e-09 1.47315e-07 0 -1 0.5 0 -0.866025 1.57136e-07 0 -1 -0.5 -2.98023e-08 -0.866026 -0.5 1.49012e-08 -0.866026 -0.866025 2.98023e-08 -0.5 -0.866025 0 -0.5 -1 0 -4.51767e-07 -0.866025 1.49012e-08 -0.5 -0.866025 1.49012e-08 -0.5 -1 0 -4.61588e-07 -0.866026 1.49012e-08 0.5 -0.866026 1.49012e-08 0.5 -0.5 0 0.866025 -0.5 0 0.866025 -0.5 0 0.866025 -0.5 0 0.866025 0.866026 0 -0.499999 1 2.84217e-14 4.8123e-07 1 -2.84217e-14 4.71409e-07 0.866026 -1.49012e-08 -0.499999 0.866025 -1.49012e-08 0.5 0.866025 -4.47035e-08 0.5 0.866025 -1.49012e-08 0.5 0.5 -1.49012e-08 0.866026 0.5 1.49012e-08 0.866026 0.866025 0 0.5 -1.37494e-07 0 1 -1.57136e-07 7.10543e-15 1 -0.5 -2.98023e-08 0.866025 -0.5 0 0.866025 -0.866025 0 0.5 -0.866025 -1.49012e-08 0.5 -0.866025 -1.49012e-08 0.5 -1 0 6.87471e-08 -1 0 1.9642e-08 -0.866025 -1.49012e-08 0.5 -0.866025 -2.98023e-08 -0.5 -0.866025 -2.98023e-08 -0.5 -0.866025 0 -0.5 -0.5 -1.49012e-08 -0.866025 -0.5 0 -0.866025 -0.866025 0 -0.5 1.47315e-07 7.10543e-15 -1 1.47315e-07 0 -1 0.5 1.49012e-08 -0.866025 0.5 1.49012e-08 -0.866025 0.5 2.98023e-08 -0.866025 0.5 -2.98023e-08 -0.866025 0.5 -8.27181e-25 0.866025 0.5 8.27181e-25 0.866025 -1.27673e-07 0 1 -1.37494e-07 9.40395e-38 1 0.866025 -1.65436e-24 0.5 0.866025 0 0.5 1 9.86076e-32 1.47315e-08 1 -9.86076e-32 1.47315e-08 0.866025 -1.65436e-24 0.5 0.866025 -3.30872e-24 0.5 0.866025 1.65436e-24 -0.5 0.866025 0 -0.5 0.5 0 -0.866025 0.5 -8.27181e-25 -0.866025 0.866025 1.65436e-24 -0.5 0.866025 0 -0.5 1.27673e-07 9.40395e-38 -1 1.37494e-07 9.40395e-38 -1 -0.5 8.27181e-25 -0.866026 -0.5 0 -0.866026 -0.866025 -1.65436e-24 -0.5 -0.866025 0 -0.5 -1 -1.97215e-31 -2.9463e-08 -1 0 -2.45525e-08 -0.866025 -1.65436e-24 -0.5 -0.866025 -1.65436e-24 -0.5 -0.866026 -3.30872e-24 0.499999 -0.866026 -3.30872e-24 0.499999 -0.5 -8.27181e-25 0.866025 -0.5 0 0.866025 -0.5 -8.27181e-25 0.866025 -0.5 -8.27181e-25 0.866025 -0.235849 -0.222497 -0.945976 -0.230437 0.304347 -0.924268 -0.232933 -0.269996 -0.934261 -0.237211 0.196396 -0.951399 -0.207847 -0.511694 -0.833647 -0.185804 0.640395 -0.745232 -0.188602 -0.626283 -0.756438 -0.160748 0.747316 -0.644732 -0.189279 -0.622718 -0.759207 -0.161581 0.744218 -0.648098 -0.209727 -0.498565 -0.841099 -0.188445 0.627163 -0.755748 -0.237211 -0.196395 -0.951399 -0.232933 0.269995 -0.934262 -0.235849 0.222497 -0.945976 -0.230436 -0.304348 -0.924268 -0.207841 0.511697 -0.833647 -0.185798 -0.640398 -0.745231 -0.188598 0.626283 -0.756439 -0.160746 -0.747316 -0.644732 -0.189285 0.622719 -0.759205 -0.161585 -0.744219 -0.648096 -0.209727 0.498565 -0.841099 -0.188444 -0.627162 -0.755749 0.237224 0.196406 -0.951393 0.232948 -0.270012 -0.934253 0.188433 -0.627156 -0.755757 0.209712 0.498558 -0.841107 0.161589 -0.74422 -0.648094 0.189294 0.62272 -0.759202 0.160746 -0.747316 -0.644732 0.188597 0.626284 -0.756439 0.1858 -0.640397 -0.745232 0.207846 0.511695 -0.833648 0.23045 -0.304335 -0.924269 0.235865 0.222485 -0.945975 0.23295 0.270015 -0.934252 0.237224 -0.196406 -0.951394 0.188435 0.627157 -0.755756 0.209713 -0.498559 -0.841106 0.161584 0.744219 -0.648096 0.189286 -0.622719 -0.759205 0.160749 0.747316 -0.644732 0.188602 -0.626283 -0.756438 0.185806 0.640394 -0.745232 0.207849 -0.511694 -0.833647 0.230435 0.30435 -0.924268 0.235849 -0.222497 -0.945976 0.866026 1.65436e-24 -0.499999 0.866026 -3.30872e-24 -0.499999 1 0 8.29876e-07 1 6.31089e-30 8.15144e-07 0.866025 -1.65436e-24 0.5 0.866025 -1.65436e-24 0.5 0.5 1.38778e-17 0.866025 0.5 8.27181e-25 0.866025 0.5 0 0.866025 0.5 -1.38778e-17 0.866025 -1.32584e-07 0 1 -1.57136e-07 -1.88079e-37 1 -0.5 -1.38778e-17 0.866026 -0.5 8.27181e-25 0.866026 -0.866026 0 0.5 -0.866025 0 0.5 -0.866025 1.65436e-24 0.5 -0.866026 1.65436e-24 0.5 -1 0 0 -1 0 0 -0.866026 0 -0.5 -0.866026 0 -0.5 -0.866026 0 -0.5 -0.866026 -1.65436e-24 -0.5 -0.5 0 -0.866026 -0.5 0 -0.866026 1.03121e-07 0 -1 9.82102e-08 -4.70198e-38 -1 0.5 1.38778e-17 -0.866025 0.5 8.27181e-25 -0.866025 0.5 1.65436e-24 -0.866025 0.5 0 -0.866025 0.5 -4.47035e-08 0.866025 -1.17852e-07 7.10543e-15 1 -1.37494e-07 -7.10543e-15 1 0.5 0 0.866025 0.866025 0 0.5 0.866025 0 0.5 1 -0 0 0.866026 1.49012e-08 0.5 0.866026 0 0.5 1 0 0 0.866025 0 -0.5 0.866026 0 -0.5 0.5 1.49012e-08 -0.866026 0.866025 0 -0.5 0.866026 0 -0.5 0.5 -1.49012e-08 -0.866025 1.47315e-07 0 -1 1.27673e-07 0 -1 -0.5 -1.49012e-08 -0.866026 -0.5 4.47035e-08 -0.866026 -0.866025 0 -0.5 -0.866025 2.98023e-08 -0.5 -1 0 -1.9642e-08 -0.866025 -2.98023e-08 -0.5 -0.866025 1.49012e-08 -0.5 -1 -1.77636e-15 -2.9463e-08 -0.866026 -1.49012e-08 0.5 -0.866026 1.49012e-08 0.5 -0.500001 1.49012e-08 0.866025 -0.5 0 0.866025 -0.500001 -1.49012e-08 0.866025 -0.5 0 0.866025 0.866026 -4.47035e-08 -0.499999 1 0 8.34786e-07 1 0 8.15144e-07 0.866026 0 -0.499999 0.866025 -4.47035e-08 0.5 0.866025 -2.98023e-08 0.5 0.5 0 0.866025 0.5 0 0.866025 0.5 0 0.866025 -1.08031e-07 0 1 -1.57136e-07 0 1 0.5 -1.49012e-08 0.866025 -0.5 2.98023e-08 0.866026 -0.5 0 0.866026 -0.866026 -1.49012e-08 0.5 -0.866025 2.98023e-08 0.5 -0.866026 0 0.5 -1 0 0 -1 0 0 -0.866025 0 0.5 -0.866026 -2.98023e-08 -0.5 -0.866026 0 -0.5 -0.866025 0 -0.5 -0.5 1.49012e-08 -0.866026 -0.5 1.49012e-08 -0.866026 -0.866026 0 -0.5 9.82102e-08 -3.55271e-15 -1 8.83891e-08 0 -1 0.5 2.98023e-08 -0.866025 0.5 -1.49012e-08 -0.866025 0.5 0 -0.866025 0.5 1.49012e-08 -0.866025 0.5 0 0.866025 0.5 -8.27181e-25 0.866026 -4.17393e-07 7.52316e-37 1 -4.22304e-07 -7.52316e-37 1 0.866026 -3.30872e-24 0.5 0.866026 -1.65436e-24 0.5 1 -0 0 1 -0 0 0.866025 -1.65436e-24 0.5 0.866026 -3.30872e-24 0.5 0.866025 0 -0.5 0.866025 0 -0.5 0.5 -1.65436e-24 -0.866026 0.5 -1.65436e-24 -0.866026 0 0 -1 0 0 -1 0.5 8.27181e-25 -0.866025 0.5 -8.27181e-25 -0.866026 -0.499999 8.27181e-25 -0.866026 -0.499999 8.27181e-25 -0.866026 -0.866025 0 -0.5 -0.866025 0 -0.5 -1 0 0 -1 0 0 -0.866025 0 -0.5 -0.866025 0 -0.5 -0.866026 -3.30872e-24 0.499999 -0.866026 -1.65436e-24 0.499999 -0.500001 0 0.866025 -0.500001 0 0.866025 -0.500001 8.27181e-25 0.866025 -0.500001 0 0.866025 -0.235865 -0.222485 -0.945975 -0.23045 0.304335 -0.924269 -0.232949 -0.270014 -0.934252 -0.237225 0.196408 -0.951393 -0.207846 -0.511695 -0.833647 -0.1858 0.640397 -0.745232 -0.188597 -0.626284 -0.756439 -0.160746 0.747316 -0.644732 -0.18929 -0.622719 -0.759204 -0.161589 0.74422 -0.648094 -0.209725 -0.498565 -0.8411 -0.188443 0.627161 -0.75575 -0.237209 -0.196394 -0.9514 -0.232934 0.269997 -0.934261 -0.235864 0.222486 -0.945975 -0.230453 -0.304331 -0.924269 -0.207853 0.511693 -0.833647 -0.185808 -0.640393 -0.745233 -0.188597 0.626284 -0.756439 -0.160746 -0.747316 -0.644732 -0.189289 0.622719 -0.759204 -0.161589 -0.74422 -0.648094 -0.209727 0.498565 -0.841099 -0.188446 -0.627164 -0.755747 -0.756439 -0.626284 -0.188597 -0.644732 0.747316 -0.160746 -0.745233 0.640394 -0.185807 -0.833647 -0.511693 -0.207852 -0.924269 0.304332 -0.230453 -0.945975 -0.222485 -0.235864 -0.934261 -0.269997 -0.232934 -0.9514 0.196394 -0.237209 -0.75575 -0.627162 -0.188443 -0.8411 0.498564 -0.209725 -0.648094 -0.744219 -0.161588 -0.759204 0.622719 -0.189288 -0.644732 -0.747316 -0.160746 -0.756439 0.626284 -0.188598 -0.745232 -0.640397 -0.185801 -0.833648 0.511695 -0.207846 -0.924269 -0.304334 -0.230451 -0.945975 0.222484 -0.235866 -0.934252 0.270015 -0.23295 -0.951393 -0.196408 -0.237226 -0.755748 0.627163 -0.188446 -0.841099 -0.498565 -0.209727 -0.648094 0.74422 -0.161589 -0.759204 -0.62272 -0.189289 0.866026 -1.65436e-24 -0.5 0.866026 -1.65436e-24 -0.5 1 0 7.7586e-07 1 -3.15544e-30 7.7586e-07 0.866025 -1.65436e-24 0.5 0.866025 -1.65436e-24 0.5 0.5 0 0.866025 0.5 8.27181e-25 0.866025 0.5 0 0.866025 0.5 0 0.866025 -7.7586e-07 0 1 -7.85681e-07 3.00927e-36 1 -0.5 8.27181e-25 0.866025 -0.5 0 0.866025 -0.866025 0 0.5 -0.866025 -1.65436e-24 0.5 -0.866025 3.30872e-24 0.5 -0.866025 0 0.5 -1 0 0 -1 0 0 -0.866026 -3.30872e-24 -0.5 -0.866026 -3.30872e-24 -0.5 -0.866026 -1.65436e-24 -0.5 -0.866026 -1.65436e-24 -0.5 -0.5 0 -0.866026 -0.5 -8.27181e-25 -0.866026 -0.5 8.27181e-25 -0.866026 -0.5 -1.65436e-24 -0.866026 5.7944e-07 1.50463e-36 -1 5.89261e-07 -1.50463e-36 -1 0.5 0 -0.866025 0.5 -8.27181e-25 -0.866025 0.866026 -1.65436e-24 -0.5 0.866026 -3.30872e-24 -0.5 0.5 -4.47035e-08 0.866026 -4.02662e-07 0 1 -4.12483e-07 1.42109e-14 1 0.5 -4.47035e-08 0.866025 0.866026 4.47035e-08 0.5 0.866026 -1.49012e-08 0.5 1 -0 0 0.866025 0 0.5 0.866026 -1.49012e-08 0.5 1 0 0 0.866026 -1.49012e-08 -0.5 0.866026 2.98023e-08 -0.5 0.5 1.49012e-08 -0.866026 0.5 -4.47035e-08 -0.866026 -5.2827e-17 -6.61744e-24 -1 0.5 -4.47035e-08 -0.866026 0.5 -1.49012e-08 -0.866026 5.2827e-17 0 -1 -0.499999 1.49012e-08 -0.866026 -0.499999 -1.49012e-08 -0.866026 -0.866025 0 -0.5 -0.866025 -2.98023e-08 -0.5 -1 0 0 -0.866025 -1.49012e-08 -0.5 -0.866025 1.49012e-08 -0.5 -1 0 0 -0.866026 -1.49012e-08 0.5 -0.866026 -4.47035e-08 0.499999 -0.500001 0 0.866025 -0.500001 -1.49012e-08 0.866025 -0.500001 0 0.866025 -0.500001 0 0.866025 0.866026 0 -0.5 1 -2.84217e-14 7.6604e-07 1 0 7.85681e-07 0.866026 0 -0.5 0.866026 -1.49012e-08 0.5 0.866026 -4.47035e-08 0.5 0.5 2.98023e-08 0.866025 0.5 0 0.866025 0.5 1.49012e-08 0.866025 -7.66039e-07 0 1 -7.85681e-07 -2.84217e-14 1 0.5 1.49012e-08 0.866025 -0.5 -1.49012e-08 0.866025 -0.5 1.49012e-08 0.866025 -0.866025 1.49012e-08 0.5 -0.866025 0 0.5 -0.866025 1.49012e-08 0.5 -1 0 0 -1 0 0 -0.866025 1.49012e-08 0.5 -0.866026 -1.49012e-08 -0.5 -0.866026 0 -0.5 -0.866026 -1.65436e-24 -0.5 -0.866026 1.49012e-08 -0.5 -0.5 -1.49012e-08 -0.866026 -0.5 0 -0.866026 -0.866026 0 -0.5 -0.866026 -1.65436e-24 -0.5 5.69619e-07 5.68434e-14 -1 5.89261e-07 0 -1 0.5 -1.49012e-08 -0.866025 0.5 -1.49012e-08 -0.866025 0.866026 -2.98023e-08 -0.5 0.866026 -1.49012e-08 -0.5 0.5 0 0.866025 0.5 0 0.866025 -4.22304e-07 0 1 -4.32125e-07 1.05879e-22 1 0.866025 -2.22045e-16 0.5 0.866026 2.22045e-16 0.5 0.5 -4.44089e-16 0.866025 0.5 0 0.866025 1 -3.9443e-31 -5.89261e-08 1 0 -6.38366e-08 0.866025 -2.22045e-16 -0.5 0.866025 0 -0.5 0.5 -2.22045e-16 -0.866025 0.5 2.22045e-16 -0.866025 9.82102e-09 -1.65436e-24 -1 4.91051e-09 0 -1 0.5 -2.22045e-16 -0.866025 0.5 2.22045e-16 -0.866025 -0.5 -1.65436e-24 -0.866026 -0.499999 0 -0.866026 -0.866025 1.65436e-24 -0.5 -0.866025 0 -0.5 -1 1.57772e-30 -4.32125e-07 -1 1.57772e-30 -4.32125e-07 -0.866025 0 -0.5 -0.866025 1.65436e-24 -0.5 -0.866026 0 0.499999 -0.866026 -3.30872e-24 0.499999 -0.5 -8.27181e-25 0.866025 -0.5 0 0.866025 -0.5 -8.27181e-25 0.866025 -0.5 -8.27181e-25 0.866025 -0.68114 0.196408 -0.705317 -0.668866 -0.270015 -0.692611 -0.541072 -0.627163 -0.560274 -0.602177 0.498565 -0.623551 -0.677252 -0.222485 -0.701306 -0.66171 0.304335 -0.685215 -0.596824 -0.511695 -0.618037 -0.533525 0.640396 -0.552489 -0.54155 -0.626284 -0.560797 -0.461576 0.747316 -0.477981 -0.54353 -0.622719 -0.562846 -0.463987 0.74422 -0.480472 -0.602177 -0.498565 -0.623551 -0.541071 0.627162 -0.560277 -0.68113 -0.196395 -0.705331 -0.668858 0.269998 -0.692626 -0.677249 0.222488 -0.701308 -0.66171 -0.304335 -0.685216 -0.596828 0.511693 -0.618034 -0.53353 -0.640394 -0.552487 -0.541549 0.626283 -0.560797 -0.461576 -0.747316 -0.477982 -0.543531 0.622719 -0.562845 -0.463987 -0.74422 -0.480472 -0.752134 -0.62272 -0.215672 -0.64206 0.744219 -0.184109 -0.748721 0.627156 -0.214691 -0.833276 -0.498559 -0.238935 -0.925561 0.270011 -0.265389 -0.942542 -0.196402 -0.27026 -0.915658 -0.304349 -0.262571 -0.937161 0.222501 -0.268742 -0.738289 -0.640398 -0.21171 -0.82588 0.511697 -0.236828 -0.638728 -0.747316 -0.183155 -0.749395 0.626284 -0.214888 -0.64206 -0.744219 -0.184109 -0.752134 0.62272 -0.215672 -0.748721 -0.627157 -0.214688 -0.833276 0.49856 -0.238933 -0.925561 -0.270013 -0.265388 -0.942543 0.196406 -0.270255 -0.915675 0.304317 -0.262544 -0.937176 -0.222475 -0.268711 -0.738295 0.640393 -0.211701 -0.825885 -0.511693 -0.23682 -0.638729 0.747316 -0.183153 -0.749396 -0.626283 -0.214886 0.866025 0 -0.5 0.866025 0 -0.5 1 -2.64698e-23 4.27214e-07 1 0 4.46856e-07 0.866025 2.77556e-17 0.5 0.866025 -3.30872e-24 0.5 0.5 -8.27181e-25 0.866026 0.5 0 0.866026 0.5 1.65436e-24 0.866026 0.5 0 0.866026 -7.95502e-07 -3.00927e-36 1 -7.95502e-07 3.00927e-36 1 -0.5 -8.27181e-25 0.866025 -0.5 8.27181e-25 0.866025 -0.866025 0 0.5 -0.866025 3.30872e-24 0.5 -0.866025 1.65436e-24 0.5 -0.866025 0 0.5 -1 0 5.40156e-08 -1 3.9443e-31 4.41946e-08 -0.866025 -2.77556e-17 -0.5 -0.866025 3.30872e-24 -0.5 -0.5 8.27181e-25 -0.866026 -0.5 8.27181e-25 -0.866026 -0.5 8.27181e-25 -0.866026 -0.5 0 -0.866026 6.18724e-07 0 -1 6.38366e-07 -1.50463e-36 -1 0.5 -8.27181e-25 -0.866025 0.5 0 -0.866025 0.866025 -1.38778e-17 -0.5 0.866026 -3.30872e-24 -0.5 0.5 0 0.866025 -4.12483e-07 0 1 -4.32125e-07 0 1 0.5 -2.98023e-08 0.866025 0.866026 1.49012e-08 0.5 0.5 0 0.866025 0.5 1.49012e-08 0.866026 0.866026 0 0.5 1 0 -6.87471e-08 1 -1.77636e-15 -5.89261e-08 0.866025 -2.98023e-08 -0.5 0.866025 1.49012e-08 -0.5 0.5 -1.49012e-08 -0.866025 0.5 -1.49012e-08 -0.866025 -5.2827e-17 -6.61744e-24 -1 0.5 -1.49012e-08 -0.866025 0.5 1.49012e-08 -0.866025 9.82102e-09 4.44089e-16 -1 -0.5 -1.49012e-08 -0.866026 -0.5 0 -0.866026 -0.866025 -1.49012e-08 -0.5 -0.866025 0 -0.5 -1 -2.84217e-14 -4.32125e-07 -0.866025 0 -0.5 -0.866025 0 -0.5 -1 4.26326e-14 -4.32125e-07 -0.866026 0 0.5 -0.866026 0 0.5 -0.5 -1.49012e-08 0.866025 -0.5 0 0.866025 -0.5 0 0.866025 -0.5 -2.98023e-08 0.866025 0.866025 2.98023e-08 -0.5 1 -1.42109e-14 4.12483e-07 1 0 4.61588e-07 0.866026 -1.49012e-08 -0.5 0.866025 -1.49012e-08 0.5 0.866026 -1.49012e-08 0.5 0.5 -1.49012e-08 0.866026 0.5 0 0.866025 0.5 0 0.866026 -7.85681e-07 2.84217e-14 1 -7.85681e-07 -2.84217e-14 1 0.5 -1.49012e-08 0.866026 -0.5 -1.49012e-08 0.866025 -0.5 0 0.866025 -0.866025 0 0.5 -0.866025 -1.49012e-08 0.5 -0.866025 0 0.5 -1 1.77636e-15 5.89261e-08 -1 0 3.92841e-08 -0.866025 0 0.5 -0.866026 1.49012e-08 -0.5 -0.866026 -1.49012e-08 -0.5 -0.5 -2.98023e-08 -0.866026 -0.5 1.49012e-08 -0.866026 -0.5 -1.49012e-08 -0.866026 6.08903e-07 2.84217e-14 -1 6.48187e-07 -2.84217e-14 -1 -0.5 -1.49012e-08 -0.866026 0.5 2.98023e-08 -0.866025 0.5 -4.47035e-08 -0.866025 0.866026 1.49012e-08 -0.5 0.866026 -1.49012e-08 -0.5 -1 -2.31063e-07 -7.04526e-07 -1 0 0 -0.707106 0.707107 -3.55271e-15 -0.742438 0.634212 -0.215781 0.634218 -0.742437 -0.215765 0.707106 -0.707107 3.55271e-15 6.16079e-08 -1 -4.23516e-22 9.32857e-07 -1 2.47129e-06 -0.707105 -0.707109 -3.55271e-15 -0.634207 -0.74244 0.215786 -0.742437 -0.634212 -0.215784 -0.707105 -0.707109 3.55271e-15 -1 -1.23216e-06 -1.69407e-21 -1 1.04637e-06 -1.27399e-05 -0.707105 0.707109 -1.77636e-15 -0.742433 0.634226 0.215758 0.634204 -0.742442 0.21579 0.707105 -0.707109 -1.77636e-15 -1.72502e-06 -1 1.35525e-20 -1.65869e-06 -1 3.65289e-07 -0.707106 -0.707107 0 -0.634217 -0.742438 -0.215768 -0.742437 -0.634215 0.215774 -0.707106 -0.707107 1.77636e-15 -0.756447 0.603712 -0.251634 -1 -1.81864e-07 -5.75458e-07 -0.756446 -0.603716 0.251628 -0.603728 -0.756442 -0.25161 -1.81305e-06 -1 2.47968e-06 0.603717 -0.756442 0.251638 -0.756446 0.603725 0.251606 -1 1.01578e-05 -1.41349e-05 -0.756447 -0.603709 -0.25164 -0.60371 -0.756446 0.251642 5.82887e-07 -1 1.33284e-06 0.603724 -0.756443 -0.251618 -0.756446 0.603717 0.251626 -1 2.03661e-07 -3.22815e-07 5.90124e-07 -1 -1.32442e-06 0.603724 -0.756443 0.251618 -0.603711 -0.756446 -0.251641 -1 1.00868e-05 1.39444e-05 -0.756447 -0.60371 0.25164 -0.756446 0.603725 -0.251606 -1.81498e-06 -1 -2.48418e-06 0.603717 -0.756442 -0.251637 -0.603729 -0.756442 0.251609 -0.756447 -0.603713 -0.251633 -1 1.68591e-07 -3.1633e-07 -0.742437 0.634214 0.215776 -0.707106 0.707107 0 -1 1.0268e-07 0 0.634218 -0.742437 0.215765 9.56577e-07 -1 -2.4675e-06 1.0268e-07 -1 -8.47033e-22 0.707106 -0.707107 0 -0.634207 -0.74244 -0.215786 -0.707105 -0.707109 0 -0.742437 -0.634212 0.215784 -1 1.05667e-06 1.2716e-05 -1 -1.29377e-06 1.69407e-21 -0.707105 -0.707109 0 -0.742432 0.634226 -0.215758 -0.707104 0.707109 0 0.634204 -0.742442 -0.215789 -1.65652e-06 -1 -3.59179e-07 -1.72502e-06 -1 -1.35525e-20 0.707105 -0.707109 0 -0.634217 -0.742438 0.215767 -0.707106 -0.707107 3.55271e-15 -0.742438 -0.634213 -0.21578 -0.707106 -0.707107 3.55271e-15 -0.696037 0.00550394 0.717985 -0.694669 1.42657e-08 0.719329 -0.487578 0.706999 0.512269 -0.666499 0.640308 0.381817 0.5 -0.707107 -0.5 0.5 -0.707107 -0.499999 1.45211e-08 -1 -1.45211e-08 8.8628e-09 -1 -8.86282e-09 -8.86281e-09 1 8.86281e-09 -1.45211e-08 1 1.45211e-08 0.499999 0.707109 -0.499999 0.499999 0.707108 -0.499998 -0.688448 -0.627965 0.362904 -0.512268 -0.707001 0.487577 -0.719336 -1.30721e-06 0.694663 -0.71798 0.00549784 0.696043 -0.512251 0.707002 0.487593 -0.381819 0.640316 0.666491 0.499997 -0.707111 -0.499997 0.499999 -0.707109 -0.499998 -1.29238e-06 -1 1.29238e-06 -1.12558e-06 -1 1.12558e-06 -0.5 -0.707107 0.5 -0.5 -0.707107 0.5 -0.362902 -0.627962 0.688452 -0.487609 -0.707 0.512239 -0.702327 0.610735 0.365704 -0.696581 0.00633368 0.717451 -0.348113 -0.596537 0.72316 -0.248692 0.0762674 -0.965575 -0.18881 0.0579024 -0.980305 -0.370909 7.85103e-06 -0.928669 -0.430081 5.60437e-06 -0.90279 -0.188809 -0.0579042 -0.980305 -0.248692 -0.0762721 -0.965575 -0.365734 0.610755 0.702294 -0.717452 0.00633872 0.696579 -0.723148 -0.596546 0.348123 0.965574 0.07626 0.248698 0.980305 0.0578961 0.188815 0.928669 -2.04601e-06 0.37091 0.90279 -1.14381e-06 0.430081 0.980304 -0.0578942 0.188817 0.965574 -0.076257 0.248701 -0.348121 0.596542 0.723152 -0.696579 -0.0063348 0.717452 7.67374e-09 -1 -7.67374e-09 0.500001 -0.707105 -0.500001 0.500001 -0.707105 -0.500001 7.67373e-09 -1 -7.67374e-09 -0.500001 -0.707106 0.500001 -0.500001 -0.707106 0.500001 -0.718016 -0.00667901 0.695995 -0.50848 -0.712259 0.483875 -0.723135 0.596553 0.348138 -5.92268e-07 -1 3.54074e-07 0.500003 -0.707103 -0.500003 0.500003 -0.707102 -0.500003 -5.77965e-07 -1 4.08113e-07 -0.500001 -0.707105 0.500001 -0.500001 -0.707105 0.500001 -0.70233 -0.610733 0.365702 -0.696043 -0.00550093 0.717979 -0.362901 0.627962 0.688452 -0.487589 0.707 0.512258 -0.694662 -4.40466e-17 0.719336 0.5 -0.707107 -0.5 4.43141e-09 -1 -4.43141e-09 3.06162e-17 -1 -3.06162e-17 0.5 -0.707107 -0.5 -0.499999 -0.707109 0.499999 -0.499999 -0.707109 0.499999 -0.509139 -0.711355 0.484512 -0.718451 -0.0057448 0.695554 -0.719344 -8.42098e-07 0.694654 -0.512267 -0.707001 0.487578 -0.688446 0.627968 0.362902 -0.512273 0.707001 0.487571 0.499997 -0.707111 -0.499997 -8.5083e-07 -1 8.50831e-07 -9.58393e-07 -1 9.58393e-07 0.499999 -0.707109 -0.499998 -0.5 -0.707107 0.499999 -0.5 -0.707107 0.5 -0.666517 -0.640298 0.381802 -0.487579 -0.706999 0.512268 -1.68806e-06 1 -1.26483e-06 0.0308402 0.754064 -0.656076 0.0319513 0.732864 -0.679625 1.81977e-06 1 -3.8924e-07 -0.030842 0.754062 0.656079 -0.0319463 0.732865 0.679624 0.486302 0.698488 -0.525001 0.925896 0.180227 -0.332016 0.935 0.154416 -0.319264 0.484536 0.69957 -0.525192 0.370908 -2.55632e-06 0.92867 0.188808 -0.0579013 0.980305 0.248691 -0.0762659 0.965576 0.43008 -1.48219e-06 0.902791 0.188807 0.0579038 0.980306 0.248688 0.0762693 0.965576 -2.06835e-06 0.25084 0.968029 -0.109832 0.273433 0.9556 0.025601 -0.0615938 0.997773 3.49361e-06 -0.0871566 0.996195 -0.287481 -0.579067 -0.762913 0.202861 -0.741905 -0.63908 -2.45008e-06 -0.71934 -0.694658 -0.549524 -0.492586 -0.67482 0.74231 -0.515992 -0.427468 0.549522 -0.492586 -0.674823 -0.707105 0.704417 0.0616307 -1 3.10487e-06 6.65391e-07 -1 1.20701e-06 1.05604e-07 -0.707105 0.704418 0.0616307 -0.707101 -0.704422 -0.0616261 -0.707103 -0.70442 -0.061628 0.739225 0.494358 0.457337 0.21189 0.718383 0.662592 -1.85743e-06 0.694652 0.719346 0.533652 0.474445 0.700084 -0.265128 0.564906 0.781401 -0.533661 0.474451 0.700074 0.109837 0.273429 0.955601 -0.0256058 -0.0615904 0.997773 -0.00405468 0.220338 0.975415 -0.108632 0.277283 0.954627 0.110409 0.275583 0.954916 0.295015 0.732602 0.613401 -0.246994 0.571129 0.782819 0.79834 0.52387 0.297006 0.999866 0.0102917 -0.0127173 0.809757 0.408413 0.421298 0.734721 0.470047 0.489122 0.999846 0.0072879 -0.0159792 0.809286 -0.38525 -0.44344 0.730429 -0.45074 -0.513135 0.283569 -0.75588 -0.590114 0.792636 -0.547608 -0.268055 -0.268385 -0.585686 -0.764815 -0.931034 0.22908 -0.284075 -0.670279 -0.22971 -0.705662 -0.599593 -0.286497 -0.747267 -0.927983 0.19289 -0.318812 -0.730219 -0.479036 -0.48714 -0.0434323 -0.718933 -0.693721 0.054197 -0.718754 -0.693149 -0.668184 -0.48184 -0.566887 0.693257 -0.484776 -0.53328 0.730593 -0.476344 -0.489213 0.691893 -0.474439 -0.544235 0.999854 0.0108353 -0.0132222 0.999853 0.0105529 -0.0135306 0.727407 -0.449913 -0.518128 0.69472 0.497371 0.519602 0.730264 0.47315 0.492793 0.689873 0.460767 0.558362 -0.043787 0.694227 0.718423 0.0547848 0.694035 0.717854 0.727867 0.453256 0.514557 -0.727871 0.455748 0.512345 -0.662265 0.459015 0.592208 -0.689215 0.710575 0.141657 -0.667308 0.726142 0.165581 -1 -6.7426e-07 -5.8992e-08 -1 -8.18314e-07 -7.15956e-08 -0.707106 -0.704417 -0.0616306 -0.707106 -0.704416 -0.0616306 -0.742311 -0.515991 -0.427466 -0.549522 -0.492583 -0.674825 -3.69186e-07 -0.719341 -0.694657 -0.202858 -0.741908 -0.639079 0.549524 -0.492589 -0.674818 0.287477 -0.579069 -0.762913 -0.109825 -0.273445 -0.955597 0.0256042 0.0615877 -0.997773 7.03091e-06 0.0871501 -0.996195 -1.16419e-06 -0.250842 -0.968028 -0.025606 0.061587 -0.997773 0.109823 -0.273443 -0.955598 0.26512 0.564904 0.781406 0.533663 0.474459 0.700066 -9.27231e-07 0.694666 0.719332 -0.211895 0.718379 0.662596 -0.533665 0.474457 0.700066 -0.739227 0.494342 0.457351 -0.707106 0.704417 0.0616307 -0.707106 0.704417 0.0616309 -0.657811 -0.253729 -0.709159 -0.768882 -0.142833 -0.623233 -0.932137 0.232088 -0.27795 -0.923487 0.159257 -0.349012 -0.749116 0.651516 0.119798 -0.726387 0.671002 0.148726 -0.799804 0.525945 0.289301 -0.299467 0.730915 0.613256 0.293417 0.561563 0.773662 0.0857442 -0.212756 -0.973336 0.000565703 -0.0725078 -0.997368 -0.0869703 -0.211488 -0.973503 0.31406 -0.577633 -0.753463 -0.288297 -0.754367 -0.589759 -0.793623 -0.549834 -0.260471 0.0249161 -0.517494 0.855324 0.150057 -0.373659 0.915348 -0.727825 -0.59517 -0.340653 -1 1.39004e-06 -1.15893e-06 -1 -7.08227e-07 1.50765e-06 -0.801984 -0.516037 -0.300877 0.198774 0.449224 -0.871026 0.000959557 0.614995 -0.788531 0.0016137 0.628912 -0.777475 0.242022 0.560288 -0.792151 -0.0121571 0.633787 -0.773412 0.199165 0.429526 -0.880818 -0.201076 0.446998 -0.871643 -0.244143 0.558619 -0.792678 -0.194639 0.434353 -0.879462 -0.154799 -0.368561 0.916624 -0.728294 0.591786 0.345511 -0.80133 0.519116 0.297303 -8.27178e-07 -0.25084 0.968029 2.47422e-06 0.0871565 0.996195 -0.0256103 0.0615865 0.997773 0.109825 -0.27344 0.955599 0.265117 0.564898 -0.781411 0.53366 0.474449 -0.700075 1.48767e-06 0.694663 -0.719336 -0.211895 0.718369 -0.662606 -0.533664 0.474459 -0.700066 -0.739223 0.494333 -0.457366 -0.707104 0.704418 -0.0616298 -0.707104 0.704419 -0.0616291 -1 6.62336e-07 -2.09004e-06 -1 3.10787e-06 -2.33774e-06 -0.707104 -0.704419 0.0616283 -0.707102 -0.704421 0.0616292 -0.742307 -0.515995 0.427468 -0.549526 -0.49259 0.674816 2.05176e-06 -0.719339 0.694659 -0.202856 -0.741905 0.639082 0.549524 -0.492584 0.674821 0.28748 -0.579067 0.762913 -0.109824 -0.273441 0.955599 0.0256048 0.0615914 0.997773 0.108642 -0.277273 0.954629 0.00403881 -0.220338 0.975415 -0.110404 -0.275588 0.954915 0.268388 -0.585686 0.764813 -0.283571 -0.755879 0.590114 -0.792638 -0.547602 0.26806 -0.679951 -0.302319 0.668034 -0.781175 -0.20702 0.58899 -0.961101 0.173701 0.214739 -0.955845 0.121997 0.267351 -0.777442 0.593672 -0.207695 -0.740667 0.623674 -0.249887 -0.798345 0.52384 -0.297047 -0.295022 0.732586 -0.613417 0.246998 0.571132 -0.782816 0.999921 0.00790515 0.00980355 0.999916 0.00671651 0.0111018 0.673977 0.507246 -0.537081 0.72945 0.470466 -0.496553 0.727872 0.455748 -0.512344 0.662267 0.459023 -0.5922 -0.0547847 0.694038 -0.717851 0.0437868 0.694229 -0.718421 -0.727867 0.453257 -0.514556 -0.689873 0.46077 -0.558361 -0.684692 0.674321 -0.276565 -0.717259 0.652412 -0.244739 -0.96069 0.170738 0.218915 -0.96092 0.175462 0.214117 -0.687116 -0.284512 0.668524 -0.653698 -0.310836 0.689971 -0.693257 -0.484777 0.533279 -0.730593 -0.476345 0.489213 -0.0541935 -0.718754 0.693149 0.0434328 -0.718933 0.693721 0.668185 -0.481839 0.566887 0.730219 -0.479036 0.48714 0.727568 -0.453211 0.515019 0.67047 -0.491414 0.555862 -1 2.49722e-08 -2.18507e-09 -0.707108 -0.704414 0.0616305 -0.707107 -0.704415 0.0616335 -1 -1.63663e-07 1.43205e-08 0.739228 0.49434 -0.45735 0.211895 0.718374 -0.662601 2.22296e-07 0.694673 -0.719326 0.533665 0.474451 -0.70007 -0.265115 0.564901 -0.78141 -0.533663 0.474459 -0.700066 0.109832 0.273438 -0.955599 2.56192e-06 0.250842 -0.968028 3.5342e-06 -0.08715 -0.996195 -0.0256086 -0.0615836 -0.997773 -0.109828 0.273438 -0.955599 0.0256064 -0.0615862 -0.997773 -0.287477 -0.579068 0.762913 0.202859 -0.741908 0.639079 6.25958e-07 -0.719341 0.694658 -0.549524 -0.492588 0.674819 0.742312 -0.51599 0.427465 0.549528 -0.492585 0.674818 -0.707108 0.704414 -0.0616333 -0.707107 0.704415 -0.0616307 0.999933 0.0074051 0.00886883 0.813337 0.40173 -0.420828 0.73415 0.467282 -0.492617 0.999923 0.00515912 0.0113063 0.813145 -0.385174 0.436389 0.731112 -0.453624 0.509608 0.288296 -0.754369 0.589757 0.793624 -0.549832 0.260473 -0.31407 -0.577632 0.75346 -0.000573434 0.072508 -0.997368 -0.0857449 0.212755 -0.973336 0.0869733 0.211482 -0.973504 0.29947 0.730904 -0.613267 -0.293411 0.561566 -0.773662 0.799806 0.525941 -0.289303 -0.0249339 0.517494 0.855324 -0.150039 0.37368 0.915342 -0.727825 -0.595168 0.340654 -0.801986 -0.516032 0.300882 -1 6.19982e-07 3.89757e-07 -1 -1.05227e-07 -7.29546e-07 -0.198772 -0.449226 -0.871025 -0.242033 -0.560278 -0.792154 -0.0016091 -0.628912 -0.777475 -0.000957005 -0.614995 -0.788531 0.0121563 -0.633787 -0.773412 -0.199171 -0.429521 -0.88082 0.244148 -0.558615 -0.792679 0.201064 -0.44701 -0.871639 0.194639 -0.434354 -0.879461 0.154786 0.368575 0.916621 -0.801331 0.519114 -0.297304 -0.728295 0.591782 -0.345516 -6.93485e-07 0.250843 0.968028 -0.109826 0.27344 0.955599 0.0256092 -0.0615875 0.997773 3.75312e-06 -0.0871565 0.996195 -0.28748 -0.579068 -0.762913 0.202858 -0.741906 -0.63908 1.78318e-09 -0.719341 -0.694657 -0.549528 -0.49259 -0.674814 0.742309 -0.515988 -0.427474 0.54952 -0.492583 -0.674826 -0.707104 0.704418 0.061629 -1 5.00901e-06 8.31982e-07 -1 3.396e-06 2.97113e-07 -0.707105 0.704418 0.0616289 -0.707103 -0.70442 -0.0616277 -0.707105 -0.704418 -0.0616281 0.739224 0.494345 0.457353 0.211896 0.718372 0.662603 -3.79471e-07 0.694666 0.719332 0.53367 0.474463 0.700058 -0.265116 0.564899 0.78141 -0.533661 0.474451 0.700073 0.109828 0.27344 0.955598 -0.0256127 -0.0615835 0.997773 -0.00405072 0.220337 0.975415 -0.10863 0.277287 0.954626 0.110404 0.275594 0.954913 0.29502 0.732589 0.613414 -0.24699 0.57113 0.782819 0.798346 0.523846 0.297034 0.999866 0.0102757 -0.0126988 0.809758 0.408419 0.421291 0.734722 0.470046 0.489121 0.999846 0.00727709 -0.0159598 0.809286 -0.385246 -0.443443 0.730426 -0.450732 -0.513146 0.283572 -0.755876 -0.590117 0.792638 -0.547601 -0.268064 -0.268377 -0.58568 -0.764822 -0.931032 0.229082 -0.284078 -0.670278 -0.229706 -0.705665 -0.599593 -0.286499 -0.747266 -0.927982 0.192892 -0.318814 -0.730219 -0.479036 -0.48714 -0.0434327 -0.718933 -0.693721 0.0541954 -0.718751 -0.693152 -0.668182 -0.481834 -0.566895 0.693256 -0.484778 -0.533279 0.730592 -0.476346 -0.489213 0.691892 -0.474437 -0.544238 0.999854 0.0108371 -0.0132243 0.999853 0.0105547 -0.0135328 0.727406 -0.449912 -0.518131 0.69472 0.497373 0.5196 0.730263 0.473152 0.492791 0.689873 0.460767 0.558363 -0.0437867 0.694228 0.718422 0.0547867 0.694035 0.717853 0.727866 0.453257 0.514557 -0.727871 0.455748 0.512346 -0.662263 0.459018 0.592208 -0.689213 0.710576 0.141654 -0.667306 0.726147 0.165572 -1 -6.9298e-07 -6.06366e-08 -1 -8.5923e-07 -7.51836e-08 -0.707107 -0.704415 -0.0616333 -0.707107 -0.704415 -0.0616287 -0.742313 -0.515995 -0.427458 -0.549534 -0.492591 -0.674808 -3.69186e-07 -0.71934 -0.694658 -0.202857 -0.74191 -0.639077 0.549521 -0.492585 -0.674824 0.287469 -0.579064 -0.76292 -0.109822 -0.273448 -0.955597 0.0256126 0.0615792 -0.997774 4.06411e-06 0.0871501 -0.996195 -3.13983e-07 -0.250842 -0.968028 -0.0256098 0.0615832 -0.997773 0.109819 -0.273447 -0.955598 0.265119 0.564904 0.781406 0.533658 0.474453 0.700073 -9.54839e-07 0.694666 0.719332 -0.211897 0.718373 0.662601 -0.533673 0.47446 0.700058 -0.739228 0.494341 0.45735 -0.707108 0.704414 0.061633 -0.707107 0.704416 0.0616289 -0.65781 -0.253725 -0.709161 -0.768882 -0.142833 -0.623233 -0.932124 0.232108 -0.277976 -0.923474 0.159269 -0.349039 -0.749113 0.651522 0.119787 -0.726388 0.671001 0.148723 -0.799805 0.525944 0.289302 -0.29947 0.730908 0.613263 0.293412 0.56156 0.773666 0.0857347 -0.212766 -0.973335 0.000568592 -0.0725078 -0.997368 -0.0869657 -0.211493 -0.973503 0.314058 -0.577632 -0.753465 -0.288294 -0.754372 -0.589754 -0.793622 -0.549838 -0.260464 0.0249067 -0.517496 0.855323 0.150056 -0.373659 0.915348 -0.727825 -0.59517 -0.340653 -1 1.42778e-06 -1.13726e-06 -1 -7.08219e-07 1.50765e-06 -0.801985 -0.516036 -0.300877 0.198774 0.449225 -0.871026 0.000957943 0.614995 -0.788531 0.00161101 0.628911 -0.777476 0.24203 0.56028 -0.792154 -0.0121578 0.633787 -0.773412 0.199175 0.429515 -0.880821 -0.20107 0.447005 -0.87164 -0.244148 0.558617 -0.792679 -0.194649 0.434342 -0.879465 -0.154795 -0.368562 0.916625 -0.728294 0.591786 0.345512 -0.80133 0.519116 0.297303 5.10285e-07 -0.250842 0.968028 -3.63401e-06 0.0871549 0.996195 -0.0256089 0.0615878 0.997773 0.109826 -0.27344 0.955599 0.265121 0.564902 -0.781407 0.533657 0.474447 -0.700079 9.98579e-08 0.694655 -0.719343 -0.211894 0.718377 -0.662597 -0.533657 0.47445 -0.700076 -0.739225 0.494342 -0.457354 -0.707104 0.704418 -0.06163 -0.707105 0.704418 -0.0616293 -1 2.89224e-06 -2.28513e-06 -1 5.08069e-06 -2.51034e-06 -0.707105 -0.704418 0.0616283 -0.707104 -0.704419 0.0616293 -0.742309 -0.516 0.42746 -0.54953 -0.492593 0.67481 4.74328e-07 -0.719339 0.69466 -0.202858 -0.741905 0.639081 0.549519 -0.49258 0.674829 0.287478 -0.579068 0.762913 -0.109829 -0.273439 0.955599 0.0256114 0.0615816 0.997773 0.108633 -0.277284 0.954627 0.00404143 -0.220336 0.975416 -0.110404 -0.275591 0.954914 0.268389 -0.585689 0.764811 -0.283568 -0.755883 0.590111 -0.792638 -0.547608 0.26805 -0.67995 -0.302314 0.668037 -0.781174 -0.207012 0.588993 -0.9611 0.173703 0.21474 -0.955846 0.121997 0.267348 -0.777447 0.593661 -0.207707 -0.740669 0.623663 -0.249907 -0.798344 0.523851 -0.297031 -0.295017 0.732595 -0.613408 0.246997 0.571132 -0.782816 0.999921 0.00790509 0.00980355 0.999916 0.00671644 0.0111017 0.673976 0.507247 -0.537082 0.72945 0.470466 -0.496553 0.727872 0.455747 -0.512345 0.662264 0.459016 -0.592209 -0.0547867 0.694032 -0.717856 0.0437861 0.694228 -0.718422 -0.727866 0.453255 -0.514559 -0.689873 0.460766 -0.558363 -0.684693 0.674319 -0.276568 -0.717259 0.652412 -0.244741 -0.96069 0.170737 0.218915 -0.960921 0.175461 0.214114 -0.687116 -0.284511 0.668525 -0.6537 -0.310838 0.689968 -0.693258 -0.484779 0.533276 -0.730593 -0.476345 0.489213 -0.0541953 -0.718754 0.693149 0.043432 -0.718936 0.693718 0.668183 -0.481837 0.566891 0.730219 -0.479037 0.487138 0.727568 -0.453212 0.515019 0.670469 -0.491415 0.555863 -1 7.11715e-07 -6.22672e-08 -0.707107 -0.704416 0.0616288 -0.707107 -0.704415 0.0616286 -1 8.59229e-07 -7.51719e-08 0.739227 0.494338 -0.457355 0.211896 0.718372 -0.662603 3.07486e-07 0.694657 -0.719341 0.533667 0.474457 -0.700065 -0.265118 0.564905 -0.781405 -0.533656 0.474449 -0.700078 0.109833 0.273438 -0.955599 3.47535e-06 0.250843 -0.968028 3.18742e-06 -0.0871549 -0.996195 -0.0256091 -0.0615844 -0.997773 -0.109829 0.273438 -0.955599 0.0256082 -0.0615891 -0.997773 -0.287476 -0.579068 0.762914 0.202861 -0.741902 0.639084 4.91291e-07 -0.719346 0.694652 -0.54953 -0.492593 0.67481 0.742311 -0.515984 0.427476 0.549523 -0.492587 0.67482 -0.707106 0.704417 -0.0616261 -0.707106 0.704417 -0.0616244 0.999933 0.00740477 0.00886841 0.813336 0.401725 -0.420834 0.734149 0.467279 -0.492622 0.999923 0.00515876 0.0113072 0.813145 -0.385173 0.436392 0.73111 -0.453622 0.509613 0.288296 -0.754364 0.589764 0.793625 -0.549827 0.26048 -0.314063 -0.577631 0.753463 -0.000573073 0.072511 -0.997367 -0.0857468 0.212756 -0.973336 0.0869741 0.211481 -0.973505 0.299465 0.730915 -0.613257 -0.293408 0.561566 -0.773664 0.799805 0.525943 -0.289302 -0.0249295 0.517496 0.855323 -0.150047 0.373668 0.915346 -0.727825 -0.595168 0.340655 -0.801984 -0.516037 0.300878 -1 -8.73211e-07 -1.41385e-06 -1 7.28982e-07 2.02237e-07 -0.198782 -0.449219 -0.871027 -0.242031 -0.560279 -0.792154 -0.00161306 -0.628912 -0.777475 -0.000959358 -0.614996 -0.78853 0.0121522 -0.633789 -0.77341 -0.199172 -0.429522 -0.880819 0.244153 -0.558614 -0.792679 0.201081 -0.446995 -0.871643 0.194641 -0.434353 -0.879461 0.154794 0.368564 0.916624 -0.80133 0.519114 -0.297306 -0.728294 0.591784 -0.345513 -2.35898e-06 0.250843 0.968028 -0.109826 0.27344 0.955599 0.0256057 -0.061591 0.997773 5.78314e-07 -0.0871565 0.996195 -0.28748 -0.579068 -0.762912 0.202858 -0.741906 -0.639081 1.78318e-09 -0.719341 -0.694657 -0.549528 -0.49259 -0.674814 0.742309 -0.515988 -0.427474 0.549521 -0.492583 -0.674824 -0.707104 0.704418 0.061629 -1 6.22464e-06 -1.81789e-06 -1 3.396e-06 2.97113e-07 -0.707105 0.704418 0.0616289 -0.707107 -0.704415 -0.0616419 -0.707105 -0.704417 -0.0616364 0.739224 0.494345 0.457352 0.211897 0.718371 0.662604 -3.79482e-07 0.69467 0.719328 0.533662 0.474454 0.70007 -0.265121 0.564903 0.781406 -0.533666 0.474457 0.700065 0.10983 0.273438 0.955599 -0.025605 -0.0615912 0.997773 -0.00404321 0.220337 0.975415 -0.108633 0.277284 0.954627 0.110404 0.275593 0.954913 0.295024 0.732581 0.613421 -0.246995 0.571134 0.782815 0.798346 0.523845 0.297035 0.999866 0.0102935 -0.0127208 0.809758 0.408438 0.421273 0.734726 0.470062 0.489101 0.999846 0.00728459 -0.0159763 0.809287 -0.385269 -0.443421 0.730433 -0.450762 -0.51311 0.28357 -0.755879 -0.590115 0.792638 -0.5476 -0.268065 -0.268389 -0.585688 -0.764812 -0.931035 0.229078 -0.284072 -0.67028 -0.22971 -0.705661 -0.599595 -0.286502 -0.747263 -0.927984 0.19289 -0.31881 -0.730219 -0.479037 -0.487138 -0.0434323 -0.718934 -0.69372 0.0541954 -0.718753 -0.69315 -0.668184 -0.481841 -0.566886 0.693257 -0.484778 -0.533278 0.730592 -0.476345 -0.489215 0.691893 -0.474436 -0.544237 0.999854 0.0108371 -0.0132243 0.999853 0.0105546 -0.0135328 0.727406 -0.449912 -0.518131 0.69472 0.497373 0.5196 0.730263 0.473152 0.492792 0.689873 0.460766 0.558364 -0.0437864 0.694226 0.718424 0.0547866 0.694037 0.717851 0.727866 0.453259 0.514555 -0.727871 0.455745 0.512348 -0.662264 0.459019 0.592206 -0.689217 0.710571 0.141665 -0.667307 0.726146 0.165574 -1 -7.05472e-07 -6.17212e-08 -1 -7.97855e-07 -6.98038e-08 -0.707107 -0.704416 -0.0616289 -0.707107 -0.704416 -0.061629 -0.742311 -0.515986 -0.427473 -0.549529 -0.492589 -0.674814 -4.41212e-07 -0.719344 -0.694654 -0.202859 -0.741904 -0.639082 0.549523 -0.492586 -0.674821 0.287472 -0.579068 -0.762916 -0.109824 -0.273447 -0.955597 0.0256124 0.0615808 -0.997773 4.41105e-06 0.087155 -0.996195 -1.11868e-06 -0.250843 -0.968028 -0.0256109 0.0615868 -0.997773 0.109821 -0.273446 -0.955597 0.265112 0.5649 0.781411 0.533656 0.474447 0.70008 -9.54818e-07 0.694655 0.719343 -0.211895 0.718378 0.662596 -0.533662 0.474451 0.700072 -0.739228 0.494348 0.457343 -0.707107 0.704416 0.061629 -0.707107 0.704416 0.0616292 -0.657809 -0.253725 -0.709162 -0.768884 -0.142841 -0.623229 -0.932115 0.232124 -0.277994 -0.923465 0.159278 -0.349062 -0.74911 0.651527 0.119782 -0.726388 0.671 0.148726 -0.799802 0.525955 0.289289 -0.299464 0.730921 0.61325 0.293411 0.561564 0.773664 0.085737 -0.212768 -0.973334 0.000568566 -0.0725108 -0.997368 -0.0869671 -0.211492 -0.973503 0.314065 -0.577639 -0.753456 -0.288297 -0.754365 -0.589761 -0.793625 -0.549826 -0.260481 0.0249231 -0.517496 0.855323 0.150048 -0.373668 0.915346 -0.727825 -0.595168 -0.340655 -1 1.43191e-06 -1.19373e-06 -1 -6.85567e-07 1.46518e-06 -0.801984 -0.516037 -0.300878 0.198778 0.449221 -0.871027 0.000960934 0.614995 -0.788531 0.00161591 0.628911 -0.777476 0.24202 0.560288 -0.792151 -0.0121553 0.633789 -0.773411 0.199177 0.429516 -0.880821 -0.201084 0.446992 -0.871644 -0.244145 0.558619 -0.792678 -0.194652 0.434342 -0.879464 -0.154793 -0.368565 0.916624 -0.728294 0.591785 0.345511 -0.80133 0.519115 0.297305 -4.2453e-07 -0.250841 0.968028 -4.82087e-07 0.0871565 0.996195 -0.025606 0.0615908 0.997773 0.109829 -0.273436 0.955599 0.265121 0.564901 -0.781407 0.53366 0.47445 -0.700074 6.76343e-08 0.694658 -0.71934 -0.211895 0.718373 -0.662601 -0.533659 0.474451 -0.700074 -0.739226 0.49434 -0.457355 -0.707105 0.704417 -0.0616297 -0.707105 0.704418 -0.061629 -1 7.03251e-07 -2.09362e-06 -1 3.12036e-06 -2.33883e-06 -0.707105 -0.704418 0.0616282 -0.707103 -0.70442 0.0616291 -0.742307 -0.515986 0.427479 -0.54952 -0.492581 0.674828 5.63797e-07 -0.719334 0.694664 -0.202859 -0.741904 0.639083 0.549523 -0.492584 0.674823 0.287481 -0.579068 0.762912 -0.10983 -0.273436 0.955599 0.025605 0.0615912 0.997773 0.10864 -0.277279 0.954628 0.00404753 -0.220337 0.975415 -0.110409 -0.275588 0.954914 0.268385 -0.585686 0.764815 -0.283568 -0.755885 0.590108 -0.79264 -0.5476 0.268061 -0.679957 -0.302329 0.668024 -0.781179 -0.20703 0.58898 -0.961109 0.173684 0.214718 -0.955854 0.121985 0.267325 -0.77745 0.593653 -0.207719 -0.740671 0.62366 -0.249912 -0.798343 0.523853 -0.297028 -0.295019 0.732592 -0.613411 0.246994 0.571131 -0.782818 0.999921 0.00790446 0.00980275 0.999916 0.0067157 0.0111006 0.673975 0.507247 -0.537084 0.729449 0.470465 -0.496554 0.727872 0.455747 -0.512345 0.662262 0.459018 -0.592208 -0.054787 0.694035 -0.717853 0.0437861 0.694228 -0.718423 -0.727866 0.453258 -0.514556 -0.689873 0.460768 -0.558362 -0.684694 0.674314 -0.276577 -0.717259 0.65241 -0.244744 -0.96069 0.170737 0.218914 -0.960922 0.175458 0.21411 -0.687115 -0.284508 0.668527 -0.6537 -0.310839 0.689968 -0.693257 -0.484778 0.533278 -0.730593 -0.476348 0.489211 -0.0541955 -0.718757 0.693146 0.0434321 -0.718934 0.69372 0.668182 -0.48184 0.566889 0.730219 -0.479037 0.487139 0.727568 -0.453213 0.515018 0.670467 -0.491417 0.555863 -1 7.11715e-07 -6.22672e-08 -0.707107 -0.704416 0.0616288 -0.707107 -0.704415 0.0616286 -1 8.59229e-07 -7.51719e-08 0.739227 0.494339 -0.457353 0.211895 0.718375 -0.6626 3.07485e-07 0.694658 -0.71934 0.533661 0.47445 -0.700074 -0.265116 0.564903 -0.781408 -0.533658 0.474451 -0.700075 0.10983 0.273441 -0.955598 5.75028e-08 0.250843 -0.968028 -2.88228e-06 -0.0871549 -0.996195 -0.0256005 -0.061593 -0.997773 -0.109827 0.27344 -0.955599 0.0256066 -0.0615907 -0.997773 -0.287477 -0.579068 0.762914 0.202861 -0.741904 0.639082 4.91291e-07 -0.719346 0.694652 -0.549527 -0.492589 0.674815 0.742312 -0.515993 0.427463 0.549526 -0.49259 0.674816 -0.707106 0.704417 -0.0616261 -0.707106 0.704417 -0.0616245 0.999933 0.0074124 0.00887756 0.813336 0.401716 -0.420842 0.734148 0.467276 -0.492625 0.999923 0.00516425 0.0113192 0.813145 -0.385171 0.436394 0.73111 -0.453623 0.509612 0.288296 -0.754363 0.589764 0.793622 -0.549839 0.260466 -0.314066 -0.577633 0.753461 -0.000571969 0.072511 -0.997368 -0.0857472 0.212755 -0.973336 0.0869699 0.211486 -0.973504 0.299465 0.730915 -0.613257 -0.293408 0.561566 -0.773664 0.799804 0.525946 -0.289299 -0.0249053 0.517493 0.855325 -0.150046 0.373666 0.915347 -0.727825 -0.595168 0.340655 -0.801984 -0.516037 0.300878 -1 -8.03735e-07 -1.33064e-06 -1 1.5686e-06 1.26053e-06 -0.198773 -0.449226 -0.871025 -0.242026 -0.560285 -0.792151 -0.00161222 -0.628913 -0.777474 -0.000958848 -0.614995 -0.788531 0.0121523 -0.633789 -0.77341 -0.199172 -0.429522 -0.880819 0.244145 -0.558619 -0.792678 0.20107 -0.447005 -0.871641 0.194641 -0.434354 -0.879461 0.154785 0.36857 0.916623 -0.80133 0.519115 -0.297305 -0.728294 0.591786 -0.34551 1.8389e-06 0.250841 0.968028 -0.109834 0.273432 0.9556 0.0256046 -0.0615922 0.997773 6.62316e-06 -0.0871565 0.996195 -0.287477 -0.579065 -0.762916 0.202859 -0.741905 -0.639082 6.53302e-08 -0.719336 -0.694662 -0.549524 -0.492583 -0.674822 0.74231 -0.515991 -0.427467 0.549524 -0.492586 -0.674821 -0.707105 0.704418 0.0616286 -1 3.11111e-06 6.65944e-07 -1 1.24793e-06 1.09182e-07 -0.707105 0.704418 0.0616271 -0.707103 -0.704419 -0.0616295 -0.707104 -0.704418 -0.06163 0.739224 0.494344 0.457354 0.211896 0.718372 0.662602 -4.73371e-07 0.694665 0.719333 0.533661 0.474454 0.700071 -0.265114 0.564898 0.781412 -0.533661 0.474452 0.700072 0.109834 0.273433 0.9556 -0.0256129 -0.0615833 0.997773 -0.00404926 0.220336 0.975416 -0.108641 0.277278 0.954628 0.110412 0.275582 0.954916 0.29502 0.73259 0.613413 -0.247003 0.571137 0.78281 0.798346 0.523847 0.297032 0.999866 0.0102925 -0.0127178 0.809758 0.408421 0.421289 0.734723 0.470052 0.489114 0.999846 0.00728868 -0.0159809 0.809286 -0.385243 -0.443445 0.730428 -0.450732 -0.513143 0.28357 -0.755881 -0.590112 0.792637 -0.547606 -0.268058 -0.268387 -0.585687 -0.764813 -0.931035 0.229078 -0.284072 -0.670278 -0.229706 -0.705664 -0.599593 -0.286502 -0.747265 -0.927983 0.19289 -0.318812 -0.730219 -0.479035 -0.48714 -0.0434326 -0.718935 -0.69372 0.0541952 -0.718755 -0.693148 -0.668182 -0.481841 -0.566888 0.693258 -0.484778 -0.533276 0.730593 -0.476345 -0.489213 0.691894 -0.474436 -0.544237 0.999854 0.0108378 -0.0132236 0.999853 0.0105552 -0.0135323 0.727407 -0.449911 -0.518131 0.69472 0.497373 0.5196 0.730263 0.473152 0.492791 0.689874 0.460767 0.558362 -0.0437864 0.694227 0.718423 0.0547871 0.694036 0.717852 0.727866 0.453257 0.514557 -0.727871 0.455746 0.512347 -0.662265 0.459024 0.592201 -0.689218 0.71057 0.141669 -0.667306 0.726147 0.165572 -1 -6.11826e-07 -5.3528e-08 -1 -8.18313e-07 -7.15934e-08 -0.707107 -0.704416 -0.0616287 -0.707106 -0.704417 -0.0616288 -0.74231 -0.515989 -0.427469 -0.549526 -0.492585 -0.67482 -3.64259e-07 -0.719334 -0.694664 -0.20286 -0.741902 -0.639084 0.549522 -0.492585 -0.674823 0.28748 -0.579072 -0.762909 -0.109824 -0.273446 -0.955597 0.0256134 0.0615814 -0.997773 4.29454e-06 0.0871566 -0.996195 -1.06792e-06 -0.250842 -0.968028 -0.0256118 0.0615874 -0.997773 0.10982 -0.273446 -0.955598 0.265115 0.564901 0.781409 0.53366 0.474451 0.700073 -8.35381e-07 0.694667 0.719332 -0.211898 0.718371 0.662602 -0.533671 0.474462 0.700058 -0.739227 0.494342 0.457351 -0.707106 0.704417 0.0616289 -0.707107 0.704416 0.061629 -0.657811 -0.253731 -0.709158 -0.768884 -0.142842 -0.623229 -0.932124 0.232108 -0.277975 -0.923476 0.159266 -0.349036 -0.74912 0.651511 0.119808 -0.726393 0.670988 0.148756 -0.799804 0.525943 0.289305 -0.299471 0.730904 0.613267 0.29341 0.561562 0.773666 0.0857368 -0.212767 -0.973334 0.000568503 -0.0725101 -0.997368 -0.0869667 -0.211491 -0.973503 0.314066 -0.57764 -0.753455 -0.288294 -0.754368 -0.589759 -0.793624 -0.549832 -0.260473 0.0249035 -0.517494 0.855324 0.150046 -0.373666 0.915347 -0.727825 -0.595168 -0.340655 -1 1.46022e-06 -1.17748e-06 -1 -3.73882e-07 1.64403e-06 -0.801984 -0.516037 -0.300878 0.198769 0.449229 -0.871025 0.00095775 0.614995 -0.788531 0.00161299 0.628913 -0.777474 0.24202 0.56029 -0.79215 -0.012156 0.633789 -0.77341 0.199177 0.429517 -0.88082 -0.201071 0.447004 -0.871641 -0.244141 0.558623 -0.792676 -0.194652 0.434342 -0.879465 -0.154786 -0.368573 0.916622 -0.728294 0.591786 0.345511 -0.801329 0.519116 0.297305 -2.0277e-06 -0.250841 0.968028 -3.44107e-06 0.0871565 0.996195 -0.0256087 0.0615881 0.997773 0.109829 -0.273436 0.955599 0.265122 0.564902 -0.781407 0.533658 0.474448 -0.700077 9.92973e-08 0.694656 -0.719343 -0.211894 0.718377 -0.662598 -0.533657 0.47445 -0.700077 -0.739226 0.494344 -0.457349 -0.707105 0.704418 -0.0616272 -0.707105 0.704418 -0.0616236 -1 1.27607e-06 -2.14373e-06 -1 3.63229e-06 -2.38363e-06 -0.707105 -0.704418 0.06163 -0.707104 -0.704418 0.0616308 -0.742309 -0.515996 0.427465 -0.549521 -0.492583 0.674825 7.50384e-07 -0.719334 0.694664 -0.202858 -0.741905 0.639082 0.549521 -0.49258 0.674827 0.287482 -0.579068 0.762912 -0.109827 -0.273438 0.955599 0.0256122 0.061584 0.997773 0.10864 -0.277278 0.954628 0.00404659 -0.220336 0.975416 -0.110408 -0.275587 0.954915 0.26839 -0.585689 0.76481 -0.283569 -0.755882 0.590111 -0.792638 -0.547607 0.268052 -0.67995 -0.302314 0.668038 -0.781174 -0.207012 0.588993 -0.961101 0.173702 0.214739 -0.955847 0.121995 0.267347 -0.777449 0.593655 -0.207717 -0.740671 0.623657 -0.249917 -0.798342 0.523861 -0.297019 -0.295016 0.732599 -0.613404 0.246997 0.571133 -0.782815 0.999921 0.00790449 0.00980323 0.999916 0.00671606 0.011101 0.673975 0.507247 -0.537083 0.729449 0.470465 -0.496554 0.727872 0.455748 -0.512344 0.662263 0.459018 -0.592207 -0.0547868 0.694035 -0.717853 0.0437863 0.694228 -0.718422 -0.727866 0.453256 -0.514557 -0.689874 0.460769 -0.55836 -0.684694 0.674315 -0.276573 -0.71726 0.65241 -0.244744 -0.96069 0.170736 0.218914 -0.960922 0.175459 0.214112 -0.687115 -0.284508 0.668527 -0.653701 -0.310838 0.689967 -0.693258 -0.484776 0.533279 -0.730593 -0.476344 0.489215 -0.0541955 -0.718753 0.69315 0.0434324 -0.718932 0.693723 0.668182 -0.481838 0.566891 0.730219 -0.479036 0.48714 0.727568 -0.453212 0.515019 0.670468 -0.491416 0.555863 -1 4.49505e-07 -3.9326e-08 -0.707107 -0.704416 0.0616305 -0.707107 -0.704416 0.0616289 -1 3.68241e-07 -3.22161e-08 0.739225 0.494332 -0.457365 0.211895 0.718375 -0.6626 2.33586e-07 0.694662 -0.719336 0.533663 0.474453 -0.70007 -0.265116 0.564903 -0.781408 -0.533661 0.474455 -0.70007 0.109833 0.273437 -0.955599 2.25706e-06 0.250842 -0.968028 3.17146e-06 -0.0871565 -0.996195 -0.0256098 -0.0615853 -0.997773 -0.109827 0.273439 -0.955599 0.0256086 -0.0615902 -0.997773 -0.287472 -0.579064 0.762919 0.202857 -0.741914 0.639071 4.59054e-07 -0.71934 0.694658 -0.549522 -0.492584 0.674823 0.742311 -0.515994 0.427462 0.549528 -0.492591 0.674813 -0.707106 0.704417 -0.061627 -0.707106 0.704417 -0.0616271 0.999933 0.00740429 0.00886842 0.813336 0.401727 -0.420832 0.734148 0.467281 -0.492621 0.999923 0.00515921 0.0113075 0.813144 -0.385171 0.436395 0.731109 -0.453619 0.509616 0.288291 -0.754375 0.589752 0.793625 -0.549827 0.260482 -0.314071 -0.577637 0.753455 -0.000576229 0.0725096 -0.997368 -0.0857421 0.21276 -0.973335 0.0869729 0.211482 -0.973505 0.299464 0.730914 -0.613258 -0.293412 0.561568 -0.773661 0.799807 0.525936 -0.289311 -0.0248973 0.517494 0.855324 -0.150047 0.373666 0.915347 -0.727825 -0.595168 0.340655 -0.801984 -0.516037 0.300877 -1 -5.52869e-07 -1.59766e-06 -1 9.55412e-07 7.2246e-08 -0.198762 -0.449236 -0.871023 -0.242008 -0.5603 -0.792147 -0.00161471 -0.628913 -0.777474 -0.00096041 -0.614994 -0.788531 0.0121465 -0.63379 -0.77341 -0.199172 -0.429523 -0.880818 0.244131 -0.558631 -0.792674 0.201064 -0.44701 -0.871639 0.194644 -0.434352 -0.879461 0.154785 0.368572 0.916622 -0.80133 0.519115 -0.297305 -0.728294 0.591785 -0.345512 -1 -1.1693e-07 -3.82712e-07 -1 0 0 -0.707107 0.707107 1.65436e-24 -0.742439 0.634209 -0.215787 0.634215 -0.742438 -0.215773 0.707107 -0.707107 -1.65436e-24 0 -1 0 4.31765e-07 -1 1.19975e-06 -0.707105 -0.707109 -1.65436e-24 -0.63421 -0.74244 0.215779 -0.742438 -0.634209 -0.21579 -0.707105 -0.707109 -1.65436e-24 -1 -2.27949e-06 1.26218e-29 -1 -1.32547e-07 -1.18543e-05 -0.707105 0.707109 1.65436e-24 -0.742435 0.634215 0.215783 0.634204 -0.742442 0.215791 0.707105 -0.707109 -1.65436e-24 -2.52592e-06 -1 2.40741e-35 -2.31568e-06 -1 2.38654e-07 -0.707107 -0.707107 0 -0.634211 -0.742438 -0.215782 -0.742438 -0.634213 0.215779 -0.707107 -0.707107 -1.65436e-24 -0.756446 0.603709 -0.251643 -1 -6.05256e-07 -1.25853e-06 -0.756445 -0.603716 0.25163 -0.603713 -0.756446 -0.251635 -7.79947e-07 -1 -7.11309e-07 0.603714 -0.756444 0.25164 -0.756448 0.603706 0.251643 -1 7.55031e-06 -8.99505e-06 -0.756446 -0.60371 -0.251643 -0.603714 -0.756446 0.251633 -8.7893e-08 -1 -2.04791e-07 0.603718 -0.756445 -0.251626 -0.756446 0.603714 0.251635 -1 -3.32647e-07 2.94636e-07 -8.88587e-08 -1 2.07041e-07 0.603718 -0.756445 0.251626 -0.603714 -0.756446 -0.251632 -1 7.42345e-06 7.38463e-06 -0.756446 -0.60371 0.251642 -0.756448 0.603707 -0.251644 -5.89289e-07 -1 6.24539e-07 0.603715 -0.756443 -0.25164 -0.603714 -0.756445 0.251634 -0.756445 -0.603716 -0.25163 -1 -3.25949e-07 4.77295e-07 -0.742438 0.634211 0.215783 -0.707107 0.707107 5.6113e-07 -1 -1.23216e-07 -3.38813e-21 0.634215 -0.742437 0.215773 5.94719e-07 -1 -1.14678e-06 3.08039e-07 -1 -8.94293e-14 0.707107 -0.707107 -9.58952e-07 -0.63421 -0.74244 -0.215779 -0.707105 -0.707109 0 -0.742437 -0.63421 0.215789 -1 -7.09492e-07 1.08814e-05 -1 -2.25896e-06 1.26218e-29 -0.707105 -0.707109 0 -0.742435 0.634214 -0.215783 -0.707105 0.707108 0 0.634205 -0.742441 -0.21579 -1.87498e-06 -1 -3.92028e-07 -1.95091e-06 -1 0 0.707105 -0.707108 0 -0.634211 -0.742438 0.215781 -0.707107 -0.707107 1.65436e-24 -0.742438 -0.634213 -0.215778 -0.707107 -0.707107 0 4.76614e-07 1.69034e-07 1 0 -6.12323e-17 1 0 0.707107 0.707106 -0.215771 0.634216 0.742437 -0.215786 -0.742439 -0.634209 0 -0.707107 -0.707106 0 -1 -6.12323e-17 -1.03062e-06 -1 3.65513e-07 0 -0.707109 0.707105 0.215776 -0.74244 0.634211 0.215784 0.634212 -0.742437 0 0.707109 -0.707105 0 1.39645e-06 -1 1.27655e-05 -9.73972e-07 -1 -0 -0.707109 -0.707104 -0.215777 -0.634218 -0.742434 0.215788 -0.742442 -0.634204 -0 -0.707109 -0.707104 0 -1 2.15627e-06 -1.15233e-07 -1 1.87055e-06 0 -0.707107 0.707106 -0.215787 -0.742439 0.634208 0.215781 -0.634212 0.742438 0 -0.707107 0.707106 -0.251617 0.603721 0.756445 1.44027e-06 6.18142e-07 1 0.251634 -0.603712 0.756447 -0.251643 -0.756445 0.603711 -1.67366e-06 -1 2.14986e-07 0.251636 -0.756442 -0.603718 -0.251638 -0.603708 -0.756449 1.02167e-05 -8.38934e-06 -1 0.251641 0.603709 -0.756447 0.251625 -0.756444 0.603719 -7.06631e-07 -1 3.03275e-07 -0.251638 -0.756445 -0.603714 0.251617 0.603721 0.756445 -1.44027e-06 6.18141e-07 1 7.11132e-07 -1 3.05205e-07 0.251637 -0.756444 -0.603714 -0.251625 -0.756444 0.603719 -1.02442e-05 -8.41196e-06 -1 -0.25164 0.60371 -0.756447 0.251637 -0.603708 -0.756449 1.66916e-06 -1 2.1692e-07 -0.251636 -0.756441 -0.603718 0.251642 -0.756445 0.603711 -0.251634 -0.603713 0.756447 -4.68606e-07 1.78727e-07 1 0.215771 0.634216 0.742437 0 0.707107 0.707106 0 2.0536e-08 1 0.215786 -0.742439 -0.634209 1.03469e-06 -1 3.66957e-07 0 -1 -6.12323e-17 0 -0.707107 -0.707106 -0.215776 -0.74244 0.634212 0 -0.707109 0.707105 -0.215784 0.634212 -0.742437 -1.27989e-05 -1.00461e-06 -1 0 1.39645e-06 -1 0 0.707109 -0.707105 0.215777 -0.634218 -0.742434 -0 -0.707109 -0.707104 -0.215787 -0.742442 -0.634205 1.23239e-07 -1 1.88024e-06 0 -1 2.17681e-06 -0 -0.707109 -0.707104 0.215787 -0.742439 0.634209 0 -0.707107 0.707106 -0.21578 -0.634212 0.742438 0 -0.707107 0.707106 -0.968029 -0.25084 1.70947e-06 -0.955599 -0.273439 -0.109826 -0.997773 0.0615829 0.0256119 -0.996195 0.0871566 6.9156e-06 -0.762913 -0.579067 0.28748 -0.63908 -0.741906 -0.20286 -0.694658 -0.71934 2.4353e-06 -0.674821 -0.492585 0.549524 -0.427468 -0.515992 -0.74231 -0.674822 -0.492586 -0.549522 0.0616307 0.704417 0.707105 5.3394e-07 3.19082e-06 1 1.10973e-07 1.26839e-06 1 0.0616307 0.704418 0.707105 -0.0616265 -0.704422 0.707101 -0.0616283 -0.704419 0.707103 0.45735 0.494348 -0.739223 0.662588 0.718388 -0.211888 0.719339 0.694659 1.87266e-06 0.70009 0.47444 -0.533648 0.781401 0.564906 0.265128 0.700068 0.474455 0.533664 -0.955599 -0.273439 0.109826 -0.997774 0.0615758 -0.0256204 -0.975415 -0.220338 -0.00405183 -0.954627 -0.277285 -0.108631 -0.954915 -0.275587 0.110404 0.6134 0.732603 -0.295014 0.78282 0.571129 0.246993 0.297017 0.523861 -0.798342 -0.0127192 0.0102932 -0.999866 0.421297 0.408415 -0.809757 0.489121 0.470048 -0.734721 -0.0159811 0.00728875 -0.999846 -0.443439 -0.38525 -0.809286 -0.513133 -0.450741 -0.730429 -0.590114 -0.75588 -0.283569 -0.268057 -0.547607 -0.792636 -0.764813 -0.585687 0.268387 -0.284072 0.229078 0.931035 -0.705665 -0.229705 0.670278 -0.747266 -0.286497 0.599594 -0.318811 0.192889 0.927984 -0.487139 -0.479036 0.730219 -0.693721 -0.718933 0.0434319 -0.693149 -0.718754 -0.0541972 -0.566887 -0.48184 0.668184 -0.53328 -0.484776 -0.693256 -0.489213 -0.476344 -0.730593 -0.544235 -0.474439 -0.691893 -0.0132221 0.0108353 -0.999854 -0.0135306 0.0105528 -0.999853 -0.518128 -0.449913 -0.727407 0.519603 0.497371 -0.69472 0.492793 0.47315 -0.730264 0.55836 0.460771 -0.689873 0.718422 0.694228 0.0437866 0.717855 0.694034 -0.054785 0.514555 0.453258 -0.727867 0.512347 0.455745 0.727871 0.59221 0.459013 0.662264 0.141671 0.710568 0.689219 0.165583 0.726141 0.667309 2.51262e-08 2.87185e-07 -1 -2.12006e-07 7.40054e-07 -1 0.0616305 0.704417 -0.707106 0.0616304 0.704416 -0.707106 -0.427468 -0.51599 0.742311 -0.67482 -0.492586 0.549525 -0.694659 -0.719339 3.31232e-07 -0.639079 -0.741908 0.202857 -0.67482 -0.492588 -0.549523 -0.762912 -0.579069 -0.287479 -0.955599 -0.273437 0.109832 -0.997773 0.0615934 -0.0255987 -0.996195 0.0871501 -2.15591e-06 -0.968028 -0.250841 1.6511e-06 -0.997773 0.0615903 0.0256018 -0.955599 -0.273436 -0.109829 0.781411 0.5649 -0.265115 0.700072 0.474454 -0.533659 0.719341 0.694657 1.10016e-06 0.662606 0.718368 0.211898 0.700075 0.47445 0.533659 0.457351 0.494342 0.739227 -0.0616311 -0.704417 -0.707106 -0.0616316 -0.704417 -0.707106 -0.709162 -0.253724 0.657809 -0.623233 -0.142834 0.768882 -0.27797 0.232105 0.932127 -0.34904 0.159269 0.923474 0.119771 0.651533 0.749106 0.148695 0.671014 0.726381 0.289289 0.525954 0.799802 0.613261 0.73091 0.299468 0.773662 0.561562 -0.293419 -0.973337 -0.21275 -0.0857457 -0.997368 -0.0725077 -0.000565929 -0.973505 -0.211481 0.0869739 -0.753461 -0.577634 -0.314063 -0.589757 -0.754369 0.288293 -0.260472 -0.549833 0.793623 -0.855324 0.517494 0.0249163 -0.915348 0.373658 0.150057 0.340653 0.595169 -0.727825 -1.41321e-06 3.80486e-07 -1 -4.65841e-07 2.22499e-07 -1 0.300882 0.516034 -0.801985 -0.871025 0.449227 -0.198771 -0.788531 0.614995 -0.000956614 -0.777475 0.628912 -0.00160874 -0.792154 0.560279 -0.242032 -0.773412 0.633787 0.0121626 -0.880819 0.429523 -0.199168 -0.871639 0.447011 0.201063 -0.792679 0.558616 0.244147 -0.879462 0.434352 0.19464 -0.916624 0.368562 -0.154799 -0.345516 -0.591782 -0.728295 -0.297305 -0.519114 -0.80133 -0.968028 -0.250843 1.65688e-07 -0.955599 -0.273437 -0.10983 -0.997773 0.0615907 0.0256061 -0.996195 0.0871565 1.03322e-06 -0.762913 -0.579067 0.287479 -0.639084 -0.741902 -0.20286 -0.694658 -0.71934 -3.22195e-08 -0.674822 -0.492584 0.549524 -0.427475 -0.515988 -0.742308 -0.674821 -0.492586 -0.549523 0.061629 0.704418 0.707104 7.21169e-07 5.06606e-06 1 2.98903e-07 3.41646e-06 1 0.061629 0.704418 0.707105 -0.0616281 -0.704419 0.707103 -0.0616284 -0.704418 0.707105 0.45734 0.494354 -0.739225 0.662602 0.718373 -0.211896 0.719332 0.694666 3.94659e-07 0.700066 0.474457 -0.533665 0.781414 0.564897 0.265111 0.700079 0.474446 0.533657 -0.955599 -0.273438 0.10983 -0.997773 0.0615916 -0.0256046 -0.975415 -0.220337 -0.00404726 -0.954628 -0.277278 -0.10864 -0.954914 -0.275589 0.110409 0.613417 0.732586 -0.295022 0.782815 0.571134 0.246995 0.297023 0.523855 -0.798344 -0.0127221 0.0102945 -0.999866 0.421297 0.408414 -0.809758 0.489119 0.470048 -0.734723 -0.0159856 0.00728883 -0.999846 -0.443438 -0.385251 -0.809286 -0.513131 -0.450744 -0.730429 -0.590117 -0.755877 -0.283571 -0.26806 -0.547604 -0.792637 -0.764819 -0.585682 0.26838 -0.284074 0.22908 0.931034 -0.705664 -0.229706 0.670279 -0.747266 -0.286499 0.599594 -0.318813 0.192892 0.927982 -0.487139 -0.479036 0.730219 -0.69372 -0.718934 0.0434323 -0.693146 -0.718757 -0.0541953 -0.566889 -0.481839 0.668183 -0.53328 -0.484777 -0.693256 -0.489211 -0.476348 -0.730592 -0.544238 -0.474437 -0.691892 -0.0132241 0.0108369 -0.999854 -0.0135327 0.0105543 -0.999853 -0.518131 -0.449912 -0.727406 0.519601 0.497373 -0.694719 0.492792 0.473152 -0.730263 0.558361 0.460769 -0.689873 0.718422 0.694228 0.0437862 0.717856 0.694033 -0.054787 0.514559 0.453256 -0.727866 0.512345 0.455748 0.727871 0.59221 0.459016 0.662263 0.141662 0.710573 0.689216 0.165573 0.726146 0.667306 2.73138e-08 3.12153e-07 -1 -2.10209e-07 7.60514e-07 -1 0.0616332 0.704415 -0.707107 0.0616285 0.704415 -0.707108 -0.427479 -0.515981 0.742311 -0.67483 -0.492576 0.549521 -0.694658 -0.71934 3.31232e-07 -0.639073 -0.741914 0.202854 -0.674809 -0.492596 -0.54953 -0.762912 -0.579069 -0.28748 -0.955598 -0.27344 0.109829 -0.997773 0.0615813 -0.0256108 -0.996195 0.0871501 2.34523e-06 -0.968028 -0.250841 1.57619e-06 -0.997773 0.0615851 0.025607 -0.955599 -0.273437 -0.109828 0.781413 0.564898 -0.265112 0.700074 0.474453 -0.533658 0.719336 0.694662 1.10017e-06 0.662605 0.718369 0.211897 0.700065 0.474454 0.533668 0.457354 0.494338 0.739228 -0.0616334 -0.704414 -0.707108 -0.0616296 -0.704415 -0.707107 -0.709149 -0.25374 0.657818 -0.623217 -0.14286 0.76889 -0.277975 0.232107 0.932125 -0.349041 0.15927 0.923474 0.119786 0.651522 0.749113 0.148724 0.671 0.726388 0.289301 0.525943 0.799805 0.613264 0.730907 0.299469 0.773667 0.561559 -0.293414 -0.973337 -0.21275 -0.0857458 -0.997368 -0.0725077 -0.000573483 -0.973504 -0.211484 0.0869713 -0.753476 -0.577622 -0.314048 -0.589752 -0.754374 0.288291 -0.260476 -0.549829 0.793625 -0.855323 0.517496 0.0249068 -0.915346 0.373669 0.150047 -0.865742 0.455891 0.206529 -0.77843 0.62773 0.00138663 -0.767593 0.640933 0.0024498 -0.784634 0.568769 0.24668 -0.871027 0.44922 -0.198779 -0.788531 0.614995 -0.000960995 -0.777476 0.628911 -0.00161598 -0.792151 0.560288 -0.24202 -0.773413 0.633787 0.0121549 -0.88082 0.42952 -0.19917 -0.871645 0.446991 0.201085 -0.792678 0.558618 0.244146 -0.879461 0.434355 0.194638 -0.916622 0.368573 -0.154786 -0.866673 0.452547 -0.20995 -0.785401 0.566347 -0.249794 -0.968028 0.250842 4.5126e-06 -0.996195 -0.0871549 2.90608e-06 -0.997773 -0.0615952 -0.0256015 -0.955599 0.273439 0.109827 -0.781403 0.564905 -0.265125 -0.700062 0.47446 -0.533668 -0.71933 0.694668 1.01559e-08 -0.662604 0.71837 0.211896 -0.70007 0.474455 0.533662 -0.457367 0.494333 0.739223 -0.06163 0.704418 0.707105 -0.0616293 0.704418 0.707105 -2.28513e-06 2.89224e-06 1 -2.51034e-06 5.08069e-06 1 0.0616283 -0.704418 0.707105 0.0616292 -0.704419 0.707104 0.42746 -0.516 0.742309 0.67481 -0.492593 0.54953 0.694662 -0.719336 -4.7432e-07 0.639081 -0.741906 0.202858 0.674826 -0.492582 -0.549521 0.76291 -0.579071 -0.287482 -0.955599 0.273435 -0.109834 -0.997773 -0.0615974 0.0255956 -0.954626 0.277288 0.10863 -0.975416 0.220336 0.0040519 -0.954914 0.275591 -0.110403 0.764812 -0.585688 -0.268388 0.590111 -0.755882 0.283568 0.268051 -0.547608 0.792638 0.668034 -0.302318 0.679952 0.588989 -0.207017 0.781176 0.21474 0.173703 0.9611 0.267344 0.121995 0.955848 -0.207725 0.593648 0.777453 -0.249935 0.623649 0.740672 -0.297043 0.523841 0.798346 -0.61342 0.732583 0.295022 -0.78282 0.571129 -0.246991 0.00980322 0.00790497 -0.999921 0.0111014 0.00671651 -0.999916 -0.537082 0.507247 -0.673976 -0.496554 0.470466 -0.72945 -0.512346 0.455746 -0.727872 -0.592205 0.459019 -0.662264 -0.717851 0.694037 0.0547869 -0.718424 0.694226 -0.043786 -0.514554 0.453259 0.727867 -0.558364 0.460766 0.689873 -0.276567 0.674319 0.684693 -0.244745 0.652409 0.71726 0.218913 0.170736 0.96069 0.214114 0.17546 0.960921 0.668525 -0.28451 0.687116 0.689966 -0.31084 0.653701 0.533276 -0.484779 0.693258 0.489213 -0.476345 0.730593 0.69315 -0.718753 0.0541954 0.693721 -0.718933 -0.043432 0.566892 -0.481836 -0.668183 0.48714 -0.479035 -0.730219 0.515019 -0.453212 -0.727568 0.555862 -0.491415 -0.670469 4.27804e-07 -3.89103e-07 -1 -0.0616272 0.704416 -0.707107 -0.0616278 0.704416 -0.707107 5.01146e-08 -5.72819e-07 -1 -0.457359 0.494335 -0.739227 -0.662599 0.718375 -0.211895 -0.719348 0.69465 -9.03943e-07 -0.700063 0.474458 -0.533668 -0.781406 0.564904 0.265117 -0.700078 0.474449 0.533656 -0.955596 0.273453 -0.109817 -0.968028 0.250843 -1.53635e-06 -0.996195 -0.0871551 8.42205e-06 -0.997773 -0.0615811 0.0256125 -0.955597 0.27345 0.109816 -0.997773 -0.0615826 -0.0256149 0.762917 -0.579065 0.287472 0.639078 -0.741908 -0.20286 0.694658 -0.719341 -9.70791e-07 0.674823 -0.492584 0.549523 0.427459 -0.515996 -0.742312 0.674815 -0.49259 -0.549527 0.061626 -0.704417 -0.707106 0.0616244 -0.704417 -0.707106 0.00885754 0.00739581 -0.999934 -0.420838 0.40172 -0.813336 -0.492628 0.467274 -0.734148 0.0112947 0.00515324 -0.999923 0.436388 -0.385177 -0.813145 0.50961 -0.453624 -0.731111 0.589757 -0.75437 -0.288293 0.260467 -0.549838 -0.793622 0.753454 -0.577638 0.314073 -0.997368 0.0725109 0.000569243 -0.973335 0.212764 0.0857377 -0.973503 0.211491 -0.0869647 -0.61325 0.730922 -0.299461 -0.773667 0.561563 0.293405 -0.289302 0.525943 -0.799805 -0.855323 -0.517496 -0.0249051 -0.915349 -0.373657 -0.150058 0.340655 -0.595167 0.727825 0.300878 -0.516037 0.801984 -1.27335e-06 -8.83952e-07 1 1.22608e-06 1.40279e-06 1 -0.871025 -0.449226 0.198774 -0.792149 -0.560296 0.242009 -0.777475 -0.628912 0.00161786 -0.78853 -0.614996 0.000962357 -0.77341 -0.633789 -0.0121446 -0.880816 -0.429531 0.199164 -0.792676 -0.558625 -0.244138 -0.871644 -0.446992 -0.201084 -0.879462 -0.43435 -0.194644 -0.916625 -0.368561 0.154797 -0.297305 0.519115 0.80133 -0.34551 0.591786 0.728294 -0.968028 -0.250843 2.03391e-07 -0.955599 -0.273437 -0.10983 -0.997773 0.061591 0.0256057 -0.996195 0.0871565 9.84695e-07 -0.762913 -0.579068 0.28748 -0.639081 -0.741906 -0.202858 -0.694657 -0.719341 -3.22195e-08 -0.674814 -0.49259 0.549528 -0.427475 -0.515988 -0.742309 -0.674824 -0.492584 -0.549521 0.0616289 0.704418 0.707104 6.978e-07 5.06374e-06 1 2.97113e-07 3.396e-06 1 0.0616289 0.704418 0.707105 -0.0616291 -0.704419 0.707103 -0.061629 -0.704418 0.707105 0.457352 0.494345 -0.739224 0.662602 0.718373 -0.211896 0.719333 0.694666 3.94658e-07 0.700059 0.474462 -0.533669 0.78141 0.5649 0.265116 0.700072 0.474452 0.533662 -0.955599 -0.273438 0.10983 -0.997773 0.061592 -0.0256043 -0.975415 -0.220337 -0.00403964 -0.954628 -0.277276 -0.108642 -0.954914 -0.275589 0.110409 0.613414 0.732589 -0.29502 0.78283 0.571121 0.246977 0.297033 0.523847 -0.798346 -0.0127298 0.0103007 -0.999866 0.421293 0.408417 -0.809758 0.489114 0.470052 -0.734724 -0.0159902 0.00729094 -0.999846 -0.443424 -0.385266 -0.809287 -0.513111 -0.450761 -0.730433 -0.590115 -0.755879 -0.28357 -0.268065 -0.5476 -0.792638 -0.764812 -0.585688 0.268389 -0.284073 0.229079 0.931035 -0.705663 -0.229707 0.67028 -0.747267 -0.286497 0.599593 -0.31881 0.19289 0.927983 -0.487138 -0.479037 0.73022 -0.69372 -0.718934 0.0434319 -0.69315 -0.718753 -0.0541955 -0.566886 -0.481841 0.668184 -0.533279 -0.484778 -0.693257 -0.489215 -0.476345 -0.730592 -0.544237 -0.474437 -0.691893 -0.0132242 0.010837 -0.999854 -0.0135327 0.0105544 -0.999853 -0.518131 -0.449912 -0.727406 0.519601 0.497373 -0.69472 0.492792 0.473152 -0.730263 0.558364 0.460765 -0.689873 0.718423 0.694228 0.0437859 0.717854 0.694035 -0.0547868 0.514557 0.453257 -0.727866 0.512346 0.455747 0.727872 0.592214 0.459011 0.662262 0.141665 0.710571 0.689217 0.165581 0.726143 0.667308 2.78564e-08 3.18399e-07 -1 -2.12008e-07 7.40052e-07 -1 0.0616288 0.704416 -0.707107 0.0616287 0.704416 -0.707107 -0.427473 -0.515986 0.742311 -0.674813 -0.49259 0.54953 -0.694654 -0.719344 4.03258e-07 -0.639082 -0.741905 0.202857 -0.674821 -0.492586 -0.549523 -0.762914 -0.579068 -0.287475 -0.955598 -0.273442 0.109828 -0.997773 0.0615868 -0.0256068 -0.996195 0.087155 -1.02357e-06 -0.968028 -0.250842 4.17122e-06 -0.997773 0.061588 0.0256088 -0.955599 -0.273439 -0.109827 0.781407 0.564903 -0.265119 0.700074 0.474452 -0.53366 0.719336 0.694662 1.10017e-06 0.662596 0.718378 0.211894 0.700066 0.474455 0.533666 0.457343 0.494348 0.739228 -0.0616294 -0.704416 -0.707107 -0.0616298 -0.704415 -0.707107 -0.709162 -0.253725 0.657809 -0.623234 -0.142834 0.768881 -0.277977 0.232109 0.932124 -0.349038 0.159267 0.923475 0.119808 0.651509 0.749121 0.148756 0.670987 0.726394 0.289287 0.525956 0.799802 0.613255 0.730917 0.299465 0.773668 0.561559 -0.293409 -0.973336 -0.212752 -0.0857477 -0.997368 -0.0725107 -0.000565351 -0.973505 -0.211482 0.0869733 -0.753455 -0.57764 -0.314067 -0.589761 -0.754366 0.288295 -0.260482 -0.549826 0.793625 -0.855323 0.517496 0.0249235 -0.915343 0.373678 0.150038 0.86574 -0.455899 -0.206521 0.778429 -0.627731 -0.00138489 0.767592 -0.640935 -0.00244665 0.784634 -0.568767 -0.246683 -0.871026 0.449223 -0.198776 -0.788531 0.614995 -0.000958188 -0.777476 0.628911 -0.00161134 -0.792154 0.560279 -0.242031 -0.773411 0.633789 0.0121583 -0.880818 0.429526 -0.199166 -0.871641 0.447003 0.201072 -0.792679 0.558615 0.24415 -0.879461 0.434354 0.194641 -0.916621 0.368576 -0.154783 0.866669 -0.452561 0.209937 0.7854 -0.566348 0.249792 -0.968028 0.250841 -1.45928e-06 -0.996195 -0.0871565 -2.98374e-06 -0.997773 -0.0615884 -0.0256084 -0.955599 0.273436 0.10983 -0.781408 0.564901 -0.26512 -0.700074 0.47445 -0.53366 -0.71934 0.694658 2.81146e-08 -0.662601 0.718373 0.211895 -0.700074 0.474451 0.533659 -0.457356 0.49434 0.739226 -0.0616297 0.704417 0.707105 -0.061629 0.704418 0.707105 -2.09183e-06 6.82793e-07 1 -2.33774e-06 3.10787e-06 1 0.0616282 -0.704418 0.707105 0.0616291 -0.70442 0.707103 0.427485 -0.515983 0.742307 0.674807 -0.492595 0.549532 0.694656 -0.719342 -5.63814e-07 0.639081 -0.741905 0.202858 0.67482 -0.492586 -0.549525 0.762918 -0.579063 -0.287474 -0.955599 0.273438 -0.109828 -0.997773 -0.0615835 0.0256127 -0.954627 0.27728 0.10864 -0.975415 0.220337 0.00405067 -0.954914 0.275587 -0.110409 0.764809 -0.585691 -0.268392 0.590107 -0.755886 0.283567 0.268071 -0.547592 0.792642 0.668015 -0.302339 0.679961 0.588968 -0.207048 0.781184 0.214716 0.173684 0.961109 0.26733 0.121987 0.955852 -0.2077 0.593667 0.777445 -0.249885 0.623674 0.740668 -0.297029 0.523853 0.798343 -0.613411 0.732591 0.295019 -0.782818 0.571131 -0.246993 0.00980284 0.00790467 -0.999921 0.0111008 0.00671602 -0.999916 -0.537083 0.507248 -0.673975 -0.496554 0.470465 -0.729449 -0.512345 0.455747 -0.727872 -0.592208 0.459018 -0.662262 -0.717853 0.694035 0.0547872 -0.718423 0.694228 -0.043786 -0.514556 0.453258 0.727867 -0.558362 0.460768 0.689873 -0.276576 0.674314 0.684694 -0.244744 0.65241 0.71726 0.218913 0.170736 0.96069 0.214111 0.175458 0.960922 0.668526 -0.28451 0.687115 0.689968 -0.310838 0.6537 0.533276 -0.484779 0.693258 0.489211 -0.476348 0.730593 0.693146 -0.718757 0.0541956 0.693719 -0.718935 -0.0434319 0.56688 -0.481848 -0.668184 0.487139 -0.479036 -0.730219 0.515018 -0.453212 -0.727568 0.555862 -0.491417 -0.670468 4.278e-07 -3.89104e-07 -1 -0.0616273 0.704416 -0.707107 -0.0616278 0.704416 -0.707107 5.01145e-08 -5.72819e-07 -1 -0.457354 0.494338 -0.739227 -0.6626 0.718375 -0.211895 -0.71934 0.694659 -9.03936e-07 -0.700073 0.47445 -0.533661 -0.781407 0.564903 0.265116 -0.700074 0.474452 0.533659 -0.955596 0.273455 -0.109815 -0.968028 0.250843 -4.98806e-06 -0.996195 -0.0871551 6.53017e-09 -0.997774 -0.061573 0.0256205 -0.955597 0.273447 0.109819 -0.997774 -0.0615756 -0.0256219 0.762916 -0.579067 0.287474 0.639082 -0.741904 -0.202861 0.694662 -0.719336 -9.70777e-07 0.674818 -0.492587 0.549526 0.427468 -0.51599 -0.742311 0.674828 -0.492581 -0.549519 0.061626 -0.704417 -0.707106 0.0616244 -0.704417 -0.707106 0.00888014 0.00741469 -0.999933 -0.420821 0.401739 -0.813336 -0.492609 0.467289 -0.734151 0.0113213 0.00516535 -0.999923 0.436401 -0.385162 -0.813145 0.509623 -0.453614 -0.731108 0.589756 -0.754371 -0.288293 0.260467 -0.549838 -0.793622 0.75346 -0.577633 0.314067 -0.997367 0.0725109 0.000566144 -0.973336 0.212754 0.0857474 -0.973503 0.211494 -0.0869618 -0.613257 0.730915 -0.299465 -0.773664 0.561566 0.293408 -0.2893 0.525945 -0.799804 -0.855325 -0.517493 -0.0248989 -0.915347 -0.373664 -0.150048 0.340656 -0.595167 0.727825 0.300883 -0.516033 0.801985 3.58858e-07 4.78929e-07 1 -6.13824e-07 -8.09217e-08 1 -0.871024 -0.449231 0.198768 -0.792148 -0.560298 0.24201 -0.777474 -0.628913 0.00161596 -0.788531 -0.614995 0.000961189 -0.77341 -0.633789 -0.0121597 -0.880821 -0.429514 0.199179 -0.792675 -0.558627 -0.244135 -0.871642 -0.447002 -0.201073 -0.879462 -0.43435 -0.194644 -0.916623 -0.36857 0.154785 -0.297306 0.519114 0.80133 -0.345516 0.591782 0.728294 -0.968028 -0.250841 3.93267e-06 -0.955599 -0.273437 -0.109829 -0.997773 0.0615841 0.0256126 -0.996195 0.0871565 6.91078e-06 -0.762913 -0.579067 0.28748 -0.63908 -0.741906 -0.202858 -0.694657 -0.719341 -6.4439e-08 -0.67482 -0.492585 0.549525 -0.427465 -0.515993 -0.74231 -0.674819 -0.492587 -0.549525 0.0616285 0.704418 0.707105 5.31217e-07 3.1596e-06 1 1.07392e-07 1.22747e-06 1 0.0616271 0.704418 0.707105 -0.06163 -0.704419 0.707103 -0.0616303 -0.704418 0.707104 0.457333 0.49436 -0.739226 0.662595 0.71838 -0.211893 0.719343 0.694655 4.72419e-07 0.700086 0.474442 -0.533651 0.781408 0.564901 0.26512 0.700078 0.474448 0.533658 -0.955599 -0.27344 0.109825 -0.997774 0.0615756 -0.0256206 -0.975416 -0.220336 -0.00404897 -0.954628 -0.277279 -0.10864 -0.954915 -0.275585 0.110408 0.613408 0.732595 -0.295017 0.782817 0.571132 0.246996 0.297006 0.523869 -0.798341 -0.01274 0.0103104 -0.999866 0.421283 0.408428 -0.809758 0.489103 0.47006 -0.734725 -0.0160026 0.00729863 -0.999845 -0.443436 -0.385252 -0.809287 -0.513123 -0.450748 -0.730432 -0.590114 -0.755879 -0.283571 -0.268054 -0.547608 -0.792636 -0.764816 -0.585685 0.268383 -0.284069 0.229076 0.931036 -0.705661 -0.22971 0.67028 -0.747264 -0.286503 0.599593 -0.318811 0.192889 0.927984 -0.487139 -0.479036 0.730219 -0.693721 -0.718933 0.0434322 -0.693149 -0.718754 -0.0541953 -0.566891 -0.481839 0.668182 -0.533279 -0.484776 -0.693257 -0.489213 -0.476345 -0.730593 -0.544237 -0.474436 -0.691894 -0.0132236 0.0108376 -0.999854 -0.0135322 0.010555 -0.999853 -0.518131 -0.449912 -0.727407 0.5196 0.497373 -0.69472 0.492791 0.473152 -0.730263 0.558364 0.460766 -0.689873 0.718424 0.694226 0.0437859 0.717856 0.694032 -0.0547874 0.514558 0.453255 -0.727866 0.512346 0.455747 0.727871 0.59221 0.459016 0.662263 0.14167 0.710568 0.689218 0.165573 0.726146 0.667306 1.85709e-08 2.12266e-07 -1 2.69949e-06 4.64714e-07 -1 0.0616286 0.704416 -0.707107 0.0616286 0.704416 -0.707106 -0.427469 -0.51599 0.742311 -0.674823 -0.492583 0.549523 -0.694658 -0.71934 3.43751e-07 -0.639079 -0.741907 0.202857 -0.674819 -0.492588 -0.549524 -0.762912 -0.579069 -0.287478 -0.955598 -0.273441 0.109827 -0.997773 0.0615837 -0.0256114 -0.996195 0.0871567 6.0209e-07 -0.968028 -0.250841 1.24116e-06 -0.997773 0.0615872 0.0256111 -0.955599 -0.27344 -0.109825 0.781407 0.564902 -0.26512 0.700074 0.474451 -0.533659 0.719338 0.69466 1.01385e-06 0.662592 0.718382 0.211893 0.700072 0.474452 0.533662 0.457342 0.494348 0.739228 -0.0616213 -0.704419 -0.707104 -0.061616 -0.704417 -0.707107 -0.709162 -0.253726 0.657809 -0.623234 -0.142835 0.768881 -0.277976 0.232109 0.932124 -0.349038 0.159267 0.923475 0.119808 0.65151 0.74912 0.148756 0.670988 0.726393 0.289287 0.525957 0.799801 0.613249 0.730923 0.299461 0.773663 0.561564 -0.293415 -0.973336 -0.212757 -0.0857429 -0.997368 -0.07251 -0.000574656 -0.973504 -0.211486 0.0869685 -0.753462 -0.577634 -0.314061 -0.58976 -0.754368 0.288292 -0.260473 -0.549833 0.793623 -0.855324 0.517494 0.0248975 -0.915347 0.373664 0.150048 -0.865742 0.455892 0.206529 -0.778429 0.627731 0.00138608 -0.767592 0.640934 0.00244838 -0.784635 0.568767 0.246682 -0.871027 0.44922 -0.198779 -0.788531 0.614995 -0.000957507 -0.777474 0.628913 -0.00161256 -0.792152 0.560282 -0.242031 -0.773411 0.633789 0.0121501 -0.880819 0.429519 -0.199174 -0.871644 0.446995 0.201081 -0.792679 0.558614 0.244152 -0.879462 0.43435 0.194644 -0.916622 0.368573 -0.154785 -0.866672 0.452549 -0.209948 -0.785401 0.566345 -0.249796 -0.968028 0.250841 5.39046e-07 -0.996195 -0.0871565 -2.91627e-06 -0.997773 -0.0615966 -0.0256002 -0.9556 0.273432 0.109834 -0.781407 0.564902 -0.265121 -0.700077 0.474448 -0.533659 -0.719342 0.694656 -1.96607e-08 -0.662597 0.718377 0.211894 -0.700077 0.47445 0.533657 -0.457349 0.494345 0.739226 -0.0616272 0.704418 0.707105 -0.0616236 0.704418 0.707105 -2.14016e-06 1.23516e-06 1 -2.38144e-06 3.60732e-06 1 0.0616299 -0.704418 0.707105 0.0616308 -0.704418 0.707104 0.42747 -0.515993 0.742308 0.674837 -0.492575 0.549513 0.694667 -0.719332 -7.50379e-07 0.63908 -0.741906 0.202858 0.67482 -0.492585 -0.549525 0.762908 -0.579071 -0.287485 -0.9556 0.273431 -0.109836 -0.997773 -0.0615917 0.0256045 -0.954628 0.277279 0.108639 -0.975416 0.220336 0.00404987 -0.954915 0.275583 -0.110412 0.764817 -0.585684 -0.268383 0.590112 -0.755881 0.283569 0.268052 -0.547607 0.792638 0.668038 -0.302313 0.67995 0.588989 -0.207018 0.781176 0.214757 0.173716 0.961094 0.267368 0.122005 0.955839 -0.207709 0.59366 0.777447 -0.249914 0.623658 0.740671 -0.297021 0.52386 0.798342 -0.613407 0.732596 0.295017 -0.782816 0.571132 -0.246996 0.00980326 0.00790466 -0.999921 0.0111022 0.00671701 -0.999916 -0.537082 0.507248 -0.673975 -0.496555 0.470465 -0.729449 -0.512345 0.455747 -0.727872 -0.592209 0.459017 -0.662263 -0.717856 0.694033 0.0547871 -0.718423 0.694227 -0.0437862 -0.514558 0.453255 0.727866 -0.558363 0.460766 0.689874 -0.276567 0.674318 0.684694 -0.244749 0.652407 0.717261 0.218912 0.170735 0.960691 0.214113 0.17546 0.960921 0.668527 -0.284508 0.687115 0.689965 -0.310841 0.653702 0.533276 -0.484778 0.693258 0.489213 -0.476345 0.730593 0.693149 -0.718754 0.0541955 0.69372 -0.718934 -0.0434322 0.566891 -0.481837 -0.668182 0.48714 -0.479036 -0.730219 0.515019 -0.453211 -0.727567 0.555864 -0.491415 -0.670468 4.05405e-07 -1.33137e-07 -1 -0.0616291 0.704416 -0.707107 -0.0616281 0.704416 -0.707107 5.36935e-09 -6.13735e-08 -1 -0.457356 0.494338 -0.739226 -0.662591 0.718383 -0.211892 -0.719336 0.694662 -8.16695e-07 -0.70008 0.474445 -0.533657 -0.781407 0.564904 0.265118 -0.700072 0.474453 0.53366 -0.955597 0.273446 -0.109823 -0.968028 0.250842 -3.70766e-06 -0.996195 -0.0871567 5.42406e-06 -0.997773 -0.0615816 0.0256135 -0.955599 0.273441 0.109825 -0.997773 -0.0615879 -0.0256112 0.762912 -0.579069 0.287479 0.639083 -0.741903 -0.202861 0.694657 -0.719341 -9.71683e-07 0.674815 -0.492589 0.549527 0.427467 -0.515991 -0.742311 0.674821 -0.492585 -0.549524 0.061627 -0.704417 -0.707106 0.0616271 -0.704417 -0.707106 0.0088492 0.00738836 -0.999934 -0.420822 0.401738 -0.813336 -0.492617 0.467283 -0.734149 0.0112861 0.00514955 -0.999923 0.4364 -0.385165 -0.813144 0.50963 -0.453608 -0.731107 0.589762 -0.754365 -0.288296 0.260468 -0.549837 -0.793621 0.753457 -0.577635 0.31407 -0.997368 0.0725095 0.000565228 -0.973336 0.212753 0.0857478 -0.973504 0.211483 -0.0869713 -0.613249 0.730924 -0.299459 -0.773662 0.561567 0.293411 -0.289297 0.525948 -0.799804 -0.855324 -0.517495 -0.0248968 -0.915347 -0.373666 -0.150048 0.340655 -0.595168 0.727825 0.300877 -0.516037 0.801984 -1.54533e-06 -6.24429e-07 1 1.00143e-06 1.56669e-06 1 -0.871027 -0.449222 0.198777 -0.792151 -0.560287 0.242024 -0.777474 -0.628913 0.00161464 -0.788531 -0.614995 0.000960303 -0.77341 -0.63379 -0.0121544 -0.880816 -0.429532 0.199164 -0.792678 -0.558619 -0.244146 -0.871643 -0.446996 -0.201079 -0.87946 -0.434357 -0.194639 -0.916622 -0.368572 0.154785 -0.297305 0.519116 0.801329 -0.345509 0.591787 0.728294 1.12232e-07 5.86046e-08 1 0 -6.12323e-17 1 0 0.707107 0.707107 -0.215784 0.63421 0.742438 -0.215778 -0.742438 -0.634213 0 -0.707107 -0.707107 0 -1 -6.12323e-17 4.52308e-07 -1 -1.72947e-07 0 -0.707109 0.707105 0.215779 -0.74244 0.63421 0.215777 0.634215 -0.742437 0 0.707109 -0.707105 0 2.27949e-06 -1 -3.68206e-07 4.46732e-06 -1 -0 -0.707109 -0.707105 -0.215783 -0.634214 -0.742435 0.215789 -0.742442 -0.634205 -0 -0.707109 -0.707105 0 -1 2.52592e-06 -1.2187e-07 -1 2.18781e-06 0 -0.707107 0.707107 -0.215784 -0.742439 0.63421 0.215782 -0.634211 0.742438 0 -0.707107 0.707107 -0.251637 0.603712 0.756446 -6.07035e-07 -2.49678e-07 1 0.251633 -0.603715 0.756445 -0.251639 -0.756446 0.603712 -1.11131e-06 -1 6.19126e-07 0.251638 -0.756444 -0.603715 -0.25164 -0.603708 -0.756448 -2.56835e-06 -2.50067e-06 -1 0.251628 0.603717 -0.756445 0.251632 -0.756446 0.603714 -2.12626e-07 -1 6.95511e-08 -0.25163 -0.756445 -0.603716 0.251637 0.603713 0.756446 6.03117e-07 -2.58849e-07 1 1.15309e-07 -1 7.11933e-08 0.251635 -0.756445 -0.603714 -0.251632 -0.756446 0.603714 2.56711e-06 -2.50121e-06 -1 -0.251628 0.603718 -0.756444 0.251639 -0.603709 -0.756448 1.1068e-06 -1 6.21059e-07 -0.251638 -0.756443 -0.603715 0.251638 -0.756446 0.603712 -0.251633 -0.603715 0.756445 -1.1406e-07 4.0452e-08 1 0.215783 0.634211 0.742438 0 0.707107 0.707107 0 -6.12323e-17 1 0.215783 -0.742438 -0.634211 4.70569e-07 -1 1.73156e-07 0 -1 -6.12323e-17 0 -0.707107 -0.707107 -0.215779 -0.742439 0.634211 0 -0.707109 0.707105 -0.215776 0.634215 -0.742436 3.64106e-07 4.44706e-06 -1 0 2.25896e-06 -1 0 0.707109 -0.707105 0.215783 -0.634215 -0.742435 -0 -0.707109 -0.707105 -0.215789 -0.742442 -0.634205 1.31704e-07 -1 2.21566e-06 0 -1 2.54646e-06 -0 -0.707109 -0.707105 0.215784 -0.742438 0.63421 0 -0.707107 0.707107 -0.215781 -0.634212 0.742438 0 -0.707107 0.707107 -0.968029 0.25084 -1.58832e-06 -0.996195 -0.0871565 -3.01511e-06 -0.997773 -0.0615886 -0.0256082 -0.9556 0.273435 0.109831 -0.781407 0.564902 -0.265122 -0.700075 0.47445 -0.53366 -0.719338 0.69466 -1.39192e-06 -0.662598 0.718377 0.211892 -0.700073 0.474453 0.533659 -0.457356 0.494341 0.739224 -0.0616297 0.704418 0.707104 -0.0616291 0.704419 0.707104 -2.09004e-06 6.62336e-07 1 -2.33774e-06 3.10787e-06 1 0.0616283 -0.704419 0.707104 0.0616292 -0.704421 0.707102 0.427463 -0.515999 0.742307 0.67482 -0.492587 0.549523 0.69466 -0.719339 -2.05175e-06 0.639082 -0.741905 0.202857 0.674821 -0.492585 -0.549525 0.762912 -0.579068 -0.287482 -0.955599 0.273437 -0.109828 -0.997773 -0.0615836 0.0256126 -0.954629 0.277276 0.108639 -0.975415 0.220338 0.00405211 -0.954916 0.275583 -0.110409 0.764816 -0.585684 -0.268385 0.590115 -0.755878 0.283572 0.268054 -0.547607 0.792637 0.668039 -0.302314 0.679949 0.58899 -0.207019 0.781175 0.214758 0.173717 0.961094 0.267374 0.122007 0.955838 -0.207687 0.593677 0.77744 -0.249884 0.623675 0.740667 -0.29703 0.523854 0.798342 -0.613408 0.732595 0.295018 -0.782821 0.571128 -0.246991 0.00980338 0.00790515 -0.999921 0.0111013 0.00671647 -0.999916 -0.537081 0.507246 -0.673977 -0.496553 0.470466 -0.72945 -0.512347 0.455745 -0.727872 -0.592207 0.459016 -0.662265 -0.717852 0.694037 0.054785 -0.718424 0.694226 -0.0437867 -0.514554 0.453259 0.727867 -0.558361 0.46077 0.689873 -0.276564 0.674321 0.684692 -0.244744 0.65241 0.71726 0.218915 0.170737 0.96069 0.214116 0.175461 0.96092 0.668526 -0.284509 0.687115 0.689969 -0.310839 0.653699 0.53328 -0.484776 0.693256 0.489213 -0.476345 0.730593 0.693149 -0.718755 0.0541935 0.69372 -0.718934 -0.0434327 0.566888 -0.481838 -0.668185 0.487139 -0.479036 -0.730219 0.515019 -0.453211 -0.727568 0.555861 -0.491414 -0.67047 3.44358e-07 2.99965e-07 -1 -0.061629 0.704415 -0.707108 -0.0616327 0.704415 -0.707107 -4.11713e-08 4.70531e-07 -1 -0.457342 0.494346 -0.739229 -0.662595 0.71838 -0.211893 -0.719336 0.694663 -8.2059e-07 -0.700076 0.474447 -0.533662 -0.781407 0.564903 0.265119 -0.700064 0.47446 0.533664 -0.955597 0.273448 -0.109821 -0.968028 0.250842 -5.30005e-06 -0.996195 -0.0871502 5.05886e-06 -0.997774 -0.0615795 0.0256126 -0.955599 0.27344 0.109827 -0.997773 -0.0615835 -0.0256093 0.762913 -0.579068 0.287477 0.639081 -0.741905 -0.20286 0.694657 -0.719341 -1.10726e-06 0.674821 -0.492587 0.549523 0.427465 -0.51599 -0.742313 0.674816 -0.492585 -0.549529 0.0616333 -0.704414 -0.707109 0.0616306 -0.704415 -0.707107 0.00886742 0.00740407 -0.999933 -0.420839 0.401719 -0.813337 -0.492625 0.467275 -0.734149 0.011308 0.0051601 -0.999923 0.436396 -0.385167 -0.813145 0.509618 -0.453616 -0.73111 0.58976 -0.754366 -0.288298 0.26047 -0.549834 -0.793623 0.753463 -0.57763 0.314067 -0.997368 0.0725079 0.000559135 -0.973338 0.212743 0.0857547 -0.973504 0.211483 -0.0869724 -0.61326 0.730911 -0.299467 -0.773665 0.561564 0.293409 -0.289291 0.525951 -0.799804 -0.855324 -0.517494 -0.0249095 -0.915345 -0.373669 -0.150049 0.340654 -0.595168 0.727825 0.300882 -0.516032 0.801986 3.68795e-07 4.61612e-07 1 1.25317e-06 1.35562e-06 1 -0.871026 -0.449223 0.198775 -0.792152 -0.560287 0.242022 -0.777475 -0.628912 0.00161387 -0.788531 -0.614995 0.000959866 -0.773412 -0.633787 -0.0121692 -0.880817 -0.429529 0.199163 -0.792678 -0.558618 -0.244144 -0.871643 -0.446997 -0.201077 -0.879459 -0.434362 -0.194631 -0.916621 -0.368572 0.154789 -0.297303 0.519115 0.80133 -0.34551 0.591786 0.728294 -0.696042 0.00550146 0.71798 -0.694673 2.16518e-08 0.719326 -0.487588 0.706999 0.512259 -0.666498 0.640308 0.381818 0.5 -0.707107 -0.5 0.5 -0.707107 -0.499999 1.45211e-08 -1 -1.45211e-08 4.4314e-09 -1 -4.43141e-09 4.43141e-09 -1 -4.43141e-09 1.45211e-08 -1 -1.45211e-08 -0.499999 -0.707108 0.499999 -0.5 -0.707108 0.499999 -0.688456 -0.62796 0.362897 -0.512258 -0.707001 0.487588 -0.719342 -2.17096e-06 0.694656 -0.717987 0.00550088 0.696035 -0.512268 0.707001 0.487578 -0.381819 0.640314 0.666493 0.499999 -0.707111 -0.499995 0.499999 -0.707108 -0.499998 3.1062e-06 -1 6.18467e-06 1.42547e-06 -1 7.2084e-06 -0.499997 -0.707107 0.500003 -0.5 -0.707107 0.5 -0.362894 -0.627956 0.688462 -0.487589 -0.706999 0.512259 -0.702314 0.610745 0.365713 -0.696579 0.00633472 0.717452 -0.348109 -0.596536 0.723163 -0.248692 0.0762671 -0.965575 -0.188812 0.0579026 -0.980305 -0.370908 6.96936e-06 -0.92867 -0.43008 4.96113e-06 -0.902791 -0.18881 -0.0579043 -0.980305 -0.248691 -0.0762715 -0.965575 -0.365717 0.610744 0.702312 -0.717451 0.00633737 0.696581 -0.723154 -0.596543 0.348117 0.965575 0.0762601 0.248698 0.980304 0.0578966 0.188816 0.928669 -1.96809e-06 0.370909 0.90279 -1.05031e-06 0.430081 0.980304 -0.0578943 0.188819 0.965574 -0.0762566 0.248701 -0.348124 0.596547 0.723146 -0.696589 -0.00632864 0.717442 -7.67375e-08 -1 7.67375e-08 0.5 -0.707107 -0.5 0.5 -0.707107 -0.5 -3.0695e-08 -1 3.0695e-08 -0.5 -0.707107 0.5 -7.67375e-08 -1 7.67375e-08 -3.0695e-08 -1 3.0695e-08 -0.5 -0.707107 0.499999 -0.718019 -0.0066812 0.695991 -0.508479 -0.712261 0.483874 -0.723158 0.596538 0.348116 -6.15325e-07 -1 3.77082e-07 0.500002 -0.707104 -0.500002 0.500002 -0.707104 -0.500002 -7.6615e-07 -1 3.67134e-07 -0.5 -0.707107 0.5 -0.5 -0.707107 0.5 -0.702324 -0.610738 0.365705 -0.696049 -0.00549817 0.717973 -0.362901 0.627961 0.688453 -0.487583 0.706999 0.512264 -0.694662 7.60053e-09 0.719336 0.5 -0.707107 -0.5 -5.31769e-08 -1 5.3177e-08 -4.35633e-08 -1 4.35633e-08 0.5 -0.707107 -0.5 -0.499999 -0.707108 0.499999 -0.499999 -0.707108 0.499999 -0.509139 -0.711354 0.484513 -0.718448 -0.00574383 0.695557 -0.719344 -1.43737e-06 0.694654 -0.512268 -0.707 0.487578 -0.688451 0.627965 0.362899 -0.512262 0.707001 0.487584 0.499998 -0.70711 -0.499998 -9.52753e-07 -1 9.52754e-07 -1.08908e-06 -1 1.08908e-06 0.499999 -0.707109 -0.499999 -0.5 -0.707107 0.5 -0.5 -0.707107 0.5 -0.666511 -0.640301 0.381808 -0.487579 -0.706999 0.512268 -0.92867 4.02565e-06 -0.370907 -0.980306 -0.0579051 -0.188807 -0.965576 -0.0762681 -0.248689 -0.902791 3.35751e-06 -0.430079 -0.980306 0.0579069 -0.188806 -0.965575 0.0762701 -0.248691 0.486295 0.698485 -0.52501 0.925896 0.180228 -0.332015 0.935 0.154417 -0.319265 0.484528 0.699566 -0.525205 0.370907 -2.64226e-06 0.92867 0.188809 -0.0579019 0.980305 0.248691 -0.076266 0.965576 0.430079 -1.57001e-06 0.902791 0.188808 0.0579039 0.980305 0.248689 0.0762689 0.965576 -0.968028 0.250841 -9.06961e-07 -0.955599 0.273439 -0.109826 -0.997773 -0.0615885 0.0256086 -0.996195 -0.0871567 3.53581e-06 0.762914 -0.579067 -0.28748 0.639075 -0.741911 0.202856 0.694658 -0.71934 -1.23321e-07 0.674824 -0.492582 -0.549523 0.427459 -0.515997 0.742311 0.674817 -0.492588 0.549526 0.0616285 -0.704418 0.707105 3.03699e-07 -3.47117e-06 1 1.10972e-07 -1.26839e-06 1 0.0616271 -0.704418 0.707105 -0.0616309 0.704419 0.707104 -0.0616308 0.704418 0.707105 -0.457353 0.494344 0.739224 -0.662602 0.718372 0.211895 -0.719333 0.694665 -1.40443e-06 -0.700071 0.474454 0.533661 -0.781413 0.564897 -0.265114 -0.700072 0.474451 -0.533661 -0.955599 0.273437 0.109828 -0.997773 -0.0615831 -0.0256139 -0.975416 0.220336 -0.00405087 -0.954626 0.277289 -0.108631 -0.954914 0.275591 0.110404 -0.613414 0.732589 0.295021 -0.78282 0.571129 -0.246991 -0.297031 0.523848 0.798346 0.0127284 0.0103014 0.999866 -0.421281 0.408429 0.809758 -0.489106 0.470059 0.734725 0.0159887 0.00729206 0.999846 0.443432 -0.385257 0.809287 0.513121 -0.45075 0.730432 0.59011 -0.755883 0.283569 0.268052 -0.54761 0.792636 0.764817 -0.585684 -0.268381 0.284073 0.229079 -0.931035 0.705662 -0.22971 -0.67028 0.747266 -0.286501 -0.599592 0.318814 0.19289 -0.927983 0.48714 -0.479036 -0.730219 0.693721 -0.718934 -0.0434322 0.693151 -0.718752 0.0541954 0.566894 -0.481836 -0.66818 0.533278 -0.484777 0.693258 0.489215 -0.476344 0.730593 0.544237 -0.474436 0.691894 0.0132239 0.0108381 0.999854 0.0135326 0.0105555 0.999853 0.518131 -0.449911 0.727407 -0.5196 0.497373 0.69472 -0.492791 0.473152 0.730263 -0.558364 0.460765 0.689873 -0.718422 0.694228 -0.0437863 -0.717853 0.694035 0.054787 -0.514557 0.453257 0.727866 -0.512346 0.455747 -0.727871 -0.592207 0.459018 -0.662263 -0.141663 0.710572 -0.689216 -0.165572 0.726147 -0.667306 9.83166e-09 -1.12376e-07 -1 5.01153e-08 -5.72819e-07 -1 0.0616286 -0.704416 -0.707107 0.0616287 -0.704416 -0.707106 0.427468 -0.51599 -0.742311 0.674819 -0.492586 -0.549526 0.694659 -0.719339 -3.42738e-07 0.639082 -0.741905 -0.202859 0.674824 -0.492584 0.549521 0.762916 -0.579067 0.287473 -0.955598 0.27344 0.10983 -0.997773 -0.0615808 -0.0256141 -0.996195 -0.0871565 -1.51068e-06 -0.968028 0.250842 1.17856e-06 -0.997773 -0.0615914 0.025607 -0.955599 0.27344 -0.109826 -0.781408 0.564902 0.265117 -0.700081 0.474446 0.533655 -0.719339 0.694659 -1.19942e-06 -0.662598 0.718376 -0.211896 -0.700065 0.474457 -0.533666 -0.457342 0.494348 -0.739228 -0.0616288 0.704417 -0.707106 -0.0616288 0.704416 -0.707107 0.709163 -0.253726 -0.657809 0.623234 -0.142835 -0.768881 0.277976 0.232109 -0.932124 0.349038 0.159267 -0.923475 -0.119808 0.65151 -0.74912 -0.148755 0.670988 -0.726393 -0.289287 0.525957 -0.799801 -0.613256 0.730916 -0.299465 -0.773667 0.561561 0.293409 -0.973335 0.212764 -0.085738 -0.997368 0.07251 -0.000572641 -0.973504 0.211483 0.0869726 0.753462 -0.577634 0.314061 0.58976 -0.754367 -0.288293 0.260473 -0.549832 -0.793624 -0.855325 -0.517494 0.0249027 -0.91535 -0.373654 0.150057 -0.340655 0.595168 0.727825 7.75244e-07 5.92658e-08 1 1.65164e-06 6.74778e-07 1 -0.300878 0.516037 0.801984 -0.871027 -0.449223 -0.198776 -0.788531 -0.614995 -0.000959236 -0.777474 -0.628913 -0.00161507 -0.79215 -0.56029 -0.242021 -0.77341 -0.633789 0.0121501 -0.880818 -0.429524 -0.19917 -0.871644 -0.446993 0.201082 -0.792677 -0.55862 0.244145 -0.879464 -0.434345 0.194648 -0.916625 -0.368561 -0.154796 0.345516 -0.591782 0.728294 0.297306 -0.519115 0.80133 -0.968028 0.250843 3.40111e-06 -0.955598 0.273446 -0.10982 -0.997773 -0.0615762 0.0256208 -0.996195 -0.0871566 4.72658e-07 0.762913 -0.579068 -0.28748 0.639081 -0.741906 0.202858 0.694657 -0.719341 -1.88651e-07 0.674814 -0.49259 -0.549528 0.427475 -0.515988 0.742309 0.674825 -0.492583 0.549521 0.0616289 -0.704418 0.707105 4.73014e-07 -5.40653e-06 1 3.00693e-07 -3.43692e-06 1 0.0616289 -0.704418 0.707105 -0.0616299 0.704419 0.707104 -0.0616294 0.704418 0.707105 -0.45733 0.494362 0.739227 -0.662595 0.718379 0.211893 -0.719342 0.694656 -1.35331e-06 -0.700073 0.474452 0.53366 -0.781406 0.564903 -0.265121 -0.700078 0.474447 -0.533658 -0.955596 0.273453 0.109813 -0.997774 -0.061576 -0.025621 -0.975415 0.220337 -0.00404503 -0.954627 0.27728 -0.108639 -0.954912 0.275598 0.1104 -0.613404 0.732599 0.295016 -0.782824 0.571126 -0.246983 -0.297004 0.523871 0.798341 0.0127281 0.0102998 0.999866 -0.421292 0.408418 0.809758 -0.489114 0.470052 0.734724 0.0159902 0.00729069 0.999846 0.443431 -0.385259 0.809287 0.51312 -0.450753 0.730431 0.590115 -0.755879 0.28357 0.268066 -0.547599 0.792638 0.764811 -0.585689 -0.268389 0.284071 0.229077 -0.931036 0.705663 -0.229707 -0.670279 0.747265 -0.2865 -0.599594 0.318812 0.19289 -0.927983 0.487138 -0.479037 -0.730219 0.69372 -0.718934 -0.043432 0.69315 -0.718753 0.0541954 0.566886 -0.481841 -0.668184 0.533278 -0.484778 0.693257 0.489215 -0.476345 0.730592 0.544237 -0.474437 0.691893 0.0132243 0.0108373 0.999854 0.0135329 0.0105548 0.999853 0.518131 -0.449912 0.727406 -0.5196 0.497373 0.69472 -0.492792 0.473152 0.730263 -0.558361 0.460769 0.689873 -0.718423 0.694227 -0.0437863 -0.717854 0.694035 0.0547866 -0.514558 0.453257 0.727866 -0.512345 0.455748 -0.727872 -0.592213 0.459012 -0.662262 -0.141671 0.710568 -0.689219 -0.165575 0.726145 -0.667307 1.58399e-08 -1.8105e-07 -1 5.19053e-08 -5.93276e-07 -1 0.0616288 -0.704416 -0.707107 0.0616288 -0.704416 -0.707107 0.427473 -0.515986 -0.742311 0.674813 -0.492589 -0.54953 0.694654 -0.719344 -4.20583e-07 0.639082 -0.741905 -0.202858 0.674821 -0.492586 0.549523 0.762915 -0.579068 0.287473 -0.955598 0.273441 0.109829 -0.997774 -0.0615794 -0.0256139 -0.996195 -0.0871549 -1.89382e-06 -0.968028 0.250842 1.21275e-06 -0.997773 -0.0615903 0.0256066 -0.955598 0.273441 -0.109826 -0.78141 0.564901 0.265114 -0.700063 0.474459 0.533666 -0.719335 0.694663 -1.30463e-06 -0.6626 0.718374 -0.211897 -0.700072 0.474451 -0.533662 -0.457355 0.494339 -0.739227 -0.061629 0.704416 -0.707107 -0.061629 0.704415 -0.707107 0.709154 -0.253735 -0.657814 0.623218 -0.142859 -0.768889 0.277995 0.232124 -0.932114 0.349061 0.159278 -0.923465 -0.119801 0.651514 -0.749118 -0.148756 0.670988 -0.726394 -0.289302 0.525944 -0.799805 -0.613257 0.730914 -0.299467 -0.773664 0.561564 0.293412 -0.973335 0.212764 -0.0857384 -0.997368 0.0725107 -0.000574025 -0.973504 0.211482 0.086974 0.753455 -0.577639 0.314066 0.589762 -0.754365 -0.288296 0.260481 -0.549826 -0.793625 -0.855324 -0.517496 0.024899 -0.915346 -0.373666 0.150049 -0.340655 0.595168 0.727825 -1.0924e-06 -1.3778e-06 1 1.46286e-06 1.00378e-06 1 -0.300877 0.516038 0.801984 -0.871026 -0.449223 -0.198776 -0.788531 -0.614995 -0.000958339 -0.777475 -0.628911 -0.00161123 -0.792154 -0.560279 -0.242032 -0.773411 -0.633789 0.0121451 -0.880817 -0.429528 -0.199165 -0.871641 -0.447004 0.201071 -0.792679 -0.558616 0.24415 -0.879463 -0.434348 0.194646 -0.916622 -0.368572 -0.154786 0.345511 -0.591785 0.728294 0.297305 -0.519115 0.80133 -0.968028 0.250843 1.46044e-06 -0.955599 0.273441 -0.109825 -0.997773 -0.0615838 0.0256133 -0.996195 -0.0871566 6.60493e-07 0.762912 -0.579068 -0.287481 0.639085 -0.741902 0.202859 0.694657 -0.719341 -1.8865e-07 0.674816 -0.492588 -0.549527 0.427475 -0.515987 0.742309 0.674821 -0.492586 0.549523 0.061629 -0.704418 0.707104 4.72467e-07 -5.40029e-06 1 3.00693e-07 -3.43692e-06 1 0.0616289 -0.704418 0.707105 -0.0616291 0.704419 0.707103 -0.0616289 0.704418 0.707105 -0.457339 0.494355 0.739225 -0.662602 0.718372 0.211895 -0.719332 0.694666 -1.35333e-06 -0.700066 0.474458 0.533665 -0.781409 0.564901 -0.265118 -0.70008 0.474446 -0.533657 -0.955598 0.273445 0.109822 -0.997773 -0.0615834 -0.0256137 -0.975415 0.220337 -0.00404547 -0.954628 0.277279 -0.10864 -0.954913 0.275594 0.110405 -0.613413 0.73259 0.29502 -0.782815 0.571134 -0.246995 -0.29702 0.523857 0.798344 0.0127383 0.010308 0.999866 -0.42129 0.40842 0.809758 -0.48911 0.470055 0.734724 0.0160045 0.00729723 0.999845 0.443443 -0.385246 0.809286 0.513133 -0.450742 0.730429 0.590118 -0.755876 0.283572 0.268061 -0.547603 0.792637 0.76483 -0.585674 -0.268368 0.284076 0.229081 -0.931033 0.705666 -0.229704 -0.670277 0.747266 -0.286499 -0.599593 0.318811 0.19289 -0.927983 0.48714 -0.479035 -0.730219 0.693722 -0.718932 -0.0434323 0.693147 -0.718756 0.0541953 0.566895 -0.481834 -0.668181 0.533281 -0.484776 0.693256 0.489213 -0.476346 0.730592 0.544238 -0.474437 0.691892 0.0132244 0.0108373 0.999854 0.0135329 0.0105548 0.999853 0.518132 -0.449912 0.727406 -0.519601 0.497373 0.694719 -0.492792 0.473152 0.730263 -0.558363 0.460768 0.689872 -0.718424 0.694226 -0.0437866 -0.717853 0.694035 0.0547866 -0.514558 0.453257 0.727866 -0.512347 0.455747 -0.727871 -0.592212 0.459014 -0.662262 -0.141662 0.710573 -0.689216 -0.16558 0.726144 -0.667307 1.63883e-08 -1.87292e-07 -1 5.01224e-08 -5.7282e-07 -1 0.0616332 -0.704415 -0.707107 0.0616286 -0.704415 -0.707108 0.427463 -0.515992 -0.742313 0.67482 -0.492583 -0.549527 0.694666 -0.719333 -3.63326e-07 0.639076 -0.74191 -0.202856 0.674819 -0.492588 0.549523 0.762906 -0.579073 0.287486 -0.955597 0.273445 0.109824 -0.997773 -0.0615865 -0.0256055 -0.996195 -0.08715 -1.87656e-06 -0.968028 0.250841 1.8825e-06 -0.997773 -0.0615825 0.0256097 -0.955599 0.273441 -0.109825 -0.781412 0.564899 0.265113 -0.700074 0.474453 0.533658 -0.71934 0.694658 -1.30462e-06 -0.662602 0.718372 -0.211897 -0.700071 0.47445 -0.533664 -0.457354 0.494338 -0.739228 -0.061633 0.704414 -0.707108 -0.0616288 0.704416 -0.707107 0.709157 -0.253729 -0.657813 0.623233 -0.142834 -0.768882 0.277957 0.232091 -0.932134 0.349017 0.159259 -0.923485 -0.119793 0.651518 -0.749116 -0.148724 0.671 -0.726388 -0.289303 0.525942 -0.799805 -0.613259 0.730912 -0.299468 -0.773665 0.561561 0.293415 -0.973337 0.212748 -0.0857499 -0.997368 0.0725077 -0.000568598 -0.973504 0.211488 0.0869685 0.753462 -0.577634 0.314062 0.589753 -0.754373 -0.288292 0.260465 -0.549838 -0.793622 -0.855324 -0.517495 0.0249062 -0.915346 -0.373668 0.150047 0.340656 -0.595168 -0.727825 -2.48734e-06 -1.53652e-06 -1 2.21733e-06 2.08196e-06 -1 0.300888 -0.516027 -0.801986 -0.871027 -0.44922 -0.198779 -0.788531 -0.614995 -0.000961155 -0.777475 -0.628911 -0.00161591 -0.792151 -0.560288 -0.242021 -0.773412 -0.633787 0.012158 -0.880819 -0.429522 -0.199169 -0.871644 -0.446991 0.201084 -0.792678 -0.558619 0.244146 -0.879461 -0.434357 0.194635 -0.916622 -0.368571 -0.154787 -0.345522 0.591778 -0.728295 -0.297306 0.519113 -0.801331 -0.968028 -0.250842 -1.51512e-06 -0.996195 0.087155 -6.49643e-06 -0.997773 0.061593 -0.0256043 -0.9556 -0.273431 0.109835 0.781404 0.564905 0.265125 0.700077 0.474448 0.533659 0.719338 0.69466 6.27045e-07 0.662599 0.718375 -0.211894 0.70007 0.474455 -0.533661 0.457355 0.494342 -0.739225 -0.0616294 -0.704418 0.707104 -0.0616296 -0.704418 0.707105 -4.5234e-07 -3.58857e-06 1 -4.94316e-07 -5.65001e-06 1 0.0616291 0.704418 0.707105 0.0616293 0.704419 0.707104 -0.427459 -0.516 -0.742309 -0.67481 -0.492593 -0.54953 -0.694662 -0.719336 9.33351e-07 -0.639081 -0.741906 -0.202858 -0.674826 -0.492581 0.549521 -0.76291 -0.579071 0.287482 -0.955599 -0.273434 -0.109835 -0.997773 0.0615815 0.0256119 -0.954628 -0.277278 0.10864 -0.975416 -0.220336 0.00405051 -0.954915 -0.275582 -0.110413 -0.764811 -0.585689 0.268389 -0.590111 -0.755883 -0.283568 -0.26805 -0.547608 -0.792638 -0.668028 -0.302325 -0.679955 -0.58898 -0.20703 -0.78118 -0.214735 0.1737 -0.961102 -0.26735 0.121997 -0.955846 0.20769 0.593673 -0.777442 0.24988 0.623677 -0.740666 0.297029 0.523852 -0.798344 0.613412 0.732591 -0.295018 0.782822 0.571127 0.246988 -0.00980386 0.00790534 0.999921 -0.0111019 0.00671667 0.999916 0.537081 0.507247 0.673976 0.496553 0.470466 0.72945 0.512345 0.455747 0.727872 0.592211 0.459014 0.662263 0.717853 0.694035 -0.0547867 0.718423 0.694227 0.043786 0.514557 0.453256 -0.727866 0.55836 0.46077 -0.689873 0.276576 0.674314 -0.684694 0.244745 0.65241 -0.71726 -0.218913 0.170736 -0.96069 -0.214111 0.175458 -0.960922 -0.668525 -0.28451 -0.687116 -0.689968 -0.310838 -0.6537 -0.533279 -0.484777 -0.693257 -0.489213 -0.476345 -0.730593 -0.69315 -0.718753 -0.0541956 -0.693721 -0.718933 0.0434317 -0.566891 -0.481837 0.668183 -0.487141 -0.479035 0.730219 -0.515019 -0.453211 0.727568 -0.555863 -0.491415 0.670469 1.57249e-07 4.73604e-07 -1 -0.0616283 -0.704416 -0.707107 -0.0616284 -0.704416 -0.707107 3.75859e-08 4.29614e-07 -1 0.457368 0.494329 0.739225 0.662604 0.71837 0.211897 0.719341 0.694657 8.69775e-07 0.700056 0.474463 0.533672 0.781408 0.564903 -0.265115 0.700071 0.474454 -0.53366 -0.955597 -0.273448 -0.109823 -0.968028 -0.250843 2.25901e-06 -0.996195 0.0871549 -4.07313e-07 -0.997773 0.0615805 0.0256126 -0.955597 -0.273449 0.109817 -0.997773 0.0615825 -0.0256146 -0.762918 -0.579065 -0.287471 -0.639079 -0.741907 0.20286 -0.694658 -0.71934 7.31111e-07 -0.674823 -0.492584 -0.549522 -0.42746 -0.515996 0.742312 -0.674815 -0.49259 0.549527 0.0616262 0.704417 -0.707106 0.0616246 0.704417 -0.707106 -0.00886348 0.00740087 0.999933 0.420831 0.401728 0.813336 0.492621 0.46728 0.734149 -0.0113019 0.00515655 0.999923 -0.436393 -0.385172 0.813144 -0.509616 -0.45362 0.731109 -0.589758 -0.754369 0.288293 -0.260467 -0.549838 0.793621 -0.753461 -0.577633 -0.314065 -0.997367 -0.0725126 0.000584659 -0.973333 -0.212774 0.0857291 -0.973503 -0.211493 -0.086964 0.61326 0.730912 0.299466 0.773665 0.561565 -0.293407 0.289317 0.525931 0.799808 -0.855323 0.517496 -0.0249058 -0.915345 0.37367 -0.150046 0.340655 0.595168 0.727825 0.300877 0.516037 0.801984 -1.41201e-06 1.08938e-06 1 1.06846e-06 -1.42751e-06 1 -0.871026 0.449222 0.198777 -0.792151 0.560289 0.24202 -0.777475 0.628912 0.00161502 -0.78853 0.614996 0.00096056 -0.773411 0.633789 -0.0121285 -0.880818 0.429524 0.199169 -0.792677 0.55862 -0.244145 -0.871644 0.446993 -0.201083 -0.879464 0.434344 -0.19465 -0.916622 0.368572 0.154787 -0.297305 -0.519115 0.80133 -0.345511 -0.591785 0.728294 -0.968029 -0.25084 -5.21679e-07 -0.996195 0.0871566 -5.44961e-07 -0.997773 0.0615915 -0.0256059 -0.9556 -0.273435 0.10983 0.78141 0.564899 0.265118 0.70008 0.474445 0.533657 0.719342 0.694656 2.03004e-06 0.662601 0.718374 -0.211893 0.700074 0.474453 -0.533659 0.457348 0.494347 -0.739226 -0.0616292 -0.704419 0.707104 -0.0616295 -0.704419 0.707104 -2.62616e-07 -1.42004e-06 1 -3.27177e-07 -3.73963e-06 1 0.061629 0.704419 0.707104 0.0616292 0.704421 0.707102 -0.427465 -0.515998 -0.742307 -0.674817 -0.49259 -0.549525 -0.694661 -0.719337 2.52733e-06 -0.63908 -0.741908 -0.202855 -0.674821 -0.492585 0.549525 -0.762911 -0.579069 0.287483 -0.9556 -0.273435 -0.109831 -0.997773 0.0615909 0.0256057 -0.954629 -0.277275 0.10864 -0.975415 -0.220338 0.00404893 -0.954915 -0.275583 -0.110409 -0.764817 -0.585684 0.268384 -0.590109 -0.755883 -0.28357 -0.268054 -0.547607 -0.792637 -0.668025 -0.30233 -0.679955 -0.588977 -0.207038 -0.78118 -0.214736 0.173699 -0.961102 -0.26735 0.121996 -0.955846 0.207697 0.593671 -0.777443 0.249889 0.623673 -0.740667 0.297018 0.523864 -0.79834 0.613409 0.732594 -0.295018 0.782821 0.571128 0.246991 -0.00980377 0.00790532 0.999921 -0.011102 0.00671678 0.999916 0.537081 0.507246 0.673977 0.496553 0.470466 0.72945 0.512344 0.455748 0.727872 0.592207 0.459016 0.662265 0.717854 0.694035 -0.0547848 0.718422 0.694228 0.0437867 0.514557 0.453257 -0.727867 0.55836 0.46077 -0.689873 0.276569 0.674318 -0.684693 0.244739 0.652413 -0.717259 -0.218917 0.170739 -0.960689 -0.214115 0.17546 -0.960921 -0.668526 -0.284509 -0.687115 -0.689971 -0.310836 -0.653698 -0.533279 -0.484777 -0.693257 -0.489213 -0.476345 -0.730593 -0.693149 -0.718754 -0.0541937 -0.693721 -0.718934 0.0434324 -0.566888 -0.481838 0.668184 -0.48714 -0.479036 0.730219 -0.515019 -0.453211 0.727568 -0.555862 -0.491414 0.67047 9.77086e-08 -2.06893e-07 -1 -0.0616301 -0.704415 -0.707108 -0.0616333 -0.704415 -0.707107 -5.19117e-08 -5.93278e-07 -1 0.457354 0.494337 0.739228 0.662595 0.718379 0.211894 0.719336 0.694663 7.68471e-07 0.700077 0.474446 0.533661 0.781407 0.564903 -0.265118 0.700065 0.47446 -0.533664 -0.955598 -0.27344 -0.10983 -0.968028 -0.250842 6.72733e-07 -0.996195 0.08715 -7.52084e-07 -0.997773 0.0615872 0.0256046 -0.955598 -0.273444 0.109822 -0.997773 0.061585 -0.0256074 -0.762913 -0.579068 -0.287477 -0.639081 -0.741905 0.20286 -0.694659 -0.719339 8.35357e-07 -0.674823 -0.492586 -0.549521 -0.427467 -0.515989 0.742312 -0.674818 -0.492585 0.549528 0.0616334 0.704414 -0.707108 0.0616307 0.704415 -0.707107 -0.0088591 0.0073972 0.999933 0.420824 0.401735 0.813337 0.492616 0.467283 0.73415 -0.0112942 0.00515379 0.999923 -0.436386 -0.385178 0.813145 -0.509608 -0.453625 0.731112 -0.589759 -0.754367 0.288297 -0.260474 -0.549831 0.793624 -0.75346 -0.577632 -0.31407 -0.997368 -0.0725095 0.000578009 -0.973335 -0.212764 0.0857366 -0.973504 -0.211489 -0.0869681 0.613258 0.730913 0.299466 0.773664 0.561565 -0.293409 0.2893 0.525944 0.799805 -0.855324 0.517494 -0.0249157 -0.915344 0.373672 -0.150047 0.340653 0.595169 0.727825 0.300877 0.516037 0.801984 -1.31946e-06 1.03771e-06 1 1.10096e-06 -1.3709e-06 1 -0.871026 0.449224 0.198775 -0.792151 0.560288 0.242021 -0.777475 0.628912 0.00161353 -0.78853 0.614995 0.000959867 -0.773412 0.633787 -0.0121482 -0.880821 0.429517 0.199173 -0.792678 0.558619 -0.244144 -0.871643 0.446997 -0.201077 -0.879463 0.434348 -0.194645 -0.916622 0.368572 0.154788 -0.297303 -0.519116 0.80133 -0.345511 -0.591785 0.728294 -0.968029 0.25084 -4.70056e-07 -0.955598 0.273443 -0.109822 -0.997773 -0.0615825 0.0256126 -0.996195 -0.0871566 3.74426e-07 0.762914 -0.579067 -0.287479 0.63908 -0.741906 0.202861 0.694657 -0.719341 -2.68661e-06 0.674821 -0.492585 -0.549524 0.427467 -0.515992 0.74231 0.674821 -0.492587 0.549523 0.0616307 -0.704417 0.707106 3.05334e-07 -3.4899e-06 1 1.14553e-07 -1.3093e-06 1 0.0616307 -0.704418 0.707105 -0.0616274 0.704421 0.707102 -0.0616288 0.704419 0.707103 -0.457345 0.494352 0.739224 -0.662598 0.718377 0.211892 -0.719336 0.694662 -2.82857e-06 -0.700078 0.47445 0.533656 -0.781409 0.5649 -0.265118 -0.700075 0.474449 -0.53366 -0.955599 0.273442 0.109823 -0.997773 -0.0615833 -0.0256137 -0.975415 0.220338 -0.00405004 -0.954627 0.277286 -0.10863 -0.954914 0.275592 0.1104 -0.613412 0.732591 0.29502 -0.782809 0.571138 -0.247006 -0.297023 0.523856 0.798343 0.0127184 0.010293 0.999866 -0.421298 0.408414 0.809757 -0.489122 0.470048 0.734721 0.0159809 0.00728847 0.999846 0.44344 -0.385249 0.809286 0.513135 -0.450739 0.730429 0.590115 -0.755878 0.28357 0.268057 -0.547607 0.792636 0.764813 -0.585688 -0.268387 0.284073 0.229078 -0.931035 0.705665 -0.229705 -0.670278 0.747265 -0.2865 -0.599594 0.318812 0.19289 -0.927983 0.48714 -0.479036 -0.730219 0.693721 -0.718933 -0.0434319 0.693149 -0.718754 0.0541971 0.566887 -0.481841 -0.668184 0.533279 -0.484777 0.693257 0.489214 -0.476344 0.730593 0.544235 -0.474439 0.691893 0.0132224 0.0108356 0.999854 0.0135308 0.0105531 0.999853 0.518128 -0.449913 0.727407 -0.519602 0.497371 0.694719 -0.492793 0.47315 0.730263 -0.558361 0.460769 0.689873 -0.718422 0.694228 -0.043787 -0.717856 0.694033 0.0547848 -0.514558 0.453256 0.727866 -0.512345 0.455747 -0.727871 -0.592204 0.45902 -0.662266 -0.14167 0.710568 -0.689218 -0.165576 0.726144 -0.667308 1.85716e-08 -2.12267e-07 -1 5.36967e-08 -6.13736e-07 -1 0.0616305 -0.704417 -0.707106 0.0616305 -0.704416 -0.707106 0.427467 -0.51599 -0.742311 0.674821 -0.492585 -0.549524 0.69466 -0.719338 -3.63328e-07 0.639079 -0.741908 -0.202857 0.674819 -0.492589 0.549524 0.762913 -0.579069 0.287478 -0.955598 0.273439 0.109831 -0.997773 -0.0615863 -0.0256056 -0.996195 -0.08715 9.38987e-07 -0.968028 0.250841 5.31072e-07 -0.997773 -0.061587 0.0256052 -0.955599 0.273438 -0.109828 -0.781413 0.564898 0.265111 -0.700074 0.474453 0.533658 -0.719337 0.694661 -1.30278e-06 -0.662605 0.718369 -0.211898 -0.700067 0.474456 -0.533664 -0.457355 0.494338 -0.739226 -0.0616306 0.704417 -0.707106 -0.0616307 0.704417 -0.707106 0.709171 -0.253714 -0.657804 0.623244 -0.142815 -0.768876 0.277973 0.232108 -0.932125 0.349036 0.159268 -0.923476 -0.119791 0.651521 -0.749113 -0.148726 0.671001 -0.726387 -0.289302 0.525944 -0.799805 -0.613263 0.730908 -0.29947 -0.773666 0.561559 0.293413 -0.973336 0.212753 -0.0857457 -0.997368 0.0725077 -0.000575899 -0.973504 0.211483 0.0869732 0.753463 -0.577633 0.314061 0.589757 -0.754369 -0.288294 0.260471 -0.549834 -0.793623 -0.855324 -0.517493 0.0249157 -0.915348 -0.373657 0.150058 -0.340653 0.59517 0.727825 7.64412e-07 7.81332e-08 1 1.37848e-06 9.33332e-07 1 -0.300877 0.516037 0.801984 -0.871024 -0.449231 -0.198767 -0.788531 -0.614995 -0.000958291 -0.777475 -0.628912 -0.00161105 -0.792151 -0.560288 -0.242023 -0.773412 -0.633787 0.0121471 -0.880818 -0.429528 -0.199164 -0.87164 -0.44701 0.201064 -0.792677 -0.558622 0.24414 -0.879461 -0.434357 0.194636 -0.916625 -0.36856 -0.154799 0.345516 -0.591782 0.728295 0.297305 -0.519115 0.80133 -0.968028 -0.250841 2.32521e-06 -0.996195 0.0871566 -3.50316e-06 -0.997773 0.0615962 -0.0256012 -0.9556 -0.273434 0.109831 0.781409 0.5649 0.265119 0.700072 0.474451 0.533662 0.719336 0.694662 5.76861e-07 0.662602 0.718373 -0.211895 0.70007 0.474454 -0.533662 0.457356 0.494339 -0.739225 -0.0616292 -0.704418 0.707105 -0.0616294 -0.704418 0.707105 -2.64406e-07 -1.44049e-06 1 -3.28269e-07 -3.75211e-06 1 0.0616289 0.704418 0.707105 0.0616291 0.70442 0.707103 -0.427463 -0.515998 -0.742308 -0.674822 -0.492585 -0.549523 -0.694664 -0.719334 1.05326e-06 -0.639082 -0.741905 -0.202858 -0.674827 -0.49258 0.549521 -0.762912 -0.579068 0.287482 -0.9556 -0.27343 -0.109837 -0.997773 0.0615911 0.0256055 -0.954626 -0.277288 0.108631 -0.975415 -0.220337 0.00405362 -0.954914 -0.275588 -0.110409 -0.76481 -0.58569 0.26839 -0.59011 -0.755882 -0.283569 -0.26805 -0.547609 -0.792637 -0.668037 -0.302314 -0.67995 -0.588993 -0.207012 -0.781175 -0.214736 0.1737 -0.961102 -0.267348 0.121995 -0.955846 0.207695 0.59367 -0.777443 0.249885 0.623673 -0.740668 0.297032 0.52385 -0.798344 0.613413 0.73259 -0.29502 0.78282 0.571129 0.246991 -0.00980309 0.00790476 0.999921 -0.011101 0.00671609 0.999916 0.537083 0.507248 0.673974 0.496554 0.470466 0.72945 0.512344 0.455748 0.727872 0.592207 0.45902 0.662263 0.717853 0.694035 -0.054787 0.718421 0.694229 0.043786 0.514557 0.453257 -0.727866 0.558361 0.46077 -0.689873 0.276567 0.674319 -0.684693 0.244745 0.65241 -0.717259 -0.218913 0.170736 -0.96069 -0.214114 0.17546 -0.960921 -0.668526 -0.28451 -0.687115 -0.689967 -0.31084 -0.6537 -0.533279 -0.484777 -0.693257 -0.489213 -0.476346 -0.730592 -0.693149 -0.718754 -0.0541959 -0.693721 -0.718933 0.0434317 -0.566892 -0.481838 0.668181 -0.487141 -0.479035 0.730219 -0.515018 -0.453213 0.727568 -0.555863 -0.491417 0.670467 1.56154e-07 4.61119e-07 -1 -0.0616283 -0.704416 -0.707107 -0.0616284 -0.704416 -0.707107 3.57961e-08 4.09156e-07 -1 0.457364 0.494331 0.739226 0.662606 0.718368 0.211898 0.719334 0.694665 8.69769e-07 0.700057 0.474462 0.533672 0.781407 0.564904 -0.265117 0.700071 0.474455 -0.533661 -0.955598 -0.273441 -0.10983 -0.968028 -0.250843 -1.44299e-06 -0.996195 0.0871549 5.0917e-06 -0.997773 0.0615882 0.0256049 -0.955599 -0.273437 0.10983 -0.997773 0.0615937 -0.0256034 -0.762917 -0.579066 -0.287472 -0.639079 -0.741907 0.20286 -0.694658 -0.719341 7.31112e-07 -0.674823 -0.492584 -0.549523 -0.42746 -0.515996 0.742312 -0.674815 -0.49259 0.549527 0.0616262 0.704417 -0.707106 0.0616245 0.704417 -0.707106 -0.00886907 0.00740554 0.999933 0.420827 0.401733 0.813336 0.492616 0.467284 0.734149 -0.0113069 0.00515885 0.999923 -0.436391 -0.385174 0.813144 -0.509611 -0.453624 0.73111 -0.589758 -0.754369 0.288293 -0.260467 -0.549838 0.793622 -0.753461 -0.577633 -0.314065 -0.997367 -0.0725126 0.000567567 -0.973336 -0.212754 0.0857488 -0.973505 -0.211481 -0.0869754 0.613265 0.730906 0.299469 0.773662 0.561567 -0.293409 0.289317 0.52593 0.799808 -0.855325 0.517493 -0.024905 -0.915349 0.373657 -0.150055 0.340655 0.595168 0.727825 0.300878 0.516037 0.801984 -1.32443e-06 1.02905e-06 1 1.17395e-06 -1.47117e-06 1 -0.871027 0.449219 0.19878 -0.792152 0.560282 0.242031 -0.777474 0.628913 0.00161287 -0.788531 0.614995 0.00095943 -0.773411 0.633789 -0.0121551 -0.880817 0.429529 0.199164 -0.792679 0.558615 -0.244152 -0.871643 0.446995 -0.20108 -0.879461 0.434356 -0.194639 -0.916626 0.36856 0.154795 -0.297305 -0.519115 0.80133 -0.345511 -0.591786 0.728294 -0.968028 -0.250841 2.26839e-06 -0.996195 0.0871566 -2.97722e-07 -0.997773 0.0615923 -0.0256051 -0.955599 -0.27344 0.109825 0.781409 0.5649 0.265119 0.700072 0.474451 0.533662 0.719336 0.694663 6.30174e-07 0.662603 0.718372 -0.211896 0.700068 0.474457 -0.533662 0.457367 0.494331 -0.739224 -0.0616267 -0.704418 0.707105 -0.061624 -0.704418 0.707105 -3.09153e-07 -1.95194e-06 1 -3.69245e-07 -4.22034e-06 1 0.0616307 0.704418 0.707105 0.0616308 0.704418 0.707104 -0.427481 -0.515984 -0.742307 -0.67483 -0.49258 -0.549518 -0.694664 -0.719334 1.24927e-06 -0.639083 -0.741904 -0.202859 -0.674822 -0.492584 0.549524 -0.762913 -0.579068 0.287481 -0.955599 -0.273436 -0.10983 -0.997773 0.061592 0.0256046 -0.954626 -0.277286 0.108632 -0.975416 -0.220336 0.00404251 -0.954914 -0.275592 -0.110403 -0.764816 -0.585685 0.268384 -0.590108 -0.755885 -0.283568 -0.268061 -0.547599 -0.79264 -0.668033 -0.302318 -0.679953 -0.588988 -0.207019 -0.781176 -0.214735 0.173699 -0.961102 -0.267344 0.121994 -0.955848 0.207718 0.593654 -0.77745 0.249919 0.623656 -0.740671 0.29705 0.523835 -0.798347 0.613415 0.732587 -0.295021 0.78281 0.571137 0.247003 -0.00980336 0.00790461 0.999921 -0.0111013 0.00671633 0.999916 0.537083 0.507247 0.673975 0.496554 0.470466 0.72945 0.512344 0.455748 0.727872 0.592201 0.459025 0.662265 0.717853 0.694036 -0.0547868 0.718421 0.694229 0.0437861 0.514557 0.453256 -0.727866 0.55836 0.460769 -0.689874 0.276568 0.674318 -0.684693 0.244749 0.652407 -0.71726 -0.218912 0.170735 -0.960691 -0.214113 0.17546 -0.960921 -0.668527 -0.284508 -0.687115 -0.689966 -0.310841 -0.653701 -0.533281 -0.484774 -0.693257 -0.489212 -0.476346 -0.730593 -0.693147 -0.718756 -0.0541956 -0.693722 -0.718932 0.043432 -0.566889 -0.48184 0.668182 -0.487139 -0.479037 0.730219 -0.515019 -0.453213 0.727567 -0.555863 -0.491416 0.670468 1.33758e-07 2.05152e-07 -1 -0.0616302 -0.704416 -0.707107 -0.0616287 -0.704416 -0.707107 -7.15913e-09 -8.18314e-08 -1 0.457361 0.494335 0.739226 0.662606 0.718368 0.211898 0.719326 0.694672 7.94027e-07 0.700062 0.474459 0.533669 0.781411 0.5649 -0.265112 0.700073 0.474453 -0.533659 -0.955598 -0.27344 -0.109829 -0.968028 -0.250843 -3.46479e-06 -0.996195 0.0871565 -1.89911e-06 -0.997773 0.0615852 0.0256095 -0.955599 -0.27344 0.109827 -0.997773 0.0615876 -0.025611 -0.762914 -0.579068 -0.287476 -0.639075 -0.741911 0.202859 -0.694653 -0.719345 7.15461e-07 -0.674816 -0.492589 -0.549527 -0.427468 -0.515991 0.742311 -0.674814 -0.49259 0.549528 0.0616271 0.704417 -0.707106 0.0616273 0.704417 -0.707106 -0.00886817 0.00740428 0.999933 0.420833 0.401726 0.813336 0.492621 0.467281 0.734148 -0.0113056 0.00515853 0.999923 -0.436387 -0.385179 0.813144 -0.509605 -0.453629 0.731111 -0.589759 -0.754368 0.288294 -0.260482 -0.549827 0.793624 -0.753461 -0.577632 -0.314065 -0.997368 -0.0725112 0.000572744 -0.973336 -0.212754 0.0857478 -0.973504 -0.211484 -0.0869719 0.613268 0.730904 0.299469 0.773657 0.561571 -0.293415 0.289315 0.525932 0.799807 -0.855324 0.517494 -0.0249153 -0.915347 0.373666 -0.150048 0.340655 0.595168 0.727825 0.300877 0.516037 0.801984 -1.51818e-06 6.91396e-07 1 1.02771e-06 -1.72591e-06 1 -0.871028 0.449219 0.19878 -0.792152 0.560284 0.242028 -0.777474 0.628913 0.00161368 -0.788531 0.614995 0.000959657 -0.77341 0.63379 -0.0121495 -0.880818 0.429525 0.199169 -0.792678 0.558616 -0.244151 -0.871644 0.446993 -0.201082 -0.87946 0.434357 -0.194639 -0.916624 0.368564 0.154792 -0.297305 -0.519116 0.801329 -0.345509 -0.591787 0.728294 2.12384e-07 1.25459e-07 1 2.89039e-07 4.10719e-08 1 0 0.707107 0.707107 -0.215773 0.634215 0.742438 -0.215778 -0.742438 -0.634213 0 -0.707107 -0.707107 -3.9443e-31 -1 -6.12323e-17 4.60177e-07 -1 -1.5067e-07 0 -0.707108 0.707105 0.21578 -0.74244 0.63421 0.21579 0.634209 -0.742438 0 0.707108 -0.707105 6.77626e-21 2.15628e-06 -1 1.18327e-05 7.12839e-08 -1 0 -0.707108 -0.707105 -0.215763 -0.634223 -0.742434 0.21578 -0.742441 -0.634209 0 -0.707108 -0.707105 -2.71051e-20 -1 2.15627e-06 -1.50849e-06 -1 1.37016e-06 5.45962e-07 -0.707107 0.707107 -0.215792 -0.742439 0.634207 0.215783 -0.634211 0.742438 9.54725e-07 -0.707107 0.707107 -0.25162 0.603721 0.756444 1.49553e-06 7.06972e-07 1 0.251633 -0.603714 0.756446 -0.251652 -0.756447 0.603705 -2.69593e-06 -1 -2.34609e-07 0.25163 -0.756443 -0.603719 -0.251611 -0.603724 -0.756445 1.30818e-05 -9.30429e-06 -1 0.251643 0.60371 -0.756446 0.251633 -0.756446 0.603714 -2.0479e-07 -1 8.7893e-08 -0.25163 -0.756445 -0.603716 0.25162 0.603721 0.756444 -1.5017e-06 6.98767e-07 1 1.19227e-07 -1 6.20224e-08 0.251635 -0.756445 -0.603714 -0.251632 -0.756446 0.603714 -1.30503e-05 -9.30158e-06 -1 -0.251642 0.60371 -0.756446 0.25161 -0.603724 -0.756445 2.69534e-06 -1 -2.23503e-07 -0.25163 -0.756443 -0.603719 0.251651 -0.756447 0.603705 -0.251633 -0.603714 0.756445 -2.0227e-07 1.28139e-07 1 0.215773 0.634215 0.742437 3.55271e-15 0.707107 0.707107 -2.70062e-07 6.16079e-08 1 0.215783 -0.742438 -0.63421 4.68602e-07 -1 1.78726e-07 -7.88861e-31 -1 -6.12323e-17 3.55271e-15 -0.707107 -0.707107 -0.215779 -0.742439 0.634211 0 -0.707108 0.707105 -0.215789 0.63421 -0.742438 -1.17936e-05 8.51446e-08 -1 6.77626e-21 2.15628e-06 -1 3.55271e-15 0.707108 -0.707105 0.215762 -0.634223 -0.742433 0 -0.707108 -0.707105 -0.21578 -0.742441 -0.634209 1.52233e-06 -1 1.40285e-06 0 -1 2.21788e-06 0 -0.707108 -0.707105 0.215792 -0.742439 0.634207 -5.48373e-07 -0.707107 0.707107 -0.215782 -0.634211 0.742438 -8.92043e-07 -0.707107 0.707107 -1.16818e-06 -0.250843 0.968028 -0.109827 -0.273439 0.955599 0.0256091 0.0615881 0.997773 3.68342e-06 0.0871566 0.996195 0.287481 -0.579068 0.762912 -0.20286 -0.741901 0.639086 1.80522e-07 -0.719341 0.694657 0.549529 -0.49259 0.674814 -0.742307 -0.515978 0.427488 -0.54952 -0.492583 0.674826 -0.707104 -0.704418 0.0616293 -1 -5.18072e-06 1.46588e-06 -1 -3.53455e-06 1.30531e-06 -0.707105 -0.704418 0.0616289 -0.707103 0.704419 -0.0616291 -0.707105 0.704418 -0.0616286 -0.739225 0.494351 -0.457343 -0.211892 0.718383 -0.662592 1.20611e-06 0.694663 -0.719335 -0.533657 0.474448 -0.700078 0.265121 0.564903 -0.781406 0.533662 0.474451 -0.700072 0.109828 -0.27344 0.955598 -0.025614 0.0615829 0.997773 -0.00405145 -0.220337 0.975415 -0.108631 -0.277287 0.954626 0.110405 -0.275594 0.954913 -0.295018 0.732595 -0.613408 0.246984 0.571127 -0.782824 -0.798343 0.523859 -0.297018 -0.999866 0.0102939 0.0127212 -0.809758 0.408416 -0.421294 -0.734723 0.470049 -0.489117 -0.999846 0.00728786 0.0159845 -0.809286 -0.385253 0.443437 -0.730429 -0.450745 0.513131 -0.28357 -0.755878 0.590116 -0.79264 -0.547592 0.268075 0.268378 -0.585681 0.764821 0.931035 0.229078 0.284073 0.670278 -0.229706 0.705665 0.599593 -0.286499 0.747266 0.927982 0.192891 0.318813 0.730219 -0.479035 0.48714 0.0434325 -0.718932 0.693722 -0.0541951 -0.71876 0.693143 0.668183 -0.481842 0.566886 -0.693256 -0.484775 0.533282 -0.730592 -0.476349 0.489211 -0.691892 -0.474437 0.544238 -0.999854 0.0108373 0.0132246 -0.999853 0.0105548 0.0135331 -0.727406 -0.449912 0.518132 -0.694719 0.497373 -0.519601 -0.730263 0.473152 -0.492792 -0.689873 0.460768 -0.558363 0.0437866 0.694226 -0.718424 -0.0547868 0.694031 -0.717858 -0.727866 0.453257 -0.514558 0.727871 0.455746 -0.512348 0.662261 0.45901 -0.592217 0.689218 0.71057 -0.141668 0.667306 0.726146 -0.165573 -6.8733e-07 0.415132 0.909761 -2.46135e-06 0.0871629 0.996194 0.0256036 0.061598 0.997773 0.161723 0.388965 0.906947 0.742313 -0.515992 0.427463 0.549524 -0.492579 0.674826 4.26913e-07 -0.719339 0.694659 0.202855 -0.741914 0.639072 -0.549526 -0.492592 0.674814 -0.287479 -0.579069 0.762912 -0.109828 0.273442 -0.955598 0.0256133 -0.0615784 -0.997774 1.15812e-06 -0.08715 -0.996195 -2.77895e-06 0.250841 -0.968028 -0.0256049 -0.0615876 -0.997773 0.109828 0.273438 -0.955599 -0.265113 0.564899 -0.781412 -0.53366 0.474455 -0.700072 1.0973e-06 0.694658 -0.71934 0.211897 0.718373 -0.662601 0.533663 0.474449 -0.700073 0.739229 0.494344 -0.457345 -0.161722 0.388966 0.906946 -0.0256014 0.0615996 0.997773 0.657813 -0.253729 0.709157 0.768881 -0.142834 0.623233 0.932133 0.232093 0.277959 0.923486 0.159258 0.349015 0.749123 0.651506 -0.119813 0.726394 0.670987 -0.148755 0.799802 0.525955 -0.289288 0.299467 0.730914 -0.613257 -0.293414 0.561561 -0.773665 0.0857444 0.212756 -0.973336 0.000567943 0.0725079 -0.997368 -0.0869746 0.211482 -0.973504 -0.314052 -0.577626 0.753471 0.288293 -0.754372 0.589755 0.793622 -0.549838 0.260465 0.0249059 0.517495 0.855323 0.150057 0.373658 0.915348 -0.727825 0.595169 -0.340654 -1 1.57656e-07 8.4591e-07 -1 -3.55836e-07 -1.34759e-07 -0.801986 0.516032 -0.300883 0.198781 -0.449219 -0.871028 0.00095921 -0.614995 -0.788531 0.00161291 -0.628911 -0.777476 0.242031 -0.560279 -0.792154 -0.0121577 -0.633787 -0.773412 0.199164 -0.429527 -0.880818 -0.20108 -0.446995 -0.871643 -0.244152 -0.558614 -0.792679 -0.194639 -0.434353 -0.879462 -0.154796 0.368561 0.916625 -0.728294 -0.591782 0.345516 -0.801331 -0.519114 0.297304 2.37891e-07 0.25084 0.968029 -3.56584e-06 -0.0871566 0.996195 -0.0256089 -0.0615882 0.997773 0.109827 0.273438 0.955599 -0.265122 0.564902 0.781407 -0.53366 0.474449 0.700075 -1.84077e-06 0.69466 0.719338 0.211892 0.718376 0.662599 0.533659 0.474454 0.700073 0.739224 0.49434 0.457357 -0.707104 -0.704419 -0.061629 -0.707104 -0.704419 -0.061629 -1 -1.43205e-06 -1.25289e-07 -1 -3.6335e-06 -3.17891e-07 -0.707104 0.704419 0.061629 -0.707102 0.704421 0.0616292 0.742307 -0.516 -0.427462 0.549524 -0.492588 -0.674819 -2.71865e-06 -0.71934 -0.694658 0.202856 -0.741905 -0.639082 -0.549525 -0.492584 -0.674821 -0.28748 -0.579067 -0.762913 -0.109828 0.273437 0.955599 0.0256135 -0.0615834 0.997773 0.10863 0.277284 0.954627 0.00405269 0.220338 0.975415 -0.110404 0.275588 0.954915 -0.268386 -0.585685 -0.764815 0.283572 -0.755878 -0.590115 0.792637 -0.547607 -0.268054 0.67996 -0.30234 -0.668016 0.781184 -0.207056 -0.588964 0.961102 0.173698 -0.214735 0.955845 0.121996 -0.267351 0.777443 0.593671 0.207697 0.740667 0.623672 0.249889 0.798343 0.523853 0.297031 0.295018 0.732594 0.613409 -0.246991 0.571128 0.782821 -0.999921 0.0079052 -0.00980329 -0.999916 0.0067164 -0.011101 -0.673977 0.507246 0.537081 -0.72945 0.470466 0.496554 -0.727872 0.455746 0.512346 -0.662265 0.459016 0.592207 0.0547846 0.694037 0.717852 -0.043787 0.694226 0.718424 0.727867 0.453259 0.514554 0.689873 0.46077 0.558361 0.684695 0.674313 0.276578 0.71726 0.652411 0.244743 0.96069 0.170738 -0.218915 0.960922 0.175459 -0.214112 0.687115 -0.28451 -0.668526 0.653698 -0.310834 -0.689973 0.693257 -0.484777 -0.533279 0.730593 -0.476345 -0.489214 0.0541934 -0.718754 -0.693149 -0.0434328 -0.718933 -0.693721 -0.668185 -0.481839 -0.566887 -0.730219 -0.479035 -0.48714 -0.727568 -0.453211 -0.515019 -0.67047 -0.491415 -0.555861 -1 8.74028e-08 7.64772e-09 -0.707108 0.704414 0.0616302 -0.707107 0.704415 0.0616334 -1 5.55463e-07 -2.22715e-07 -0.739229 0.494347 0.457341 -0.211893 0.718378 0.662596 -5.1231e-07 0.694663 0.719336 -0.533661 0.474447 0.700076 0.265116 0.564901 0.781409 0.53366 0.474455 0.700071 0.109825 -0.273444 -0.955598 -1.999e-06 -0.250841 -0.968028 -2.85856e-06 0.08715 -0.996195 -0.0256042 0.0615877 -0.997773 -0.109819 -0.273445 -0.955598 0.0256085 0.0615838 -0.997773 0.287478 -0.579068 -0.762914 -0.202859 -0.741904 -0.639082 -1.22215e-06 -0.71934 -0.694658 0.549523 -0.492588 -0.67482 -0.742312 -0.515991 -0.427465 -0.549528 -0.492584 -0.674818 -0.707108 -0.704414 -0.0616338 -0.707107 -0.704415 -0.0616314 -0.999933 0.00740426 -0.00886779 -0.813337 0.401722 0.420836 -0.734149 0.467277 0.492623 -0.999923 0.00515999 -0.0113079 -0.813145 -0.385166 -0.436396 -0.73111 -0.453615 -0.509619 -0.288296 -0.754366 -0.58976 -0.793623 -0.549836 -0.260468 0.314071 -0.577631 -0.75346 -0.000582243 -0.072506 -0.997368 -0.0857346 -0.212762 -0.973336 0.0869675 -0.211487 -0.973504 -0.299466 0.730912 0.61326 0.293414 0.561567 0.773661 -0.799803 0.525953 0.28929 -0.0249153 -0.517494 0.855324 -0.150057 -0.37366 0.915347 -0.727825 0.595168 0.340654 -0.801986 0.516032 0.300882 -1 -5.33172e-07 3.16466e-07 -1 2.20101e-07 -5.46796e-07 -0.198773 0.449226 -0.871026 -0.242032 0.560279 -0.792154 -0.00160952 0.628912 -0.777475 -0.00095707 0.614995 -0.788531 0.0121318 0.633788 -0.773411 -0.199157 0.429536 -0.880815 0.244148 0.558616 -0.792679 0.201066 0.447008 -0.87164 0.194637 0.434357 -0.87946 0.154798 -0.368562 0.916624 -0.801331 -0.519114 -0.297304 -0.728295 -0.591782 -0.345515 4.29048e-07 -0.25084 0.968029 -0.109826 -0.273439 0.955599 0.0256096 0.0615856 0.997773 -2.47928e-06 0.0871566 0.996195 0.28748 -0.579067 0.762913 -0.20286 -0.741905 0.639081 2.70803e-06 -0.719339 0.694659 0.549523 -0.492585 0.674821 -0.742309 -0.515991 0.427469 -0.549521 -0.492586 0.674823 -0.707105 -0.704417 0.061631 -1 -3.28906e-06 1.30039e-06 -1 -1.38648e-06 1.11738e-06 -0.707105 -0.704418 0.0616307 -0.707102 0.704421 -0.0616274 -0.707103 0.704419 -0.0616284 -0.739225 0.494358 -0.457336 -0.21189 0.718384 -0.662592 2.70298e-06 0.694655 -0.719343 -0.533651 0.474444 -0.700085 0.265124 0.564903 -0.781405 0.53366 0.474449 -0.700076 0.109825 -0.27344 0.955599 -0.0256063 0.0615905 0.997773 -0.00404655 -0.220338 0.975415 -0.108641 -0.277275 0.954629 0.110405 -0.275588 0.954915 -0.295015 0.732603 -0.6134 0.246994 0.57113 -0.782818 -0.79834 0.523871 -0.297005 -0.999866 0.0103006 0.0127283 -0.809757 0.408421 -0.42129 -0.734722 0.470054 -0.489114 -0.999846 0.00729342 0.0159923 -0.809286 -0.385244 0.443445 -0.730428 -0.450737 0.513139 -0.283569 -0.755879 0.590115 -0.792636 -0.547607 0.268057 0.268385 -0.585686 0.764815 0.931034 0.229079 0.284074 0.670279 -0.229707 0.705664 0.599594 -0.2865 0.747265 0.927984 0.192889 0.31881 0.730219 -0.479036 0.48714 0.043432 -0.718933 0.693721 -0.054197 -0.718754 0.693149 0.668183 -0.481839 0.566889 -0.693257 -0.484776 0.53328 -0.730593 -0.476344 0.489214 -0.691893 -0.474438 0.544236 -0.999854 0.0108356 0.0132226 -0.999853 0.0105532 0.013531 -0.727407 -0.449913 0.518128 -0.69472 0.497371 -0.519602 -0.730263 0.47315 -0.492792 -0.689873 0.460767 -0.558363 0.0437869 0.694228 -0.718422 -0.0547848 0.694035 -0.717854 -0.727867 0.453257 -0.514557 0.727871 0.455747 -0.512345 0.662264 0.459015 -0.592208 0.689217 0.710571 -0.141664 0.667309 0.726142 -0.165582 -1 2.82603e-07 2.35166e-07 -1 4.50073e-07 -3.93776e-08 -0.707106 0.704417 -0.0616301 -0.707106 0.704417 -0.0616297 0.742311 -0.515992 0.427465 0.549524 -0.492585 0.674821 4.26914e-07 -0.719338 0.69466 0.202858 -0.741907 0.639079 -0.549523 -0.492588 0.67482 -0.287479 -0.579069 0.762912 -0.109822 0.273447 -0.955597 0.0256133 -0.0615784 -0.997774 4.14227e-06 -0.08715 -0.996195 -5.75616e-06 0.250841 -0.968028 -0.0256095 -0.061583 -0.997773 0.109827 0.273439 -0.955599 -0.265116 0.564902 -0.781409 -0.533663 0.474458 -0.700067 1.101e-06 0.694662 -0.719336 0.211898 0.718369 -0.662605 0.53366 0.474451 -0.700074 0.739226 0.494335 -0.45736 -0.707106 -0.704417 0.0616306 -0.707106 -0.704417 0.0616308 0.657812 -0.253729 0.709158 0.768884 -0.142841 0.623228 0.932126 0.232106 0.27797 0.923476 0.159268 0.349036 0.749113 0.651521 -0.119791 0.726387 0.671001 -0.148726 0.799805 0.525944 -0.289302 0.299469 0.730909 -0.613262 -0.293409 0.561557 -0.773669 0.0857538 0.212746 -0.973337 0.000558732 0.0725079 -0.997368 -0.0869727 0.211484 -0.973504 -0.314062 -0.577634 0.753461 0.288295 -0.754368 0.589758 0.793623 -0.549835 0.26047 0.0249155 0.517493 0.855324 0.150048 0.373669 0.915346 -0.727825 0.595169 -0.340654 -1 -1.27243e-06 -8.93271e-07 -1 -3.47175e-07 -1.3972e-07 -0.801985 0.516033 -0.300882 0.198772 -0.449226 -0.871026 0.000956814 -0.614995 -0.788531 0.00160887 -0.628912 -0.777475 0.242033 -0.560278 -0.792154 -0.0121677 -0.633787 -0.773412 0.199164 -0.429527 -0.880818 -0.201064 -0.447009 -0.87164 -0.244148 -0.558616 -0.792679 -0.194634 -0.434359 -0.87946 -0.154789 0.368571 0.916622 -0.728294 -0.591786 0.34551 -0.80133 -0.519116 0.297303 2.65713e-06 0.250842 0.968028 -3.49137e-06 -0.0871549 0.996195 -0.0256011 -0.061596 0.997773 0.109832 0.273434 0.955599 -0.265119 0.564901 0.781408 -0.533657 0.474447 0.700079 -4.40545e-07 0.69466 0.719338 0.211895 0.718373 0.662601 0.533662 0.474455 0.70007 0.739225 0.494342 0.457355 -0.707104 -0.704418 -0.0616292 -0.707105 -0.704418 -0.0616292 -1 -3.62104e-06 -3.16802e-07 -1 -5.55012e-06 -4.85576e-07 -0.707105 0.704418 0.0616291 -0.707104 0.704419 0.0616293 0.742309 -0.516 -0.427459 0.54953 -0.492593 -0.674811 -1.12377e-06 -0.719339 -0.69466 0.202858 -0.741905 -0.639082 -0.54952 -0.49258 -0.674828 -0.287477 -0.579068 -0.762914 -0.109838 0.273431 0.9556 0.0256042 -0.0615894 0.997773 0.108631 0.277286 0.954626 0.00405165 0.220336 0.975416 -0.110408 0.275587 0.954915 -0.268389 -0.585688 -0.764812 0.283568 -0.755883 -0.590111 0.792638 -0.547608 -0.26805 0.67995 -0.302314 -0.668037 0.781174 -0.207011 -0.588993 0.961101 0.173702 -0.214738 0.955848 0.121994 -0.267342 0.777453 0.593647 0.207727 0.740672 0.623648 0.249936 0.798344 0.52385 0.297032 0.29502 0.732588 0.613416 -0.246993 0.57113 0.782818 -0.999921 0.00790488 -0.00980292 -0.999916 0.00671646 -0.0111011 -0.673976 0.507247 0.537082 -0.72945 0.470466 0.496554 -0.727872 0.455748 0.512344 -0.662264 0.459016 0.592209 0.0547866 0.694033 0.717856 -0.0437862 0.694229 0.718421 0.727866 0.453255 0.514558 0.689874 0.460769 0.558361 0.684694 0.674314 0.276576 0.71726 0.65241 0.244745 0.96069 0.170737 -0.218914 0.960922 0.175458 -0.21411 0.687115 -0.284508 -0.668527 0.6537 -0.310838 -0.689968 0.693258 -0.484779 -0.533276 0.730593 -0.476345 -0.489213 0.0541953 -0.718754 -0.69315 -0.043432 -0.718936 -0.693718 -0.668182 -0.481836 -0.566891 -0.730219 -0.479038 -0.487138 -0.727568 -0.453212 -0.515018 -0.670469 -0.491415 -0.555862 -1 -5.86853e-07 -5.13431e-08 -0.707107 0.704416 0.0616286 -0.707107 0.704416 0.0616285 -1 -4.46973e-07 -3.10425e-07 -0.739225 0.494329 0.457367 -0.211899 0.718362 0.662612 -6.13613e-07 0.694657 0.719341 -0.533668 0.474458 0.700063 0.26511 0.564899 0.781413 0.533652 0.474445 0.700084 0.109824 -0.273446 -0.955597 3.00649e-06 -0.250842 -0.968028 -1.94403e-07 0.0871549 -0.996195 -0.0256124 0.0615809 -0.997773 -0.109825 -0.273441 -0.955599 0.0256133 0.0615836 -0.997773 0.287478 -0.579068 -0.762913 -0.202861 -0.741903 -0.639084 -1.11792e-06 -0.719346 -0.694652 0.54953 -0.492593 -0.674811 -0.742311 -0.515984 -0.427476 -0.549524 -0.492587 -0.67482 -0.707106 -0.704417 -0.0616266 -0.707106 -0.704417 -0.0616252 -0.999933 0.00740457 -0.00886811 -0.813336 0.401723 0.420836 -0.734148 0.467278 0.492623 -0.999923 0.00515879 -0.0113069 -0.813145 -0.385173 -0.436392 -0.73111 -0.453622 -0.509613 -0.288295 -0.754364 -0.589764 -0.793625 -0.549827 -0.26048 0.314065 -0.57763 -0.753463 -0.000568671 -0.0725089 -0.997368 -0.0857472 -0.212752 -0.973337 0.0869668 -0.211488 -0.973504 -0.299468 0.730907 0.613265 0.293415 0.56157 0.773658 -0.799808 0.525931 0.289317 -0.0249115 -0.517496 0.855323 -0.150056 -0.373659 0.915348 -0.727826 0.595167 0.340656 -0.801985 0.516032 0.300883 -1 -5.94008e-07 4.04659e-07 -1 1.67501e-06 -2.40232e-06 -0.198781 0.44922 -0.871027 -0.24203 0.560281 -0.792153 -0.00161303 0.628912 -0.777475 -0.000958902 0.614996 -0.78853 0.0121594 0.63379 -0.77341 -0.199179 0.429514 -0.880821 0.244152 0.558615 -0.792679 0.201081 0.446995 -0.871643 0.194644 0.434351 -0.879462 0.154797 -0.368561 0.916625 -0.801331 -0.519113 -0.297308 -0.728295 -0.591778 -0.345521 3.76446e-06 -0.250843 0.968028 -0.109834 -0.273433 0.9556 0.0256087 0.0615884 0.997773 3.6335e-06 0.0871566 0.996195 0.287482 -0.579069 0.762911 -0.202857 -0.741907 0.63908 1.80527e-07 -0.719336 0.694663 0.549524 -0.492584 0.674821 -0.742308 -0.515988 0.427475 -0.549519 -0.492582 0.674827 -0.707104 -0.704418 0.0616293 -1 -5.1932e-06 1.46698e-06 -1 -3.55501e-06 1.30711e-06 -0.707105 -0.704418 0.0616289 -0.707104 0.704419 -0.06163 -0.707105 0.704418 -0.0616291 -0.739224 0.494346 -0.457351 -0.211896 0.718372 -0.662602 1.20611e-06 0.694666 -0.719333 -0.533669 0.474463 -0.700059 0.265116 0.5649 -0.78141 0.533662 0.474451 -0.700072 0.109827 -0.273441 0.955598 -0.0256136 0.0615832 0.997773 -0.00404448 -0.220337 0.975415 -0.10865 -0.277269 0.954629 0.110413 -0.275586 0.954914 -0.29502 0.73259 -0.613413 0.24699 0.571131 -0.782819 -0.798346 0.523847 -0.297032 -0.999866 0.0102893 0.0127156 -0.809758 0.408396 -0.421313 -0.73472 0.470037 -0.489134 -0.999846 0.00728413 0.0159763 -0.809287 -0.385271 0.44342 -0.730433 -0.450764 0.513107 -0.283567 -0.755885 0.590109 -0.792637 -0.547603 0.268061 0.268384 -0.585685 0.764816 0.931035 0.229079 0.284073 0.670279 -0.229707 0.705663 0.599595 -0.286502 0.747263 0.927983 0.192891 0.318813 0.730219 -0.479037 0.487138 0.0434321 -0.718933 0.693721 -0.0541952 -0.718757 0.693146 0.668183 -0.481839 0.566888 -0.693256 -0.484773 0.533284 -0.730592 -0.476348 0.489211 -0.691893 -0.474436 0.544238 -0.999854 0.0108372 0.0132244 -0.999853 0.0105549 0.0135332 -0.727406 -0.449912 0.518132 -0.69472 0.497373 -0.519601 -0.730263 0.473152 -0.492792 -0.689873 0.460769 -0.558361 0.0437862 0.694228 -0.718422 -0.0547867 0.694035 -0.717853 -0.727866 0.453257 -0.514558 0.727871 0.455747 -0.512345 0.662264 0.459018 -0.592207 0.689217 0.710571 -0.141665 0.667305 0.726148 -0.165568 -2.12164e-06 0.415129 0.909763 -2.76386e-06 0.0871564 0.996195 0.0256099 0.0615871 0.997773 0.161731 0.388955 0.906949 0.742311 -0.515989 0.427469 0.549534 -0.492594 0.674806 4.84155e-07 -0.719352 0.694646 0.202858 -0.741907 0.63908 -0.549523 -0.492586 0.674821 -0.287474 -0.579068 0.762915 -0.109817 0.273453 -0.955596 0.0256131 -0.0615799 -0.997773 2.0955e-06 -0.0871549 -0.996195 -5.9812e-06 0.250843 -0.968028 -0.0256186 -0.0615786 -0.997773 0.109823 0.273444 -0.955598 -0.265116 0.564902 -0.781408 -0.533665 0.474457 -0.700066 1.09732e-06 0.69467 -0.719329 0.211897 0.718373 -0.662601 0.533671 0.474461 -0.700059 0.739227 0.494341 -0.457351 -0.161728 0.388959 0.906948 -0.0256075 0.0615889 0.997773 0.657814 -0.253735 0.709154 0.768889 -0.142859 0.623218 0.932116 0.232122 0.277993 0.923462 0.159281 0.349067 0.749102 0.651539 -0.119762 0.726382 0.671013 -0.148694 0.799805 0.525944 -0.289303 0.29947 0.730907 -0.613263 -0.293407 0.561561 -0.773668 0.0857553 0.212748 -0.973337 0.000560947 0.0725109 -0.997368 -0.0869649 0.211492 -0.973503 -0.314058 -0.577633 0.753464 0.288296 -0.754364 0.589763 0.793625 -0.549826 0.260481 0.0249047 0.517496 0.855324 0.150037 0.373679 0.915343 0.727825 -0.595167 0.340656 1 -1.92918e-07 -9.58098e-07 1 3.64492e-07 1.29788e-07 0.801985 -0.516033 0.300883 0.198775 -0.449224 -0.871026 0.000962387 -0.614995 -0.788531 0.00161804 -0.628911 -0.777476 0.242009 -0.560296 -0.792149 -0.0121661 -0.633789 -0.773411 0.199175 -0.429517 -0.88082 -0.201085 -0.446991 -0.871645 -0.244139 -0.558625 -0.792676 -0.194638 -0.434356 -0.879461 -0.154777 0.368582 0.91662 0.728295 0.591782 -0.345516 0.80133 0.519114 -0.297306 3.72165e-07 0.250841 0.968028 -3.51221e-06 -0.0871566 0.996195 -0.0256088 -0.0615883 0.997773 0.109826 0.273439 0.955599 -0.26512 0.564901 0.781408 -0.533661 0.47445 0.700074 -4.2628e-07 0.694658 0.71934 0.211895 0.718374 0.662601 0.533659 0.474451 0.700074 0.739226 0.49434 0.457355 -0.707105 -0.704418 -0.0616289 -0.707105 -0.704418 -0.0616289 -1 -1.41159e-06 -1.23499e-07 -1 -3.61477e-06 -3.16253e-07 -0.707105 0.704418 0.061629 -0.707103 0.70442 0.0616291 0.742308 -0.515998 -0.427463 0.549522 -0.492585 -0.674823 -1.22891e-06 -0.719332 -0.694666 0.202858 -0.741905 -0.639082 -0.549522 -0.492582 -0.674825 -0.287486 -0.579071 -0.762908 -0.109828 0.273438 0.955599 0.0256133 -0.0615835 0.997773 0.108631 0.277288 0.954626 0.00405126 0.220337 0.975415 -0.110404 0.275592 0.954914 -0.268378 -0.585681 -0.764821 0.28357 -0.755881 -0.590112 0.792637 -0.547609 -0.26805 0.679952 -0.302319 -0.668033 0.781176 -0.207019 -0.588988 0.961102 0.1737 -0.214736 0.955848 0.121993 -0.267345 0.777449 0.593657 0.207715 0.740671 0.623658 0.249914 0.798343 0.523854 0.297028 0.295019 0.732592 0.613411 -0.246994 0.571131 0.782818 -0.999921 0.00790425 -0.00980214 -0.999916 0.00671586 -0.0111002 -0.673974 0.507247 0.537084 -0.729449 0.470465 0.496554 -0.727872 0.455747 0.512345 -0.662262 0.459019 0.592208 0.0547868 0.694035 0.717854 -0.0437863 0.694228 0.718423 0.727866 0.453258 0.514556 0.689873 0.460768 0.558362 0.684693 0.674319 0.276568 0.717259 0.652413 0.24474 0.96069 0.170736 -0.218914 0.960921 0.17546 -0.214113 0.687116 -0.284513 -0.668524 0.653701 -0.31084 -0.689966 0.693257 -0.484778 -0.533277 0.730592 -0.476345 -0.489214 0.0541956 -0.718753 -0.69315 -0.0434321 -0.718934 -0.69372 -0.66818 -0.481833 -0.566898 -0.730219 -0.479037 -0.487139 -0.727568 -0.453213 -0.515018 -0.670467 -0.491417 -0.555862 -1 -5.86853e-07 -5.13431e-08 -0.707107 0.704416 0.0616285 -0.707107 0.704416 0.0616285 -1 -4.46973e-07 -3.10422e-07 -0.739227 0.494339 0.457353 -0.211894 0.718375 0.6626 -6.13613e-07 0.694658 0.71934 -0.533661 0.47445 0.700074 0.265116 0.564903 0.781408 0.533658 0.474452 0.700075 0.109832 -0.273438 -0.955598 -1.36279e-06 -0.250842 -0.968028 -2.41737e-07 0.0871549 -0.996195 -0.0256047 0.0615886 -0.997773 -0.109826 -0.273439 -0.955599 0.0256056 0.0615913 -0.997773 0.287481 -0.57907 -0.762911 -0.20286 -0.741904 -0.639082 -1.11791e-06 -0.719341 -0.694657 0.549524 -0.492586 -0.67482 -0.742312 -0.515993 -0.427464 -0.549526 -0.492589 -0.674816 -0.707106 -0.704417 -0.0616266 -0.707106 -0.704417 -0.0616252 -0.999933 0.00741492 -0.0088805 -0.813336 0.401742 0.420818 -0.734151 0.467291 0.492607 -0.999923 0.00516525 -0.0113211 -0.813145 -0.385162 -0.436402 -0.731108 -0.453613 -0.509624 -0.288294 -0.754365 -0.589762 -0.793622 -0.549838 -0.260466 0.314073 -0.577637 -0.753455 -0.00058444 -0.0725089 -0.997368 -0.0857375 -0.212762 -0.973335 0.0869732 -0.211481 -0.973505 -0.299464 0.730915 0.613257 0.293409 0.561566 0.773663 -0.799804 0.525946 0.289299 -0.0249047 -0.517493 0.855325 -0.150056 -0.373656 0.915349 -0.727825 0.595167 0.340656 -0.801985 0.516032 0.300883 -1 -5.94009e-07 4.04659e-07 -1 2.63278e-07 -6.51685e-07 -0.198777 0.449222 -0.871027 -0.24202 0.560291 -0.792149 -0.00161566 0.628913 -0.777474 -0.000960817 0.614995 -0.788531 0.0121278 0.63379 -0.77341 -0.199158 0.429537 -0.880815 0.244145 0.55862 -0.792677 0.201082 0.446993 -0.871644 0.194639 0.434356 -0.87946 0.154795 -0.36856 0.916625 -0.80133 -0.519114 -0.297306 -0.728294 -0.591782 -0.345516 -8.2065e-07 -0.250841 0.968028 -0.109826 -0.273439 0.955599 0.0256086 0.0615886 0.997773 3.53888e-06 0.0871566 0.996195 0.287484 -0.579069 0.76291 -0.202857 -0.741908 0.639078 1.63076e-07 -0.719339 0.694659 0.549525 -0.492584 0.674821 -0.74231 -0.515994 0.427464 -0.549524 -0.492586 0.67482 -0.707105 -0.704418 0.0616289 -1 -3.2516e-06 1.29711e-06 -1 -1.34556e-06 1.1138e-06 -0.707105 -0.704418 0.0616271 -0.707103 0.704419 -0.0616308 -0.707105 0.704418 -0.0616304 -0.739225 0.494354 -0.457341 -0.211895 0.718373 -0.662601 1.26871e-06 0.694665 -0.719333 -0.533656 0.474448 -0.700079 0.265116 0.564899 -0.781411 0.533657 0.474446 -0.700079 0.109828 -0.273438 0.955599 -0.0256138 0.061583 0.997773 -0.00404823 -0.220336 0.975416 -0.108631 -0.277288 0.954626 0.110403 -0.275592 0.954914 -0.29502 0.732591 -0.613412 0.247009 0.571141 -0.782806 -0.798344 0.523859 -0.297018 -0.999866 0.0103003 0.0127274 -0.809758 0.40842 -0.42129 -0.734724 0.470053 -0.489113 -0.999846 0.00729303 0.0159913 -0.809286 -0.385248 0.443441 -0.730429 -0.450741 0.513133 -0.283569 -0.755882 0.590112 -0.792635 -0.54761 0.268052 0.268386 -0.585687 0.764814 0.931034 0.22908 0.284075 0.67028 -0.22971 0.705662 0.599592 -0.286501 0.747266 0.927983 0.19289 0.318813 0.730219 -0.479036 0.487139 0.0434323 -0.718934 0.69372 -0.0541952 -0.718753 0.69315 0.668181 -0.481839 0.566891 -0.693258 -0.484778 0.533277 -0.730593 -0.476344 0.489215 -0.691894 -0.474436 0.544237 -0.999854 0.0108381 0.013224 -0.999853 0.0105556 0.0135327 -0.727407 -0.449911 0.518131 -0.69472 0.497373 -0.5196 -0.730263 0.473152 -0.492791 -0.689873 0.460769 -0.558361 0.0437862 0.694227 -0.718423 -0.0547872 0.694036 -0.717852 -0.727866 0.453257 -0.514557 0.727871 0.455746 -0.512347 0.662264 0.45902 -0.592205 0.689215 0.710575 -0.141658 0.667306 0.726147 -0.165573 -1 1.95197e-07 2.42813e-07 -1 4.7053e-07 -4.11662e-08 -0.707107 0.704416 -0.0616282 -0.707106 0.704417 -0.0616279 0.742311 -0.51599 0.427468 0.54953 -0.49259 0.674813 3.87094e-07 -0.719337 0.694661 0.202857 -0.741908 0.639079 -0.549523 -0.492586 0.674821 -0.287477 -0.579069 0.762912 -0.109826 0.273444 -0.955598 0.0256063 -0.0615884 -0.997773 7.42793e-06 -0.0871565 -0.996195 -2.08437e-06 0.250842 -0.968028 -0.0256083 -0.0615905 -0.997773 0.109825 0.273442 -0.955598 -0.265112 0.564898 -0.781412 -0.53366 0.474452 -0.700074 1.00545e-06 0.694663 -0.719336 0.211897 0.718374 -0.6626 0.533667 0.474457 -0.700064 0.739227 0.494342 -0.457351 -0.707106 -0.704416 0.0616288 -0.707107 -0.704416 0.0616289 0.657806 -0.253721 0.709166 0.768881 -0.142834 0.623234 0.932114 0.232125 0.277995 0.923464 0.159279 0.349063 0.749109 0.651527 -0.119782 0.726387 0.671001 -0.148724 0.799804 0.525943 -0.289304 0.299467 0.730911 -0.613261 -0.293414 0.561565 -0.773662 0.0857464 0.212757 -0.973336 0.000565411 0.0725102 -0.997368 -0.0869715 0.211484 -0.973504 -0.314061 -0.577635 0.753461 0.288291 -0.754372 0.589755 0.793623 -0.549834 0.260472 0.0249085 0.517494 0.855324 0.150055 0.373656 0.915349 -0.206517 -0.455903 -0.865739 -0.00138579 -0.627731 -0.778429 -0.00244754 -0.640934 -0.767592 -0.24667 -0.568777 -0.784632 0.198772 -0.449226 -0.871026 0.000956145 -0.614995 -0.788531 0.00161015 -0.628913 -0.777474 0.242031 -0.560281 -0.792153 -0.0121558 -0.633789 -0.77341 0.199165 -0.429529 -0.880817 -0.201069 -0.447006 -0.871641 -0.244149 -0.558617 -0.792678 -0.194641 -0.434353 -0.879461 -0.154797 0.36856 0.916625 0.209936 -0.452561 -0.866669 0.249784 -0.566354 -0.785399 1.26803e-07 0.250841 0.968028 -3.2968e-06 -0.0871566 0.996195 -0.0256008 -0.0615963 0.997773 0.109834 0.273432 0.9556 -0.265121 0.564902 0.781407 -0.533659 0.474448 0.700077 -4.40909e-07 0.694656 0.719342 0.211894 0.718377 0.662598 0.533657 0.47445 0.700077 0.739226 0.494344 0.45735 -0.707105 -0.704418 -0.0616264 -0.707105 -0.704418 -0.0616235 -1 -1.96395e-06 -1.71825e-07 -1 -4.10797e-06 -3.59413e-07 -0.707105 0.704418 0.0616307 -0.707104 0.704418 0.0616308 0.742308 -0.515992 -0.427471 0.549525 -0.492589 -0.674817 -1.42492e-06 -0.719334 -0.694664 0.202859 -0.741903 -0.639084 -0.549523 -0.492583 -0.674823 -0.287483 -0.579069 -0.76291 -0.109836 0.273431 0.9556 0.0256051 -0.0615918 0.997773 0.10864 0.277279 0.954628 0.0040494 0.220336 0.975416 -0.110412 0.275584 0.954915 -0.268387 -0.585687 -0.764813 0.283569 -0.755882 -0.590111 0.792639 -0.547602 -0.268058 0.679958 -0.302333 -0.66802 0.781183 -0.207043 -0.588971 0.961103 0.173697 -0.214733 0.955848 0.121993 -0.267344 0.77745 0.593654 0.207719 0.740672 0.623655 0.24992 0.798342 0.523859 0.297022 0.295017 0.732596 0.613407 -0.246997 0.571133 0.782815 -0.999921 0.00790437 -0.00980273 -0.999916 0.00671653 -0.0111012 -0.673975 0.507247 0.537083 -0.729449 0.470465 0.496555 -0.727872 0.455747 0.512345 -0.662263 0.459017 0.592209 0.0547867 0.694033 0.717856 -0.0437865 0.694227 0.718423 0.727866 0.453255 0.514558 0.689874 0.460766 0.558363 0.684694 0.674318 0.276568 0.71726 0.65241 0.244744 0.960691 0.170735 -0.218912 0.960921 0.175461 -0.214114 0.687115 -0.284511 -0.668525 0.653701 -0.310838 -0.689967 0.693258 -0.484778 -0.533277 0.730593 -0.476345 -0.489213 0.0541954 -0.718755 -0.693148 -0.0434324 -0.718935 -0.693719 -0.668182 -0.481839 -0.56689 -0.730219 -0.479037 -0.487139 -0.727568 -0.453213 -0.515018 -0.670468 -0.491415 -0.555863 -1 -3.30885e-07 -2.89483e-08 -0.707107 0.704416 0.0616303 -0.707107 0.704416 0.0616288 -1 4.40151e-08 -2.67472e-07 -0.739226 0.494339 0.457355 -0.211891 0.718384 0.662591 -5.08415e-07 0.694662 0.719336 -0.533656 0.474445 0.700081 0.265119 0.564904 0.781406 0.53366 0.474454 0.700072 0.109831 -0.273438 -0.955598 1.88378e-06 -0.250841 -0.968028 1.29443e-06 0.0871565 -0.996195 -0.0256091 0.0615858 -0.997773 -0.109827 -0.273437 -0.955599 0.0256075 0.061591 -0.997773 0.287478 -0.579067 -0.762914 -0.20286 -0.741905 -0.639081 -1.11701e-06 -0.719339 -0.69466 0.549525 -0.492587 -0.674819 -0.742311 -0.515989 -0.427469 -0.549524 -0.492585 -0.674821 -0.707106 -0.704417 -0.0616274 -0.707106 -0.704417 -0.0616279 -0.999933 0.00740472 -0.00886883 -0.813336 0.401732 0.420828 -0.734149 0.467284 0.492617 -0.999923 0.00515838 -0.0113055 -0.813144 -0.385178 -0.436388 -0.731111 -0.453627 -0.509607 -0.288293 -0.754369 -0.589759 -0.793623 -0.549833 -0.260474 0.31407 -0.577634 -0.753458 -0.000572592 -0.0725076 -0.997368 -0.0857421 -0.212756 -0.973336 0.0869719 -0.211481 -0.973505 -0.299459 0.730924 0.613249 0.29341 0.561566 0.773663 -0.799804 0.525949 0.289296 -0.0248974 -0.517494 0.855324 -0.150047 -0.373667 0.915347 -0.727825 0.595168 0.340655 -0.801984 0.516037 0.300878 -1 6.04817e-07 -1.56785e-06 -1 1.57322e-06 -2.72111e-06 -0.198774 0.449225 -0.871026 -0.242007 0.560301 -0.792146 -0.0016192 0.628913 -0.777474 -0.000962716 0.614995 -0.788531 0.0121513 0.633791 -0.773409 -0.199171 0.429524 -0.880818 0.244137 0.558627 -0.792675 0.201086 0.446989 -0.871645 0.194644 0.434352 -0.879461 0.154785 -0.368572 0.916622 -0.80133 -0.519113 -0.297307 -0.728295 -0.591779 -0.34552 2.18286e-07 1.08751e-07 1 2.89039e-07 -5.68628e-15 1 7.10543e-15 0.707107 0.707106 -0.215771 0.634216 0.742437 -0.215775 -0.742438 -0.634214 0 -0.707107 -0.707106 3.9443e-31 -1 -6.12323e-17 9.98028e-07 -1 -3.53955e-07 -3.55271e-15 -0.707109 0.707105 0.215787 -0.74244 0.634207 0.215773 0.634217 -0.742436 3.55271e-15 0.707109 -0.707105 0 1.27323e-06 -1 9.73128e-06 1.43982e-08 -1 -1.77636e-15 -0.707109 -0.707105 -0.215778 -0.634217 -0.742434 0.21579 -0.742442 -0.634204 0 -0.707109 -0.707105 -1.35525e-20 -1 1.80716e-06 3.39716e-07 -1 1.73109e-06 5.45961e-07 -0.707107 0.707106 -0.215787 -0.742439 0.634209 0.21578 -0.634212 0.742438 9.54725e-07 -0.707107 0.707106 -0.251617 0.603721 0.756446 1.50336e-06 6.8863e-07 1 0.251633 -0.603713 0.756447 -0.251643 -0.756445 0.603711 -1.61882e-06 -1 8.65919e-08 0.251638 -0.756442 -0.603717 -0.251638 -0.603708 -0.756449 8.84989e-06 -7.88953e-06 -1 0.25163 0.603715 -0.756446 0.251642 -0.756446 0.60371 1.33676e-06 -1 -5.73716e-07 -0.251627 -0.756444 -0.603719 0.251617 0.603722 0.756445 -1.49778e-06 7.07936e-07 1 -1.33226e-06 -1 -5.71782e-07 0.251626 -0.756443 -0.60372 -0.251642 -0.756446 0.603711 -8.81847e-06 -7.88688e-06 -1 -0.251629 0.603716 -0.756446 0.251638 -0.603708 -0.756449 1.61432e-06 -1 8.85259e-08 -0.251638 -0.756442 -0.603717 0.251642 -0.756445 0.603711 -0.251633 -0.603713 0.756446 -2.0227e-07 1.28139e-07 1 0.215771 0.634216 0.742437 0 0.707107 0.707106 -2.70062e-07 6.16079e-08 1 0.215774 -0.742438 -0.634214 -1.00604e-06 -1 -3.4426e-07 0 -1 -6.12323e-17 -3.55271e-15 -0.707107 -0.707106 -0.215786 -0.74244 0.634207 -3.55271e-15 -0.707109 0.707105 -0.215772 0.634217 -0.742436 -9.69034e-06 2.26601e-08 -1 -5.0822e-21 1.27323e-06 -1 -3.55271e-15 0.707109 -0.707105 0.215777 -0.634218 -0.742434 -1.77636e-15 -0.707109 -0.707105 -0.215789 -0.742442 -0.634204 -3.31639e-07 -1 1.73449e-06 0 -1 1.8277e-06 1.77636e-15 -0.707109 -0.707105 0.215787 -0.742439 0.634209 -5.48379e-07 -0.707107 0.707106 -0.215779 -0.634213 0.742437 -8.92043e-07 -0.707107 0.707106 -1 4.57977e-07 1.29133e-06 -1 0 0 -0.707106 0.707107 -1.65436e-24 -0.742438 0.634212 -0.215781 0.63421 -0.742439 -0.215782 0.707106 -0.707107 1.65436e-24 0 -1 0 -1.01131e-07 -1 -2.85153e-07 -0.707105 -0.707109 -1.65436e-24 -0.634211 -0.74244 0.215777 -0.742435 -0.634222 -0.215761 -0.707105 -0.707109 -1.65436e-24 -1 -1.39645e-06 6.31089e-30 -1 -7.4835e-07 -7.90918e-06 -0.707104 0.707109 -1.65436e-24 -0.742434 0.634218 0.215778 0.634208 -0.742442 0.215778 0.707104 -0.707109 -1.65436e-24 -2.15627e-06 -1 2.40741e-35 -1.34178e-06 -1 -1.60619e-06 -0.707106 -0.707107 1.65436e-24 -0.634209 -0.742439 -0.215785 -0.742438 -0.63421 0.215786 -0.707106 -0.707107 1.65436e-24 -0.756447 0.603713 -0.251633 -1 -2.50789e-07 -4.32622e-07 -0.756447 -0.60371 0.251638 -0.603713 -0.756445 -0.251639 -3.85947e-07 -1 -1.27533e-06 0.603722 -0.756441 0.251628 -0.756449 0.603707 0.251638 -1 7.8711e-06 -8.85751e-06 -0.756445 -0.60372 -0.251619 -0.603719 -0.756445 0.251626 -3.03274e-07 -1 -7.06631e-07 0.603716 -0.756444 -0.251634 -0.756446 0.603717 0.251625 -1 2.27846e-08 -5.3352e-07 -3.05206e-07 -1 7.11132e-07 0.603716 -0.756444 0.251633 -0.603719 -0.756444 -0.251625 -1 7.72561e-06 7.25426e-06 -0.756445 -0.603721 0.251619 -0.756449 0.603708 -0.251639 -1.75983e-07 -1 1.18297e-06 0.603723 -0.756441 -0.251627 -0.603713 -0.756445 0.251639 -0.756447 -0.60371 -0.251638 -1 2.85775e-07 -1.17687e-06 -0.742437 0.634214 0.215776 -0.707107 0.707107 5.61133e-07 -1 -8.21438e-08 0 0.634211 -0.742439 0.215782 6.59478e-08 -1 3.44169e-07 3.08039e-07 -1 -8.94296e-14 0.707107 -0.707107 -9.58952e-07 -0.634211 -0.74244 -0.215776 -0.707105 -0.707109 1.65436e-24 -0.742435 -0.634222 0.215761 -1 -1.34751e-06 6.94426e-06 -1 -1.39645e-06 6.31089e-30 -0.707105 -0.707109 -1.65436e-24 -0.742434 0.634217 -0.215778 -0.707105 0.707109 3.30872e-24 0.634209 -0.742441 -0.215778 -8.83651e-07 -1 1.44895e-06 -1.58127e-06 -1 0 0.707105 -0.707109 -1.65436e-24 -0.63421 -0.742439 0.215784 -0.707106 -0.707107 1.65436e-24 -0.742438 -0.63421 -0.215785 -0.707106 -0.707107 1.65436e-24 -1 -2.03216e-07 -7.14362e-07 -1 2.0536e-08 0 -0.707107 0.707107 3.55271e-15 -0.742438 0.634212 -0.215779 0.63421 -0.742439 -0.215784 0.707107 -0.707107 -3.55271e-15 6.16079e-08 -1 4.23516e-22 -1.74741e-07 -1 -6.69413e-07 -0.707105 -0.707108 0 -0.634219 -0.742438 0.21576 -0.742438 -0.634209 -0.21579 -0.707105 -0.707108 0 -1 -2.11521e-06 3.38813e-21 -1 3.39073e-07 -1.29898e-05 -0.707105 0.707108 0 -0.742435 0.634214 0.215783 0.634209 -0.742441 0.21578 0.707105 -0.707108 0 -2.07413e-06 -1 0 -1.31447e-06 -1 -1.48882e-06 -0.707107 -0.707107 -1.77636e-15 -0.634206 -0.742439 -0.215793 -0.742438 -0.634213 0.215777 -0.707107 -0.707107 0 -0.756445 0.603717 -0.251629 -1 2.57028e-07 4.4716e-07 -0.756445 -0.603717 0.251628 -0.603704 -0.756447 -0.251652 2.52952e-07 -1 -2.68809e-06 0.603719 -0.756443 0.25163 -0.756448 0.603706 0.251644 -1 8.06351e-06 -1.01908e-05 -0.756446 -0.603709 -0.251643 -0.603731 -0.756444 0.251599 -1.80518e-06 -1 -4.3072e-06 0.603713 -0.756446 -0.251637 -0.756444 0.603721 0.25162 -1 6.25744e-07 -1.35684e-06 -1.81531e-06 -1 4.30553e-06 0.603713 -0.756446 0.251636 -0.603731 -0.756443 -0.251599 -1 8.01192e-06 9.99477e-06 -0.756446 -0.60371 0.251643 -0.756448 0.603706 -0.251644 2.32675e-07 -1 2.69143e-06 0.60372 -0.756443 -0.251629 -0.603705 -0.756447 0.251651 -0.756445 -0.603714 -0.251634 -1 1.57452e-07 -3.20265e-07 -0.742437 0.634215 0.215773 -0.707107 0.707107 0 -1 8.21438e-08 -1.05879e-22 0.63421 -0.742438 0.215784 -1.61435e-07 -1 6.67238e-07 1.0268e-07 -1 -1.69407e-21 0.707107 -0.707107 0 -0.634219 -0.742438 -0.215759 -0.707105 -0.707108 0 -0.742437 -0.634209 0.21579 -1 3.54947e-07 1.29639e-05 -1 -2.17681e-06 -6.77626e-21 -0.707105 -0.707108 0 -0.742435 0.634214 -0.215783 -0.707105 0.707108 0 0.634209 -0.742441 -0.215779 -1.33602e-06 -1 1.49872e-06 -2.09467e-06 -1 1.35525e-20 0.707105 -0.707108 0 -0.634207 -0.742439 0.215792 -0.707107 -0.707107 0 -0.742438 -0.634211 -0.215782 -0.707107 -0.707107 0 </float_array>
          <technique_common>
            <accessor count="5333" offset="0" source="#meshId0-bitangents-array" stride="3">
              <param name="X" type="float" />
              <param name="Y" type="float" />
              <param name="Z" type="float" />
            </accessor>
          </technique_common>
        </source>
        <source id="meshId0-tex0" name="meshId0-tex0">
          <float_array id="meshId0-tex0-array" count="10666"> 0.0292218 0.0952189 0.0372447 0.0952189 0.0372447 0.10106 0.0292218 0.10106 0.0292218 0.090943 0.0372447 0.090943 0.0292218 0.339507 0.0372447 0.339507 0.0372447 0.345348 0.0292218 0.345348 0.0292218 0.333666 0.0372447 0.333666 0.0292218 0.0640672 0.0372447 0.0640672 0.0372447 0.0683431 0.0292218 0.0683431 0.0292218 0.0582263 0.0372447 0.0582263 0.0292218 0.0523853 0.0372447 0.0523853 0.0292218 0.0481094 0.0372447 0.0481094 0.0292218 0.236012 0.0372447 0.236012 0.0372447 0.241853 0.0292218 0.241853 0.0292218 0.230171 0.0372447 0.230171 0.0292218 0.225895 0.0372447 0.225895 0.0372447 0.106901 0.0292218 0.106901 0.128 0.760316 0.131072 0.761082 0.12814 0.766371 0.125863 0.764172 0.127923 0.755909 0.130967 0.755036 0.125652 0.752131 0.127852 0.749853 0.121797 0.749994 0.122563 0.746921 0.11739 0.750071 0.116517 0.747027 0.113612 0.752341 0.111334 0.750141 0.111475 0.756196 0.108402 0.75543 0.111552 0.760603 0.108508 0.761476 0.113822 0.764382 0.111622 0.76666 0.117677 0.766519 0.116911 0.769591 0.122084 0.766442 0.122957 0.769486 0.229487 0.811654 0.230359 0.80861 0.235543 0.811725 0.233265 0.813924 0.238474 0.817014 0.235402 0.81778 0.238369 0.82306 0.235325 0.822187 0.235254 0.828243 0.233055 0.825965 0.229966 0.831175 0.2292 0.828102 0.22392 0.831069 0.224792 0.828025 0.218736 0.827955 0.221014 0.825755 0.215805 0.822666 0.218877 0.8219 0.21591 0.81662 0.218954 0.817493 0.219025 0.811436 0.221224 0.813714 0.224313 0.808505 0.225079 0.811577 0.313652 0.491814 0.302792 0.491814 0.302792 0.487556 0.313652 0.487556 0.302792 0.483299 0.313652 0.483299 0.313652 0.315342 0.302792 0.315342 0.302792 0.312225 0.313652 0.312225 0.302792 0.307968 0.313652 0.307968 0.302792 0.30371 0.313652 0.30371 0.302792 0.300593 0.313652 0.300593 0.313652 0.533557 0.302792 0.533557 0.302792 0.5293 0.313652 0.5293 0.302792 0.525042 0.313652 0.525042 0.313652 0.390258 0.302792 0.390258 0.302792 0.387141 0.313652 0.387141 0.302792 0.382883 0.313652 0.382883 0.302792 0.378625 0.313652 0.378625 0.313652 0.494931 0.302792 0.494931 0.755204 0.0952189 0.755204 0.10106 0.001 0.10106 0.001 0.0952189 0.755204 0.090943 0.001 0.090943 0.755204 0.339507 0.755204 0.345348 0.001 0.345348 0.001 0.339507 0.755204 0.333666 0.001 0.333666 0.755204 0.0640672 0.755204 0.0683431 0.418676 0.728944 0.418676 0.700723 0.424723 0.700723 0.424723 0.728944 0.755204 0.0582263 0.001 0.0640672 0.001 0.0582263 0.755204 0.0523853 0.001 0.0523853 0.755204 0.0481094 0.001 0.0481094 0.755204 0.236012 0.755204 0.241853 0.001 0.241853 0.001 0.236012 0.755204 0.230171 0.001 0.230171 0.755204 0.225895 0.001 0.225895 0.755204 0.106901 0.001 0.106901 0.001 0.491814 0.001 0.487556 0.755204 0.487556 0.755204 0.491814 0.001 0.483299 0.755204 0.483299 0.001 0.315342 0.001 0.312225 0.755204 0.312225 0.755204 0.315342 0.001 0.307968 0.755204 0.307968 0.001 0.30371 0.755204 0.30371 0.001 0.300593 0.755204 0.300593 0.001 0.533557 0.001 0.5293 0.755204 0.5293 0.755204 0.533557 0.001 0.525042 0.755204 0.525042 0.001 0.390258 0.001 0.387141 0.755204 0.387141 0.755204 0.390258 0.001 0.382883 0.755204 0.382883 0.001 0.378625 0.755204 0.378625 0.001 0.494931 0.755204 0.494931 0.0292218 0.114498 0.0372447 0.114498 0.0372447 0.120339 0.0292218 0.120339 0.0292218 0.110222 0.0372447 0.110222 0.0292218 0.35451 0.0372447 0.35451 0.0372447 0.360351 0.0292218 0.360351 0.0292218 0.348669 0.0372447 0.348669 0.0292218 0.0405125 0.0372447 0.0405125 0.0372447 0.0447884 0.0292218 0.0447884 0.0292218 0.0346716 0.0372447 0.0346716 0.0292218 0.0288306 0.0372447 0.0288306 0.0292218 0.0245547 0.0372447 0.0245547 0.0292218 0.255291 0.0372447 0.255291 0.0372447 0.261132 0.0292218 0.261132 0.0292218 0.24945 0.0372447 0.24945 0.0292218 0.245174 0.0372447 0.245174 0.0372447 0.12618 0.0292218 0.12618 0.00414938 0.712068 0.00110554 0.712941 0.001 0.706895 0.00407245 0.707661 0.00641961 0.715847 0.00421997 0.718124 0.0102748 0.717984 0.0095088 0.721056 0.0146821 0.717907 0.0155549 0.72095 0.0184604 0.715636 0.0207382 0.717836 0.0205974 0.711781 0.0236698 0.712547 0.0205204 0.707374 0.0235643 0.706501 0.0182502 0.703596 0.0204499 0.701318 0.014395 0.701459 0.015161 0.698386 0.00998775 0.701536 0.00911495 0.698492 0.00620945 0.703806 0.00393165 0.701606 0.989433 0.56211 0.992506 0.562876 0.989574 0.568165 0.987296 0.565965 0.984391 0.571279 0.983518 0.568235 0.978345 0.571385 0.979111 0.568312 0.973056 0.568453 0.975255 0.566175 0.969941 0.56327 0.972985 0.562397 0.969836 0.557224 0.972908 0.55799 0.972768 0.551935 0.975045 0.554134 0.977951 0.54882 0.978824 0.551864 0.983997 0.548715 0.983231 0.551787 0.989286 0.551646 0.987086 0.553924 0.9924 0.55683 0.989356 0.557703 0.313652 0.294155 0.302792 0.294155 0.302792 0.289897 0.313652 0.289897 0.302792 0.28564 0.313652 0.28564 0.302792 0.282523 0.313652 0.282523 0.313652 0.450071 0.302792 0.450071 0.302792 0.445813 0.313652 0.445813 0.302792 0.441556 0.313652 0.441556 0.302792 0.438439 0.313652 0.438439 0.313652 0.521721 0.302792 0.521721 0.302792 0.517463 0.313652 0.517463 0.302792 0.513205 0.313652 0.513205 0.313652 0.375304 0.302792 0.375304 0.302792 0.372187 0.313652 0.372187 0.302792 0.36793 0.313652 0.36793 0.302792 0.363672 0.313652 0.363672 0.313652 0.297272 0.302792 0.297272 0.755204 0.114498 0.755204 0.120339 0.001 0.120339 0.001 0.114498 0.755204 0.110222 0.001 0.110222 0.755204 0.35451 0.755204 0.360351 0.001 0.360351 0.001 0.35451 0.755204 0.348669 0.001 0.348669 0.755204 0.0405125 0.755204 0.0447884 0.001 0.0447884 0.001 0.0405125 0.755204 0.0346716 0.001 0.0346716 0.755204 0.0288306 0.001 0.0288306 0.755204 0.0245547 0.001 0.0245547 0.755204 0.255291 0.755204 0.261132 0.001 0.261132 0.001 0.255291 0.755204 0.24945 0.001 0.24945 0.755204 0.245174 0.001 0.245174 0.755204 0.12618 0.001 0.12618 0.001 0.294155 0.001 0.289897 0.755204 0.289897 0.755204 0.294155 0.001 0.28564 0.755204 0.28564 0.001 0.282523 0.755204 0.282523 0.001 0.450071 0.001 0.445813 0.755204 0.445813 0.755204 0.450071 0.001 0.441556 0.755204 0.441556 0.001 0.438439 0.755204 0.438439 0.001 0.521721 0.001 0.517463 0.755204 0.517463 0.755204 0.521721 0.001 0.513205 0.755204 0.513205 0.001 0.375304 0.001 0.372187 0.755204 0.372187 0.755204 0.375304 0.001 0.36793 0.755204 0.36793 0.001 0.363672 0.755204 0.363672 0.001 0.297272 0.755204 0.297272 0.0292218 0.0759401 0.0372447 0.0759401 0.0372447 0.081781 0.0292218 0.081781 0.0292218 0.0716642 0.0372447 0.0716642 0.0292218 0.158896 0.0372447 0.158896 0.0372447 0.164737 0.0292218 0.164737 0.0292218 0.153055 0.0372447 0.153055 0.0292218 0.14878 0.0372447 0.14878 0.0292218 0.197454 0.0372447 0.197454 0.0372447 0.203295 0.0292218 0.203295 0.0292218 0.191613 0.0372447 0.191613 0.0292218 0.187337 0.0372447 0.187337 0.0292218 0.139618 0.0372447 0.139618 0.0372447 0.145459 0.0292218 0.145459 0.0292218 0.133777 0.0372447 0.133777 0.0292218 0.129501 0.0372447 0.129501 0.0372447 0.087622 0.0292218 0.087622 0.244945 0.796196 0.241901 0.797069 0.241795 0.791023 0.244868 0.791789 0.247215 0.799974 0.245015 0.802252 0.25107 0.802111 0.250304 0.805184 0.255477 0.802034 0.25635 0.805078 0.259256 0.799764 0.261534 0.801964 0.261393 0.795909 0.264465 0.796675 0.261316 0.791502 0.26436 0.790629 0.259046 0.787723 0.261245 0.785446 0.25519 0.785586 0.255956 0.782514 0.250783 0.785663 0.24991 0.782619 0.247005 0.787934 0.244727 0.785734 0.2292 0.785586 0.229966 0.782514 0.235254 0.785446 0.233055 0.787723 0.238369 0.790629 0.235325 0.791502 0.238474 0.796675 0.235402 0.795909 0.235543 0.801964 0.233265 0.799764 0.230359 0.805078 0.229487 0.802034 0.224313 0.805184 0.225079 0.802111 0.219025 0.802252 0.221224 0.799974 0.21591 0.797069 0.218954 0.796196 0.215805 0.791023 0.218877 0.791789 0.218736 0.785734 0.221014 0.787934 0.22392 0.782619 0.224792 0.785663 0.313652 0.405211 0.302792 0.405211 0.302792 0.400953 0.313652 0.400953 0.302792 0.396696 0.313652 0.396696 0.302792 0.393579 0.313652 0.393579 0.313652 0.479978 0.302792 0.479978 0.302792 0.47572 0.313652 0.47572 0.302792 0.471462 0.313652 0.471462 0.302792 0.468345 0.313652 0.468345 0.313652 0.545394 0.302792 0.545394 0.302792 0.541136 0.313652 0.541136 0.302792 0.536878 0.313652 0.536878 0.656274 0.593799 0.645414 0.593799 0.645414 0.589391 0.656274 0.589391 0.313652 0.276085 0.302792 0.276085 0.302792 0.271827 0.313652 0.271827 0.302792 0.267569 0.313652 0.267569 0.302792 0.264453 0.313652 0.264453 0.755204 0.0759401 0.755204 0.081781 0.001 0.081781 0.001 0.0759401 0.755204 0.0716642 0.001 0.0716642 0.755204 0.158896 0.755204 0.164737 0.001 0.164737 0.001 0.158896 0.755204 0.153055 0.001 0.153055 0.755204 0.14878 0.001 0.14878 0.755204 0.197454 0.755204 0.203295 0.001 0.203295 0.001 0.197454 0.755204 0.191613 0.001 0.191613 0.755204 0.187337 0.001 0.187337 0.755204 0.139618 0.755204 0.145459 0.001 0.145459 0.001 0.139618 0.755204 0.133777 0.001 0.133777 0.755204 0.129501 0.001 0.129501 0.755204 0.087622 0.001 0.087622 0.001 0.405211 0.001 0.400953 0.755204 0.400953 0.755204 0.405211 0.001 0.396696 0.755204 0.396696 0.001 0.393579 0.755204 0.393579 0.001 0.479978 0.001 0.47572 0.755204 0.47572 0.755204 0.479978 0.001 0.471462 0.755204 0.471462 0.001 0.468345 0.755204 0.468345 0.001 0.545394 0.001 0.541136 0.755204 0.541136 0.755204 0.545394 0.001 0.536878 0.755204 0.536878 0.302792 0.279202 0.001 0.279202 0.001 0.276085 0.755204 0.276085 0.755204 0.279202 0.313652 0.279202 0.001 0.271827 0.755204 0.271827 0.001 0.267569 0.755204 0.267569 0.001 0.264453 0.755204 0.264453 0.0292218 0.318663 0.0372447 0.318663 0.0372447 0.324504 0.0292218 0.324504 0.0292218 0.0169578 0.0372447 0.0169578 0.0372447 0.0212337 0.0292218 0.0212337 0.0292218 0.0111168 0.0372447 0.0111168 0.0292218 0.00527588 0.0372447 0.00527588 0.0292218 0.001 0.0372447 0.001 0.0292218 0.216733 0.0372447 0.216733 0.0372447 0.222574 0.0292218 0.222574 0.0292218 0.210892 0.0372447 0.210892 0.0292218 0.206616 0.0372447 0.206616 0.0292218 0.178175 0.0372447 0.178175 0.0372447 0.184016 0.0292218 0.184016 0.0292218 0.172334 0.0372447 0.172334 0.0292218 0.168058 0.0372447 0.168058 0.0372447 0.330345 0.0292218 0.330345 0.326279 0.899132 0.323207 0.898366 0.326138 0.893077 0.328416 0.895277 0.326356 0.903539 0.323312 0.904412 0.328626 0.907318 0.326427 0.909596 0.332482 0.909455 0.331716 0.912527 0.336889 0.909378 0.337762 0.912422 0.340667 0.907108 0.342945 0.909307 0.342804 0.903252 0.345877 0.904018 0.342727 0.898845 0.345771 0.897972 0.340457 0.895067 0.342657 0.892789 0.336602 0.89293 0.337368 0.889857 0.332195 0.893007 0.331322 0.889963 0.336889 0.867016 0.337762 0.863972 0.342945 0.867086 0.340667 0.869286 0.345877 0.872375 0.342804 0.873141 0.345771 0.878421 0.342727 0.877549 0.342657 0.883605 0.340457 0.881327 0.337368 0.886536 0.336602 0.883464 0.331322 0.886431 0.332195 0.883387 0.326138 0.883316 0.328416 0.881117 0.323207 0.878028 0.326279 0.877261 0.323312 0.871982 0.326356 0.872854 0.326427 0.866798 0.328626 0.869076 0.331716 0.863867 0.332482 0.866939 0.313652 0.435118 0.302792 0.435118 0.302792 0.43086 0.313652 0.43086 0.302792 0.426602 0.313652 0.426602 0.302792 0.423485 0.313652 0.423485 0.313652 0.509884 0.302792 0.509884 0.302792 0.505627 0.313652 0.505627 0.302792 0.501369 0.313652 0.501369 0.302792 0.498252 0.313652 0.498252 0.313652 0.465024 0.302792 0.465024 0.302792 0.460767 0.313652 0.460767 0.302792 0.456509 0.313652 0.456509 0.302792 0.453392 0.313652 0.453392 0.313652 0.420164 0.302792 0.420164 0.302792 0.415907 0.313652 0.415907 0.302792 0.411649 0.313652 0.411649 0.302792 0.408532 0.313652 0.408532 0.755204 0.318663 0.755204 0.324504 0.001 0.324504 0.001 0.318663 0.755204 0.0169578 0.755204 0.0212337 0.001 0.0212337 0.001 0.0169578 0.755204 0.0111168 0.001 0.0111168 0.755204 0.00527588 0.001 0.00527588 0.755204 0.001 0.001 0.001 0.755204 0.216733 0.755204 0.222574 0.001 0.222574 0.001 0.216733 0.755204 0.210892 0.001 0.210892 0.755204 0.206616 0.001 0.206616 0.755204 0.178175 0.755204 0.184016 0.001 0.184016 0.001 0.178175 0.755204 0.172334 0.001 0.172334 0.755204 0.168058 0.001 0.168058 0.755204 0.330345 0.001 0.330345 0.001 0.435118 0.001 0.43086 0.755204 0.43086 0.755204 0.435118 0.001 0.426602 0.755204 0.426602 0.001 0.423485 0.755204 0.423485 0.001 0.509884 0.001 0.505627 0.755204 0.505627 0.755204 0.509884 0.001 0.501369 0.755204 0.501369 0.001 0.498252 0.755204 0.498252 0.001 0.465024 0.001 0.460767 0.755204 0.460767 0.755204 0.465024 0.001 0.456509 0.755204 0.456509 0.001 0.453392 0.755204 0.453392 0.001 0.420164 0.001 0.415907 0.755204 0.415907 0.755204 0.420164 0.001 0.411649 0.755204 0.411649 0.001 0.408532 0.755204 0.408532 0.895158 0.338892 0.890996 0.338892 0.890996 0.333666 0.895158 0.333666 0.964954 0.67978 0.969116 0.67978 0.969116 0.685006 0.964954 0.685006 0.969116 0.690232 0.964954 0.690232 0.299021 0.742856 0.303183 0.742856 0.303183 0.748081 0.299021 0.748081 0.303183 0.753307 0.299021 0.753307 0.327369 0.861376 0.323207 0.861376 0.323207 0.85615 0.327369 0.85615 0.323207 0.850924 0.327369 0.850924 0.895158 0.344118 0.890996 0.344118 0.896737 0.334682 0.896737 0.338892 0.896737 0.343102 0.328947 0.85194 0.328947 0.85615 0.328947 0.86036 0.297442 0.752292 0.297442 0.748082 0.297442 0.743872 0.963376 0.689216 0.963376 0.685006 0.963376 0.680796 0.972634 0.334682 0.972634 0.338892 0.887478 0.685006 0.887478 0.680796 0.887478 0.689216 0.221545 0.748082 0.221545 0.743872 0.221545 0.752292 0.404845 0.85615 0.404845 0.86036 0.404845 0.85194 0.972634 0.343102 0.974213 0.338892 0.974213 0.333666 0.978374 0.333666 0.978374 0.338892 0.8859 0.67978 0.8859 0.685006 0.881738 0.685006 0.881738 0.67978 0.8859 0.690232 0.881738 0.690232 0.219966 0.742856 0.219966 0.748081 0.215805 0.748081 0.215805 0.742856 0.219966 0.753307 0.215805 0.753307 0.406423 0.861376 0.406423 0.85615 0.410585 0.85615 0.410585 0.861376 0.406423 0.850924 0.410585 0.850924 0.974213 0.344118 0.978374 0.344118 0.687226 0.982062 0.683065 0.982134 0.682973 0.976909 0.687135 0.976836 0.884344 0.333666 0.888505 0.333666 0.888505 0.339323 0.884344 0.339323 0.972619 0.418656 0.968457 0.418656 0.968457 0.413 0.972619 0.413 0.808773 0.958674 0.812934 0.958601 0.813026 0.963826 0.808864 0.963899 0.813117 0.969051 0.808956 0.969124 0.762686 0.373328 0.758525 0.373328 0.758525 0.367672 0.762686 0.367672 0.758525 0.363672 0.762686 0.363672 0.687317 0.987287 0.683156 0.987359 0.688731 0.977825 0.688804 0.982034 0.688878 0.986243 0.559745 0.592094 0.558729 0.593929 0.554519 0.592696 0.554519 0.590563 0.550309 0.593929 0.549293 0.592094 0.807359 0.968136 0.807286 0.963926 0.807212 0.959717 0.334489 0.738004 0.335505 0.736169 0.339715 0.737402 0.339715 0.739535 0.343925 0.736169 0.344941 0.738004 0.807212 0.975757 0.807286 0.979966 0.764265 0.338773 0.764265 0.334216 0.882765 0.334216 0.882765 0.338773 0.764265 0.341995 0.882765 0.341995 0.688804 0.965994 0.688731 0.961785 0.688878 0.970204 0.882765 0.368222 0.882765 0.372778 0.764265 0.372778 0.764265 0.368222 0.882765 0.365 0.764265 0.365 0.807359 0.984175 0.808864 0.979938 0.808773 0.974713 0.812934 0.974641 0.813026 0.979866 0.762686 0.333666 0.762686 0.339323 0.758525 0.339323 0.758525 0.333666 0.762686 0.343322 0.758525 0.343322 0.687135 0.960797 0.687226 0.966022 0.683065 0.966094 0.682973 0.960869 0.687317 0.971247 0.683156 0.97132 0.884344 0.373328 0.884344 0.367672 0.888505 0.367672 0.888505 0.373328 0.884344 0.363672 0.888505 0.363672 0.808956 0.985164 0.813117 0.985091 0.635613 0.554537 0.636846 0.558747 0.635012 0.559763 0.633481 0.554537 0.636846 0.550327 0.635012 0.549311 0.9695 0.40364 0.968457 0.399204 0.970339 0.398197 0.971634 0.403703 0.362279 0.738302 0.358069 0.739535 0.357053 0.7377 0.362279 0.736169 0.366489 0.739535 0.367505 0.7377 0.20375 0.724405 0.209229 0.724207 0.209229 0.728554 0.20375 0.728751 0.768811 0.190707 0.765363 0.194965 0.761972 0.192219 0.76542 0.187962 0.761915 0.199223 0.758525 0.196477 0.754491 0.634605 0.754293 0.629127 0.758639 0.629127 0.758837 0.634605 0.754491 0.623648 0.758837 0.623648 0.688053 0.850151 0.691648 0.854286 0.688355 0.857148 0.684761 0.853014 0.695242 0.858421 0.691949 0.861283 0.198271 0.724207 0.198271 0.728554 0.20375 0.722625 0.208164 0.722465 0.199337 0.722465 0.692897 0.8532 0.695792 0.856531 0.690001 0.849869 0.886575 0.0764214 0.887735 0.0810557 0.885777 0.0821399 0.884337 0.076387 0.887864 0.0726167 0.885938 0.0716642 0.766649 0.196007 0.763872 0.199437 0.769427 0.192577 0.416376 0.583963 0.414796 0.588237 0.323207 0.556055 0.324787 0.551781 0.867786 0.187337 0.867859 0.191547 0.770954 0.197339 0.77088 0.193129 0.867933 0.195756 0.771027 0.201548 0.991959 0.0737263 0.991835 0.0772398 0.894769 0.0756944 0.894893 0.072181 0.991836 0.0817759 0.89477 0.0802306 0.794127 0.849916 0.794201 0.854125 0.697152 0.851719 0.697079 0.84751 0.794274 0.858335 0.697226 0.855928 0.417375 0.580897 0.325786 0.548715 0.311274 0.723466 0.315621 0.723466 0.315818 0.728944 0.311472 0.728944 0.878456 0.189763 0.881847 0.192508 0.878399 0.196766 0.875008 0.19402 0.874951 0.201024 0.87156 0.198278 0.948237 0.848768 0.948237 0.853114 0.942759 0.853312 0.942759 0.848965 0.93728 0.853114 0.93728 0.848768 0.797664 0.847269 0.800957 0.844406 0.804552 0.848541 0.801259 0.851404 0.808146 0.852676 0.804853 0.855538 0.311472 0.717987 0.315818 0.717987 0.423932 0.593929 0.422469 0.592238 0.425156 0.588313 0.427266 0.589056 0.425173 0.584543 0.427288 0.584377 0.802905 0.85582 0.80001 0.852489 0.797114 0.849158 0.938345 0.847026 0.942759 0.847185 0.947172 0.847026 0.870944 0.196409 0.873722 0.192979 0.876499 0.189549 0.20375 0.722269 0.20796 0.721036 0.974018 0.476969 0.972785 0.472759 0.981663 0.472759 0.981822 0.477172 0.974524 0.830822 0.970314 0.832055 0.970314 0.824368 0.974728 0.824208 0.942759 0.845639 0.946969 0.844406 0.966104 0.830822 0.9659 0.824208 0.938549 0.844406 0.19954 0.721036 0.974018 0.468549 0.981822 0.468345 0.20375 0.71244 0.20375 0.708094 0.209229 0.708291 0.209229 0.712638 0.568536 0.838223 0.565243 0.841085 0.561648 0.83695 0.564941 0.834088 0.558054 0.832815 0.561347 0.829953 0.434956 0.719888 0.430609 0.719888 0.430807 0.714409 0.435154 0.714409 0.430609 0.70893 0.434956 0.70893 0.761915 0.160665 0.758525 0.157919 0.761972 0.153662 0.765363 0.156407 0.76542 0.149404 0.768811 0.15215 0.198271 0.712638 0.198271 0.708291 0.208164 0.714379 0.20375 0.71422 0.199337 0.714379 0.769427 0.154019 0.766649 0.157449 0.763872 0.160879 0.648383 0.548715 0.649966 0.550297 0.647574 0.554432 0.645414 0.553848 0.647765 0.558444 0.64565 0.558829 0.563295 0.829671 0.56619 0.833002 0.569086 0.836333 0.98152 0.15556 0.884447 0.154476 0.884424 0.14992 0.981497 0.151004 0.667568 0.838137 0.570519 0.83573 0.570446 0.831521 0.667494 0.833927 0.570372 0.827311 0.667421 0.829718 0.748133 0.58607 0.654401 0.560801 0.655251 0.557389 0.748982 0.582659 0.656502 0.553029 0.750233 0.578298 0.867933 0.157198 0.771027 0.16299 0.770954 0.158781 0.867859 0.152989 0.77088 0.154572 0.867786 0.14878 0.98141 0.158783 0.884337 0.157699 0.208416 0.57786 0.208218 0.583339 0.203872 0.583339 0.204069 0.57786 0.678146 0.83534 0.674552 0.831206 0.677845 0.828343 0.68144 0.832478 0.670958 0.827071 0.674251 0.824208 0.992653 0.353213 0.987174 0.353016 0.987174 0.348669 0.992653 0.348867 0.981696 0.353213 0.981696 0.348867 0.87156 0.15972 0.875008 0.155463 0.878399 0.158208 0.874951 0.162466 0.878456 0.151205 0.881847 0.153951 0.208218 0.572381 0.203872 0.572381 0.991258 0.154476 0.990076 0.149868 0.992028 0.14878 0.993495 0.154499 0.989985 0.158024 0.991915 0.158904 0.873722 0.154421 0.876499 0.150991 0.870944 0.157851 0.987174 0.354796 0.982761 0.354955 0.991588 0.354955 0.673303 0.832291 0.670408 0.82896 0.676199 0.835622 0.20375 0.714576 0.20796 0.715809 0.37128 0.87249 0.363476 0.872694 0.363636 0.86828 0.372513 0.86828 0.976681 0.943133 0.976884 0.949746 0.972471 0.949587 0.972471 0.9419 0.987174 0.356342 0.991384 0.357575 0.968057 0.949746 0.968261 0.943133 0.982964 0.357575 0.19954 0.715809 0.363476 0.863867 0.37128 0.86407 0.890734 0.516574 0.896213 0.516376 0.896213 0.520723 0.890734 0.520921 0.441634 0.961971 0.438186 0.966229 0.434795 0.963483 0.438243 0.959225 0.434738 0.970487 0.431348 0.967741 0.861893 0.58607 0.861695 0.580591 0.866042 0.580591 0.86624 0.58607 0.861893 0.575112 0.86624 0.575112 0.43464 0.829953 0.438235 0.834088 0.434942 0.83695 0.431348 0.832815 0.441829 0.838223 0.438536 0.841085 0.885256 0.516376 0.885256 0.520723 0.890734 0.514794 0.895148 0.514635 0.886321 0.514635 0.439484 0.833002 0.442379 0.836333 0.436588 0.829671 0.883975 0.670741 0.885135 0.675375 0.883177 0.676459 0.881738 0.670706 0.885264 0.666936 0.883338 0.665983 0.439472 0.96727 0.436695 0.9707 0.44225 0.96384 0.0941689 0.583963 0.092589 0.588237 0.001 0.556055 0.00257988 0.551781 0.540609 0.958601 0.540682 0.96281 0.443777 0.968602 0.443703 0.964393 0.540756 0.967019 0.44385 0.972811 0.98936 0.668046 0.989236 0.671559 0.89217 0.670014 0.892294 0.6665 0.989236 0.676095 0.89217 0.67455 0.540714 0.829718 0.540788 0.833927 0.443739 0.831521 0.443666 0.827311 0.540861 0.838137 0.443813 0.83573 0.0951681 0.580897 0.00357909 0.548715 0.311274 0.674931 0.315621 0.674931 0.315818 0.680409 0.311472 0.680409 0.551279 0.961026 0.55467 0.963772 0.551222 0.96803 0.547831 0.965284 0.547774 0.972288 0.544383 0.969542 0.769482 0.54124 0.769482 0.545586 0.764003 0.545784 0.764003 0.541437 0.758525 0.545586 0.758525 0.54124 0.544251 0.827071 0.547544 0.824208 0.551139 0.828343 0.547846 0.831205 0.554733 0.832478 0.55144 0.83534 0.311472 0.669452 0.315818 0.669452 0.101725 0.593929 0.100262 0.592238 0.102949 0.588313 0.10506 0.589056 0.102966 0.584543 0.105081 0.584377 0.549492 0.835622 0.546597 0.832291 0.543701 0.82896 0.75959 0.539498 0.764003 0.539657 0.768417 0.539498 0.543767 0.967672 0.546545 0.964242 0.549322 0.960812 0.890734 0.514438 0.894944 0.513205 0.974018 0.462016 0.972785 0.457806 0.981663 0.457806 0.981822 0.462219 0.794875 0.543492 0.790665 0.544725 0.790665 0.537038 0.795078 0.536878 0.764003 0.538111 0.768213 0.536878 0.786455 0.543492 0.786251 0.536878 0.759793 0.536878 0.886524 0.513205 0.974018 0.453596 0.981822 0.453392 0.0963479 0.663905 0.0963479 0.659558 0.101827 0.659756 0.101827 0.664103 0.872915 0.631463 0.869622 0.634325 0.866028 0.63019 0.869321 0.627328 0.862434 0.626055 0.865726 0.623193 0.757901 0.58607 0.753554 0.58607 0.753752 0.580591 0.758099 0.580591 0.753554 0.575113 0.757901 0.575113 0.81307 0.896688 0.80968 0.893942 0.813127 0.889684 0.816518 0.89243 0.816575 0.885426 0.819966 0.888172 0.0908692 0.664103 0.0908692 0.659756 0.100761 0.665844 0.0963479 0.665685 0.0919343 0.665844 0.820582 0.890042 0.817805 0.893472 0.815027 0.896902 0.649121 0.59725 0.650705 0.598832 0.648313 0.602967 0.646152 0.602383 0.648503 0.60698 0.646388 0.607364 0.867674 0.622911 0.87057 0.626242 0.873465 0.629573 0.98152 0.117003 0.884447 0.115919 0.884424 0.111362 0.981497 0.112446 0.971947 0.631376 0.874899 0.62897 0.874825 0.624761 0.971874 0.627167 0.874752 0.620551 0.9718 0.622958 0.748872 0.634605 0.65514 0.609336 0.655989 0.605925 0.749721 0.631194 0.65724 0.601564 0.750972 0.626833 0.919088 0.893221 0.822182 0.899013 0.822109 0.894804 0.919015 0.889012 0.822035 0.890594 0.918941 0.884802 0.98141 0.120225 0.884337 0.119141 0.101014 0.57786 0.100816 0.583339 0.0964694 0.583339 0.0966672 0.57786 0.982526 0.62858 0.978932 0.624445 0.982225 0.621583 0.985819 0.625718 0.975337 0.620311 0.97863 0.617448 0.970294 0.457936 0.964816 0.457739 0.964816 0.453392 0.970294 0.45359 0.959337 0.457936 0.959337 0.45359 0.922715 0.895743 0.926163 0.891485 0.929554 0.894231 0.926106 0.898489 0.929611 0.887227 0.933002 0.889973 0.100816 0.572381 0.0964694 0.572381 0.991258 0.115918 0.990076 0.111311 0.992028 0.110222 0.993495 0.115942 0.989985 0.119466 0.991915 0.120346 0.924877 0.890444 0.927654 0.887014 0.922099 0.893874 0.964815 0.459519 0.960402 0.459678 0.969229 0.459678 0.977683 0.625531 0.974787 0.6222 0.980578 0.628862 0.0963479 0.666041 0.100558 0.667274 0.981419 0.491922 0.973615 0.492126 0.973775 0.487712 0.982653 0.487712 0.971012 0.906233 0.971216 0.912847 0.966803 0.912688 0.966803 0.905 0.964815 0.461065 0.969025 0.462298 0.962389 0.912847 0.962593 0.906233 0.960606 0.462298 0.092138 0.667274 0.973615 0.483299 0.981419 0.483502 0.20375 0.737347 0.209229 0.73715 0.209229 0.741496 0.20375 0.741694 0.69326 0.94527 0.689812 0.949527 0.686421 0.946782 0.689869 0.942524 0.686364 0.953785 0.682973 0.951039 0.754491 0.622817 0.754293 0.617339 0.758639 0.617339 0.758837 0.622817 0.754491 0.61186 0.758837 0.61186 0.650922 0.7486 0.654516 0.752735 0.651223 0.755598 0.647629 0.751463 0.658111 0.75687 0.654818 0.759733 0.198271 0.73715 0.198271 0.741496 0.20375 0.735567 0.208164 0.735408 0.199337 0.735408 0.655765 0.751649 0.658661 0.75498 0.65287 0.748318 0.883975 0.650543 0.885135 0.655177 0.883177 0.656261 0.881738 0.650508 0.885264 0.646738 0.883338 0.645785 0.691098 0.950569 0.688321 0.953999 0.693876 0.947139 0.308973 0.681033 0.307394 0.685308 0.215805 0.653125 0.217384 0.648851 0.792235 0.9419 0.792308 0.946109 0.695403 0.951901 0.695329 0.947692 0.792382 0.950318 0.695476 0.95611 0.98936 0.647848 0.989236 0.651361 0.89217 0.649816 0.892294 0.646302 0.989236 0.655897 0.89217 0.654352 0.756996 0.748365 0.757069 0.752575 0.660021 0.750168 0.659947 0.745959 0.757143 0.756784 0.660094 0.754377 0.309973 0.677967 0.218384 0.645785 0.418676 0.57786 0.423023 0.57786 0.423221 0.583339 0.418874 0.583339 0.802905 0.944325 0.806295 0.947071 0.802848 0.951328 0.799457 0.948583 0.7994 0.955586 0.796009 0.95284 0.930565 0.808091 0.930565 0.812438 0.925087 0.812636 0.925087 0.808289 0.919608 0.812438 0.919608 0.808091 0.760533 0.745718 0.763826 0.742856 0.76742 0.74699 0.764127 0.749853 0.771014 0.751125 0.767721 0.753988 0.418874 0.572381 0.423221 0.572381 0.316529 0.690999 0.315067 0.689309 0.317753 0.685383 0.319864 0.686126 0.317771 0.681614 0.319886 0.681447 0.765774 0.75427 0.762878 0.750939 0.759982 0.747608 0.920673 0.80635 0.925087 0.806509 0.9295 0.80635 0.795393 0.950971 0.798171 0.947541 0.800948 0.944111 0.20375 0.735212 0.20796 0.733979 0.974849 0.432109 0.973615 0.427899 0.982493 0.427899 0.982653 0.432312 0.238707 0.841109 0.234497 0.842342 0.234497 0.834655 0.23891 0.834496 0.925087 0.804963 0.929296 0.80373 0.230287 0.841109 0.230083 0.834496 0.920877 0.80373 0.19954 0.733979 0.974849 0.423689 0.982653 0.423485 0.977086 0.684127 0.977086 0.67978 0.982564 0.679978 0.982564 0.684325 0.769006 0.0385692 0.765713 0.0414317 0.762119 0.0372968 0.765412 0.0344343 0.758525 0.033162 0.761818 0.0302995 0.434956 0.731676 0.430609 0.731676 0.430807 0.726197 0.435154 0.726197 0.430609 0.720718 0.434956 0.720718 0.81307 0.916886 0.80968 0.91414 0.813127 0.909882 0.816518 0.912628 0.816575 0.905624 0.819966 0.90837 0.971607 0.684325 0.971607 0.679978 0.981499 0.686066 0.977086 0.685907 0.972672 0.686066 0.820582 0.91024 0.817805 0.91367 0.815027 0.9171 0.541719 0.694321 0.543302 0.695902 0.54091 0.700037 0.53875 0.699454 0.541101 0.70405 0.538986 0.704435 0.763765 0.0300176 0.766661 0.0333485 0.769557 0.0366795 0.98152 0.251955 0.884447 0.250871 0.884424 0.246314 0.981497 0.247398 0.868038 0.0384831 0.77099 0.0360765 0.770916 0.0318673 0.867965 0.0342738 0.770843 0.027658 0.867891 0.0300646 0.64147 0.731676 0.547738 0.706406 0.548587 0.702995 0.642319 0.728264 0.549838 0.698635 0.64357 0.723904 0.919088 0.913419 0.822182 0.919211 0.822109 0.915001 0.919015 0.909209 0.822035 0.910792 0.918941 0.905 0.98141 0.255177 0.884337 0.254093 0.101014 0.566072 0.100816 0.571551 0.0964694 0.571551 0.0966672 0.566072 0.878617 0.0356869 0.875023 0.0315521 0.878316 0.0286896 0.88191 0.0328244 0.871428 0.0274172 0.874721 0.0245547 0.970294 0.47289 0.964816 0.472692 0.964816 0.468345 0.970294 0.468543 0.959337 0.47289 0.959337 0.468543 0.922715 0.915941 0.926163 0.911683 0.929554 0.914429 0.926106 0.918687 0.929611 0.907425 0.933002 0.910171 0.100816 0.560594 0.0964694 0.560594 0.991258 0.25087 0.990076 0.246263 0.992028 0.245174 0.993495 0.250894 0.989985 0.254418 0.991915 0.255298 0.924877 0.910642 0.927654 0.907212 0.922099 0.914072 0.964815 0.474472 0.960402 0.474631 0.969229 0.474631 0.873774 0.0326379 0.870878 0.0293069 0.876669 0.0359688 0.977086 0.686262 0.981296 0.687495 0.97764 0.591044 0.969836 0.591248 0.969995 0.586835 0.978873 0.586835 0.994597 0.424718 0.994801 0.431332 0.990387 0.431173 0.990387 0.423485 0.964815 0.476018 0.969025 0.477251 0.985974 0.431332 0.986177 0.424718 0.960606 0.477251 0.972876 0.687495 0.969836 0.582421 0.97764 0.582625 0.418555 0.84135 0.424033 0.841152 0.424033 0.845499 0.418555 0.845697 0.768811 0.285893 0.765363 0.290151 0.761972 0.287405 0.76542 0.283147 0.761915 0.294408 0.758525 0.291663 0.538948 0.719888 0.53875 0.714409 0.543097 0.714409 0.543294 0.719888 0.538948 0.70893 0.543294 0.70893 0.81476 0.829953 0.818354 0.834088 0.815061 0.83695 0.811467 0.832816 0.821949 0.838223 0.818656 0.841085 0.413076 0.841152 0.413076 0.845499 0.418555 0.83957 0.422968 0.839411 0.414141 0.839411 0.819603 0.833002 0.822499 0.836333 0.816708 0.829671 0.760762 0.488056 0.761922 0.49269 0.759964 0.493774 0.758525 0.488022 0.762051 0.484251 0.760125 0.483299 0.766649 0.291192 0.763872 0.294622 0.769427 0.287762 0.201571 0.632498 0.199991 0.636772 0.108402 0.60459 0.109982 0.600316 0.867786 0.282523 0.867859 0.286732 0.770954 0.292524 0.77088 0.288315 0.867933 0.290941 0.771027 0.296733 0.866147 0.485361 0.866022 0.488875 0.768956 0.487329 0.76908 0.483816 0.866023 0.493411 0.768957 0.491865 0.920834 0.829718 0.920907 0.833927 0.823859 0.831521 0.823785 0.827311 0.920981 0.838137 0.823932 0.83573 0.20257 0.629432 0.110981 0.59725 0.311274 0.663143 0.315621 0.663143 0.315818 0.668622 0.311472 0.668622 0.878456 0.284948 0.881847 0.287694 0.878399 0.291952 0.875008 0.289206 0.874951 0.296209 0.87156 0.293464 0.769482 0.529403 0.769482 0.53375 0.764003 0.533947 0.764003 0.529601 0.758525 0.53375 0.758525 0.529403 0.924371 0.827071 0.927664 0.824208 0.931258 0.828343 0.927965 0.831205 0.934852 0.832478 0.93156 0.83534 0.311472 0.657664 0.315818 0.657664 0.209127 0.642464 0.207665 0.640773 0.210351 0.636848 0.212462 0.637591 0.210368 0.633078 0.212483 0.632912 0.929612 0.835622 0.926716 0.832291 0.923821 0.82896 0.75959 0.527662 0.764003 0.527821 0.768417 0.527662 0.870944 0.291594 0.873722 0.288164 0.876499 0.284734 0.418555 0.839214 0.422765 0.837981 0.974849 0.447062 0.973615 0.442852 0.982493 0.442852 0.982653 0.447266 0.131304 0.777035 0.127094 0.778268 0.127094 0.770581 0.131508 0.770421 0.764003 0.526275 0.768213 0.525042 0.122884 0.777035 0.122681 0.770421 0.759793 0.525042 0.414345 0.837981 0.974849 0.438642 0.982653 0.438439 0.311152 0.760975 0.311152 0.756629 0.316631 0.756826 0.316631 0.761173 0.441829 0.858421 0.438536 0.861283 0.434942 0.857148 0.438235 0.854286 0.431348 0.853014 0.43464 0.850151 0.543096 0.671353 0.53875 0.671353 0.538948 0.665874 0.543294 0.665874 0.53875 0.660395 0.543096 0.660395 0.434738 0.937084 0.431348 0.934338 0.434795 0.93008 0.438186 0.932826 0.438243 0.925822 0.441634 0.928568 0.305674 0.761173 0.305674 0.756826 0.315566 0.762915 0.311152 0.762755 0.306739 0.762915 0.44225 0.930438 0.439472 0.933868 0.436695 0.937298 0.757262 0.59725 0.758845 0.598832 0.756453 0.602967 0.754293 0.602383 0.756644 0.60698 0.754529 0.607364 0.436588 0.849869 0.439484 0.8532 0.442379 0.856531 0.98152 0.194118 0.884447 0.193034 0.884424 0.188477 0.981497 0.189561 0.540861 0.858335 0.443813 0.855928 0.443739 0.851719 0.540788 0.854125 0.443666 0.84751 0.540714 0.849916 0.857012 0.634605 0.763281 0.609336 0.76413 0.605924 0.857862 0.631194 0.765381 0.601564 0.859112 0.626833 0.540756 0.933617 0.44385 0.939409 0.443777 0.935199 0.540682 0.929407 0.443703 0.93099 0.540609 0.925198 0.98141 0.197341 0.884337 0.196257 0.101014 0.626395 0.100816 0.631874 0.0964694 0.631874 0.0966672 0.626395 0.55144 0.855538 0.547846 0.851404 0.551139 0.848541 0.554733 0.852676 0.544251 0.847269 0.547544 0.844406 0.992653 0.368216 0.987174 0.368019 0.987174 0.363672 0.992653 0.36387 0.981696 0.368216 0.981696 0.36387 0.544383 0.936139 0.547831 0.931881 0.551222 0.934627 0.547774 0.938885 0.551279 0.927623 0.55467 0.930369 0.100816 0.620917 0.0964694 0.620917 0.991258 0.193034 0.990076 0.188426 0.992028 0.187337 0.993495 0.193057 0.989985 0.196582 0.991915 0.197461 0.546545 0.93084 0.549322 0.92741 0.543767 0.93427 0.987174 0.369799 0.982761 0.369958 0.991588 0.369958 0.546597 0.852489 0.543701 0.849158 0.549492 0.85582 0.311152 0.763111 0.315362 0.764344 0.981419 0.506876 0.973615 0.507079 0.973775 0.502666 0.982653 0.502666 0.59159 0.98998 0.591794 0.996594 0.58738 0.996435 0.58738 0.988747 0.987174 0.371345 0.991384 0.372578 0.582967 0.996594 0.583171 0.98998 0.982964 0.372578 0.306942 0.764344 0.973615 0.498252 0.981419 0.498456 0.895158 0.368898 0.890996 0.368898 0.890996 0.363672 0.895158 0.363672 0.191619 0.708094 0.195781 0.708094 0.195781 0.713319 0.191619 0.713319 0.195781 0.718545 0.191619 0.718545 0.191619 0.694321 0.195781 0.694321 0.195781 0.699546 0.191619 0.699546 0.195781 0.704772 0.191619 0.704772 0.112564 0.731488 0.108402 0.731488 0.108402 0.726262 0.112564 0.726262 0.108402 0.721036 0.112564 0.721036 0.895158 0.374124 0.890996 0.374124 0.896737 0.364688 0.896737 0.368898 0.896737 0.373108 0.114143 0.722052 0.114143 0.726262 0.114143 0.730472 0.19004 0.703756 0.19004 0.699546 0.19004 0.695337 0.19004 0.717529 0.19004 0.713319 0.19004 0.709109 0.972634 0.364688 0.972634 0.368898 0.114143 0.713319 0.114143 0.709109 0.114143 0.717529 0.114143 0.699546 0.114143 0.695337 0.114143 0.703756 0.19004 0.726262 0.19004 0.730472 0.19004 0.722052 0.972634 0.373108 0.974213 0.368898 0.974213 0.363672 0.978375 0.363672 0.978375 0.368898 0.112564 0.708094 0.112564 0.713319 0.108402 0.713319 0.108402 0.708094 0.112564 0.718545 0.108402 0.718545 0.112564 0.694321 0.112564 0.699546 0.108402 0.699546 0.108402 0.694321 0.112564 0.704772 0.108402 0.704772 0.191619 0.731488 0.191619 0.726262 0.195781 0.726262 0.195781 0.731488 0.191619 0.721036 0.195781 0.721036 0.974213 0.374124 0.978375 0.374124 0.327369 0.843207 0.323207 0.843207 0.323207 0.837981 0.327369 0.837981 0.952684 0.483299 0.956846 0.483299 0.956846 0.488525 0.952684 0.488525 0.956846 0.49375 0.952684 0.49375 0.904465 0.704772 0.900304 0.704772 0.900304 0.699547 0.904465 0.699547 0.900304 0.694321 0.904465 0.694321 0.00516184 0.695895 0.001 0.695895 0.001 0.690669 0.00516184 0.690669 0.001 0.685444 0.00516184 0.685444 0.327369 0.848433 0.323207 0.848433 0.328947 0.838997 0.328947 0.843207 0.328947 0.847417 0.00674051 0.68646 0.00674051 0.690669 0.00674051 0.694879 0.906044 0.695337 0.906044 0.699546 0.906044 0.703756 0.951105 0.492735 0.951105 0.488525 0.951105 0.484315 0.404845 0.838997 0.404845 0.843207 0.875208 0.488525 0.875208 0.484315 0.875208 0.492735 0.981942 0.699546 0.981942 0.703756 0.981942 0.695337 0.0826378 0.690669 0.0826378 0.694879 0.0826378 0.68646 0.404845 0.847417 0.406423 0.843207 0.406423 0.837981 0.410585 0.837981 0.410585 0.843207 0.873629 0.483299 0.873629 0.488525 0.869468 0.488525 0.869468 0.483299 0.873629 0.49375 0.869468 0.49375 0.98352 0.704772 0.98352 0.699547 0.987682 0.699547 0.987682 0.704772 0.98352 0.694321 0.987682 0.694321 0.0842165 0.695895 0.0842165 0.690669 0.0883784 0.690669 0.0883784 0.695895 0.0842165 0.685444 0.0883784 0.685444 0.406423 0.848433 0.410585 0.848433 0.0963479 0.676848 0.0908692 0.677045 0.0908692 0.672699 0.0963479 0.672501 0.768811 0.0943132 0.765363 0.0985709 0.761972 0.0958251 0.76542 0.0915673 0.761915 0.102829 0.758525 0.100083 0.323405 0.8091 0.323207 0.803621 0.327553 0.803621 0.327751 0.8091 0.323405 0.798142 0.327751 0.798142 0.43464 0.910745 0.438235 0.91488 0.434942 0.917742 0.431348 0.913608 0.441829 0.919015 0.438536 0.921877 0.101827 0.677045 0.101827 0.672699 0.0963479 0.678628 0.0919343 0.678787 0.100761 0.678787 0.439484 0.913794 0.442379 0.917125 0.436588 0.910463 0.886575 0.0957002 0.887735 0.100335 0.885777 0.101419 0.884337 0.0956658 0.887864 0.0918956 0.885938 0.090943 0.766649 0.0996125 0.763872 0.103042 0.769427 0.0961825 0.416376 0.729568 0.414796 0.733843 0.323207 0.701661 0.324787 0.697386 0.867786 0.090943 0.867859 0.0951523 0.770954 0.100944 0.77088 0.096735 0.867933 0.0993616 0.771027 0.105154 0.991959 0.0930052 0.991835 0.0965186 0.894769 0.0949733 0.894893 0.0914598 0.991836 0.101055 0.89477 0.0995094 0.540714 0.91051 0.540788 0.914719 0.443739 0.912313 0.443666 0.908103 0.540861 0.918929 0.443813 0.916522 0.417375 0.726503 0.325786 0.694321 0.423221 0.566072 0.418874 0.566072 0.418676 0.560594 0.423023 0.560594 0.878456 0.0933683 0.881847 0.0961141 0.878399 0.100372 0.875008 0.0976261 0.874951 0.10463 0.87156 0.101884 0.970294 0.502613 0.970294 0.50696 0.964816 0.507158 0.964816 0.502811 0.959337 0.50696 0.959337 0.502613 0.544251 0.907863 0.547544 0.905 0.551139 0.909135 0.547846 0.911997 0.554733 0.91327 0.55144 0.916132 0.423023 0.571551 0.418676 0.571551 0.423932 0.739535 0.422469 0.737844 0.425156 0.733918 0.427267 0.734662 0.425173 0.730149 0.427288 0.729982 0.549492 0.916414 0.546597 0.913083 0.543701 0.909752 0.960402 0.500872 0.964815 0.501031 0.969229 0.500872 0.870944 0.100015 0.873722 0.0965845 0.876499 0.0931545 0.0963479 0.678983 0.092138 0.680216 0.230189 0.815971 0.231422 0.820181 0.222544 0.820181 0.222385 0.815767 0.956788 0.790146 0.952578 0.791379 0.952578 0.783691 0.956992 0.783532 0.964815 0.499485 0.969025 0.498252 0.948368 0.790146 0.948165 0.783532 0.960606 0.498252 0.100558 0.680216 0.230189 0.824391 0.222385 0.824595 0.418555 0.855271 0.413076 0.855468 0.413076 0.851122 0.418555 0.850924 0.694153 0.888172 0.690705 0.89243 0.687315 0.889684 0.690762 0.885427 0.687258 0.896688 0.683867 0.893942 0.431545 0.768423 0.431347 0.762944 0.435694 0.762944 0.435892 0.768423 0.431545 0.757466 0.435892 0.757466 0.669488 0.789277 0.673082 0.793412 0.669789 0.796274 0.666195 0.792139 0.676676 0.797547 0.673383 0.800409 0.424033 0.855468 0.424033 0.851122 0.418555 0.857051 0.414141 0.85721 0.422968 0.85721 0.674331 0.792326 0.677227 0.795657 0.671436 0.788995 0.887469 0.0528667 0.888628 0.057501 0.886671 0.0585852 0.885231 0.0528323 0.888758 0.049062 0.886831 0.0481094 0.691992 0.893472 0.689214 0.896902 0.694769 0.890042 0.308973 0.583963 0.307394 0.588237 0.215805 0.556055 0.217384 0.551781 0.793128 0.884802 0.793202 0.889012 0.696296 0.894804 0.696223 0.890594 0.793275 0.893221 0.69637 0.899013 0.992853 0.0501719 0.992729 0.0536853 0.895663 0.0521397 0.895787 0.0486263 0.99273 0.0582215 0.895663 0.0566759 0.775562 0.789042 0.775635 0.793251 0.678586 0.790845 0.678513 0.786635 0.775708 0.79746 0.67866 0.795054 0.309973 0.580897 0.218384 0.548715 0.530623 0.57786 0.526276 0.57786 0.526079 0.572381 0.530425 0.572381 0.803798 0.887228 0.807189 0.889973 0.803741 0.894231 0.80035 0.891485 0.800293 0.898489 0.796902 0.895743 0.970294 0.427847 0.970294 0.432193 0.964816 0.432391 0.964816 0.428044 0.959337 0.432193 0.959337 0.427847 0.779099 0.786395 0.782392 0.783532 0.785986 0.787667 0.782693 0.790529 0.78958 0.791802 0.786287 0.794664 0.530425 0.583339 0.526079 0.583339 0.316529 0.593929 0.315067 0.592238 0.317753 0.588313 0.319864 0.589056 0.317771 0.584543 0.319886 0.584377 0.784339 0.794946 0.781444 0.791615 0.778548 0.788284 0.960402 0.426105 0.964815 0.426264 0.969229 0.426105 0.796286 0.893874 0.799064 0.890444 0.801841 0.887014 0.418555 0.857406 0.414345 0.858639 0.249262 0.7908 0.253472 0.789567 0.253472 0.798444 0.249058 0.798604 0.371269 0.896471 0.36706 0.897704 0.36706 0.890017 0.371473 0.889857 0.964815 0.424718 0.969025 0.423485 0.36285 0.896471 0.362646 0.889857 0.960606 0.423485 0.422765 0.858639 0.257682 0.7908 0.257885 0.798604 0.354676 0.867235 0.354676 0.871582 0.349198 0.871384 0.349198 0.867037 0.784817 0.75687 0.781524 0.759732 0.77793 0.755598 0.781223 0.752735 0.774335 0.751463 0.777628 0.7486 0.650499 0.622818 0.646152 0.622818 0.64635 0.617339 0.650696 0.617339 0.646152 0.61186 0.650499 0.61186 0.560551 0.937084 0.55716 0.934338 0.560608 0.93008 0.563999 0.932826 0.564056 0.925822 0.567447 0.928568 0.360155 0.867037 0.360155 0.871384 0.350263 0.865296 0.354676 0.865455 0.35909 0.865296 0.568063 0.930438 0.565285 0.933868 0.562508 0.937298 0.326176 0.783532 0.327759 0.785114 0.325367 0.789249 0.323207 0.788665 0.325558 0.793262 0.323443 0.793646 0.779576 0.748318 0.782472 0.751649 0.785367 0.75498 0.98152 0.271233 0.884447 0.270149 0.884424 0.265593 0.981497 0.266677 0.883849 0.756784 0.786801 0.754377 0.786727 0.750168 0.883776 0.752575 0.786654 0.745959 0.883702 0.748365 0.425926 0.820887 0.332195 0.795618 0.333044 0.792207 0.426776 0.817476 0.334295 0.787846 0.428026 0.813115 0.666569 0.933617 0.569663 0.939409 0.56959 0.935199 0.666495 0.929407 0.569516 0.93099 0.666422 0.925198 0.98141 0.274456 0.884337 0.273372 0.418676 0.663143 0.418874 0.657664 0.423221 0.657664 0.423023 0.663143 0.894428 0.753988 0.890834 0.749853 0.894127 0.74699 0.897721 0.751125 0.887239 0.745718 0.890532 0.742856 0.94645 0.889347 0.940971 0.889149 0.940971 0.884802 0.94645 0.885 0.935492 0.889347 0.935492 0.885 0.670196 0.936139 0.673644 0.931881 0.677034 0.934627 0.673587 0.938885 0.677092 0.927623 0.680482 0.930369 0.418874 0.668622 0.423221 0.668622 0.991258 0.270149 0.990076 0.265541 0.992028 0.264453 0.993495 0.270172 0.989985 0.273697 0.991915 0.274577 0.672357 0.93084 0.675135 0.92741 0.66958 0.93427 0.940971 0.890929 0.936558 0.891088 0.945385 0.891088 0.889585 0.750939 0.886689 0.747608 0.89248 0.75427 0.354676 0.8651 0.350466 0.863867 0.906508 0.521829 0.898704 0.522032 0.898863 0.517619 0.907741 0.517619 0.984332 0.959834 0.984536 0.966448 0.980122 0.966288 0.980122 0.958601 0.940971 0.892475 0.945181 0.893708 0.975709 0.966448 0.975912 0.959834 0.936761 0.893708 0.358886 0.863867 0.898704 0.513205 0.906508 0.513409 0.311152 0.773918 0.305674 0.774116 0.305674 0.769769 0.311152 0.769571 0.441634 0.94527 0.438186 0.949527 0.434795 0.946782 0.438243 0.942524 0.434738 0.953785 0.431348 0.951039 0.431545 0.780211 0.431347 0.774732 0.435694 0.774732 0.435892 0.780211 0.431545 0.769253 0.435892 0.769253 0.650922 0.768798 0.654516 0.772933 0.651223 0.775796 0.647629 0.771661 0.658111 0.777068 0.654818 0.779931 0.316631 0.774116 0.316631 0.769769 0.311152 0.775698 0.306739 0.775857 0.315566 0.775857 0.655765 0.771847 0.658661 0.775178 0.65287 0.768516 0.760762 0.473103 0.761922 0.477737 0.759964 0.478821 0.758525 0.473068 0.762051 0.469298 0.760125 0.468345 0.439472 0.950569 0.436695 0.953999 0.44225 0.947139 0.63118 0.583963 0.6296 0.588237 0.538011 0.556055 0.539591 0.551781 0.540609 0.9419 0.540682 0.946109 0.443777 0.951901 0.443703 0.947692 0.540756 0.950318 0.44385 0.95611 0.866147 0.470408 0.866022 0.473921 0.768956 0.472376 0.76908 0.468862 0.866023 0.478457 0.768957 0.476912 0.756996 0.768564 0.757069 0.772773 0.660021 0.770366 0.659947 0.766157 0.757143 0.776982 0.660094 0.774575 0.63218 0.580897 0.540591 0.548715 0.638025 0.57786 0.633679 0.57786 0.633481 0.572381 0.637828 0.572381 0.551279 0.944325 0.55467 0.947071 0.551222 0.951328 0.547831 0.948583 0.547774 0.955586 0.544383 0.95284 0.970294 0.48766 0.970294 0.492007 0.964816 0.492204 0.964816 0.487858 0.959337 0.492007 0.959337 0.48766 0.760533 0.765916 0.763826 0.763054 0.76742 0.767188 0.764127 0.770051 0.771014 0.771323 0.767721 0.774186 0.637828 0.583339 0.633481 0.583339 0.638736 0.593929 0.637274 0.592238 0.63996 0.588312 0.642071 0.589056 0.639978 0.584543 0.642093 0.584377 0.765774 0.774468 0.762878 0.771137 0.759982 0.767806 0.960402 0.485918 0.964815 0.486078 0.969229 0.485918 0.543767 0.950971 0.546545 0.947541 0.549322 0.944111 0.311152 0.776054 0.306942 0.777287 0.123606 0.761305 0.119396 0.762538 0.119396 0.753661 0.123809 0.753501 0.794875 0.531655 0.790665 0.532889 0.790665 0.525201 0.795078 0.525042 0.964815 0.484532 0.969025 0.483299 0.786455 0.531655 0.786251 0.525042 0.960606 0.483299 0.315362 0.777287 0.115186 0.761305 0.114982 0.753501 0.137381 0.75029 0.137381 0.754637 0.131902 0.754439 0.131902 0.750092 0.769006 0.0621239 0.765713 0.0649864 0.762119 0.0608515 0.765412 0.0579891 0.758525 0.0567167 0.761818 0.0538542 0.757901 0.574282 0.753554 0.574282 0.753752 0.568804 0.758099 0.568804 0.753554 0.563325 0.757901 0.563325 0.434738 0.987188 0.431348 0.984442 0.434795 0.980184 0.438186 0.98293 0.438243 0.975927 0.441634 0.978672 0.14286 0.750092 0.14286 0.754439 0.132968 0.748351 0.137381 0.74851 0.141795 0.748351 0.44225 0.980542 0.439472 0.983972 0.436695 0.987402 0.64986 0.645785 0.651443 0.647367 0.649051 0.651502 0.646891 0.650919 0.649241 0.655515 0.647127 0.655899 0.763765 0.0535723 0.766661 0.0569032 0.769557 0.0602342 0.96665 0.415313 0.869577 0.414229 0.869554 0.409672 0.966627 0.410756 0.868038 0.0620378 0.77099 0.0596312 0.770916 0.055422 0.867965 0.0578285 0.770843 0.0512127 0.867891 0.0536193 0.74961 0.683141 0.655878 0.657871 0.656727 0.65446 0.750459 0.679729 0.657978 0.650099 0.75171 0.675369 0.540756 0.983721 0.44385 0.989513 0.443777 0.985303 0.540682 0.979511 0.443703 0.981094 0.540609 0.975302 0.96654 0.418536 0.869468 0.417452 0.633481 0.566072 0.633679 0.560593 0.638025 0.560593 0.637828 0.566072 0.878617 0.0592417 0.875023 0.0551068 0.878316 0.0522443 0.88191 0.0563792 0.871428 0.050972 0.874721 0.0481094 0.930565 0.788077 0.925087 0.787879 0.925087 0.783532 0.930565 0.78373 0.919608 0.788077 0.919608 0.78373 0.544383 0.986243 0.547831 0.981985 0.551222 0.984731 0.547774 0.988989 0.551279 0.977727 0.55467 0.980473 0.633679 0.571551 0.638025 0.571551 0.976388 0.414228 0.975206 0.409621 0.977159 0.408532 0.978626 0.414252 0.975115 0.417776 0.977046 0.418656 0.546545 0.980944 0.549322 0.977514 0.543767 0.984374 0.925087 0.789659 0.920673 0.789818 0.9295 0.789818 0.873774 0.0561926 0.870878 0.0528616 0.876669 0.0595236 0.137381 0.748154 0.133171 0.746921 0.704226 0.998474 0.696422 0.998677 0.696581 0.994264 0.705459 0.994264 0.963347 0.975874 0.96355 0.982487 0.959137 0.982328 0.959137 0.974641 0.925087 0.791205 0.929296 0.792438 0.954723 0.982487 0.954927 0.975874 0.920877 0.792438 0.141591 0.746921 0.696422 0.98985 0.704226 0.990054 0.0963479 0.68979 0.0908692 0.689988 0.0908692 0.685641 0.0963479 0.685444 0.768811 0.229265 0.765363 0.233523 0.761972 0.230777 0.76542 0.226519 0.761915 0.237781 0.758525 0.235035 0.323405 0.820887 0.323207 0.815409 0.327553 0.815409 0.327751 0.820887 0.323405 0.80993 0.327751 0.80993 0.796194 0.809475 0.799788 0.81361 0.796495 0.816472 0.792901 0.812337 0.803383 0.817744 0.80009 0.820607 0.101827 0.689988 0.101827 0.685641 0.0963479 0.69157 0.0919343 0.69173 0.100761 0.69173 0.801038 0.812524 0.803933 0.815855 0.798142 0.809193 0.760762 0.443196 0.761922 0.44783 0.759964 0.448914 0.758525 0.443162 0.762051 0.439391 0.760125 0.438439 0.766649 0.234564 0.763872 0.237994 0.769427 0.231134 0.416376 0.632498 0.414796 0.636772 0.323207 0.60459 0.324787 0.600316 0.867786 0.225895 0.867859 0.230104 0.770954 0.235896 0.77088 0.231687 0.867933 0.234314 0.771027 0.240106 0.866147 0.440501 0.866022 0.444015 0.768956 0.442469 0.76908 0.438956 0.866023 0.448551 0.768957 0.447005 0.902268 0.80924 0.902342 0.813449 0.805293 0.811043 0.805219 0.806833 0.902415 0.817658 0.805366 0.815252 0.417375 0.629432 0.325786 0.59725 0.423221 0.626395 0.418874 0.626395 0.418676 0.620917 0.423023 0.620917 0.878456 0.22832 0.881847 0.231066 0.878399 0.235324 0.875008 0.232578 0.874951 0.239582 0.87156 0.236836 0.970294 0.4428 0.970294 0.447147 0.964816 0.447344 0.964816 0.442998 0.959337 0.447147 0.959337 0.4428 0.905805 0.806593 0.909098 0.80373 0.912692 0.807865 0.909399 0.810727 0.916287 0.812 0.912994 0.814862 0.423023 0.631874 0.418676 0.631874 0.423932 0.642464 0.422469 0.640773 0.425156 0.636848 0.427267 0.637591 0.425173 0.633078 0.427288 0.632912 0.911046 0.815144 0.90815 0.811813 0.905255 0.808482 0.960402 0.441058 0.964815 0.441218 0.969229 0.441058 0.870944 0.234966 0.873722 0.231536 0.876499 0.228106 0.0963479 0.691926 0.092138 0.693159 0.330673 0.898143 0.334883 0.89691 0.334883 0.905788 0.330469 0.905947 0.356991 0.907507 0.352781 0.90874 0.352781 0.901053 0.357195 0.900894 0.964815 0.439672 0.969025 0.438439 0.348571 0.907507 0.348367 0.900894 0.960606 0.438439 0.100558 0.693159 0.339093 0.898143 0.339297 0.905947 0.247274 0.811873 0.247274 0.81622 0.241795 0.816022 0.241795 0.811676 0.676676 0.817745 0.673383 0.820607 0.669789 0.816472 0.673082 0.81361 0.666195 0.812337 0.669488 0.809475 0.543096 0.683141 0.53875 0.683141 0.538948 0.677662 0.543294 0.677662 0.53875 0.672183 0.543096 0.672183 0.814858 0.856292 0.811467 0.853546 0.814915 0.849288 0.818306 0.852034 0.818363 0.845031 0.821754 0.847776 0.252753 0.811676 0.252753 0.816022 0.242861 0.809934 0.247274 0.810093 0.251688 0.809934 0.82237 0.849646 0.819592 0.853076 0.816814 0.856506 0.542458 0.742856 0.544041 0.744437 0.541649 0.748573 0.539488 0.747989 0.541839 0.752585 0.539725 0.75297 0.671435 0.809193 0.674331 0.812524 0.677227 0.815855 0.91279 0.981422 0.815717 0.980337 0.815694 0.975781 0.912767 0.976865 0.775708 0.817658 0.67866 0.815252 0.678586 0.811043 0.775635 0.813449 0.678513 0.806833 0.775562 0.80924 0.642208 0.780211 0.548476 0.754942 0.549325 0.75153 0.643057 0.776799 0.550576 0.74717 0.644308 0.772439 0.920875 0.852825 0.82397 0.858617 0.823896 0.854408 0.920802 0.848615 0.823823 0.850198 0.920728 0.844406 0.91268 0.984644 0.815607 0.98356 0.526079 0.566072 0.526276 0.560594 0.530623 0.560594 0.530425 0.566072 0.786287 0.814862 0.782693 0.810727 0.785986 0.807865 0.78958 0.812 0.779098 0.806593 0.782391 0.80373 0.947344 0.869149 0.941865 0.868951 0.941865 0.864604 0.947344 0.864802 0.936386 0.869149 0.936386 0.864802 0.924503 0.855347 0.92795 0.851089 0.931341 0.853835 0.927893 0.858093 0.931398 0.846832 0.934789 0.849577 0.526276 0.571551 0.530623 0.571551 0.922528 0.980337 0.921346 0.975729 0.923298 0.974641 0.924766 0.98036 0.921255 0.983885 0.923185 0.984765 0.926664 0.850048 0.929442 0.846618 0.923887 0.853478 0.941865 0.870731 0.937451 0.87089 0.946279 0.87089 0.781444 0.811813 0.778548 0.808482 0.784339 0.815144 0.247274 0.809738 0.243064 0.808505 0.992859 0.688404 0.985055 0.688607 0.985215 0.684194 0.994092 0.684194 0.994597 0.439672 0.994801 0.446285 0.990387 0.446126 0.990387 0.438439 0.941865 0.872277 0.946075 0.87351 0.985974 0.446285 0.986177 0.439672 0.937655 0.87351 0.251484 0.808505 0.985055 0.67978 0.992859 0.679984 0.819769 0.993312 0.815607 0.993312 0.815607 0.988086 0.819769 0.988086 0.952684 0.453392 0.956846 0.453392 0.956846 0.458618 0.952684 0.458618 0.956846 0.463844 0.952684 0.463844 0.905204 0.753307 0.901042 0.753307 0.901042 0.748082 0.905204 0.748082 0.901042 0.742856 0.905204 0.742856 0.909638 0.998538 0.905477 0.998538 0.905477 0.993312 0.909638 0.993312 0.905477 0.988086 0.909638 0.988086 0.819769 0.998538 0.815607 0.998538 0.821348 0.989102 0.821348 0.993312 0.821348 0.997522 0.911217 0.989102 0.911217 0.993312 0.911217 0.997522 0.906782 0.743872 0.906782 0.748082 0.906782 0.752292 0.951105 0.462828 0.951105 0.458618 0.951105 0.454408 0.897245 0.989102 0.897245 0.993312 0.875208 0.458618 0.875208 0.454408 0.875208 0.462828 0.98268 0.748082 0.98268 0.752292 0.98268 0.743872 0.987114 0.993312 0.987114 0.997522 0.987114 0.989102 0.897245 0.997522 0.898824 0.993312 0.898824 0.988086 0.902986 0.988086 0.902986 0.993312 0.873629 0.453392 0.873629 0.458618 0.869468 0.458618 0.869468 0.453392 0.873629 0.463844 0.869468 0.463844 0.984258 0.753307 0.984258 0.748082 0.98842 0.748082 0.98842 0.753307 0.984258 0.742856 0.98842 0.742856 0.988693 0.998538 0.988693 0.993312 0.992855 0.993312 0.992855 0.998538 0.988693 0.988086 0.992855 0.988086 0.898824 0.998538 0.902986 0.998538 0.939365 0.786901 0.939365 0.791247 0.933886 0.79105 0.933886 0.786703 0.784079 0.728533 0.780786 0.731395 0.777191 0.727261 0.780484 0.724398 0.773597 0.723126 0.77689 0.720263 0.650499 0.634605 0.646152 0.634605 0.64635 0.629127 0.650696 0.629127 0.646152 0.623648 0.650499 0.623648 0.761915 0.141386 0.758525 0.138641 0.761972 0.134383 0.765363 0.137129 0.76542 0.130125 0.768811 0.132871 0.944844 0.786703 0.944844 0.79105 0.934951 0.784961 0.939365 0.785121 0.943779 0.784961 0.769427 0.13474 0.766649 0.13817 0.763872 0.1416 0.326176 0.742856 0.327759 0.744437 0.325367 0.748573 0.323207 0.747989 0.325558 0.752585 0.323443 0.75297 0.778838 0.719981 0.781734 0.723312 0.784629 0.726643 0.96665 0.40036 0.869577 0.399275 0.869555 0.394719 0.966627 0.395803 0.883111 0.728447 0.786062 0.72604 0.785989 0.721831 0.883037 0.724238 0.785915 0.717622 0.882964 0.720028 0.425926 0.780211 0.332195 0.754942 0.333044 0.75153 0.426775 0.7768 0.334295 0.74717 0.428026 0.772439 0.867933 0.137919 0.771027 0.143711 0.770954 0.139502 0.867859 0.13371 0.77088 0.135293 0.867786 0.129501 0.96654 0.403582 0.869468 0.402498 0.526079 0.626395 0.526276 0.620917 0.530623 0.620917 0.530425 0.626395 0.89369 0.725651 0.890095 0.721516 0.893388 0.718653 0.896983 0.722788 0.886501 0.717381 0.889794 0.714519 0.949131 0.828753 0.943652 0.828555 0.943652 0.824208 0.949131 0.824406 0.938174 0.828753 0.938174 0.824406 0.87156 0.140441 0.875008 0.136184 0.878399 0.13893 0.874951 0.143187 0.878456 0.131926 0.881847 0.134672 0.526276 0.631874 0.530623 0.631874 0.976388 0.399275 0.975206 0.394667 0.977159 0.393579 0.978626 0.399298 0.975115 0.402823 0.977046 0.403703 0.873722 0.135142 0.876499 0.131712 0.870944 0.138572 0.943652 0.830335 0.939239 0.830494 0.948066 0.830494 0.888846 0.722602 0.885951 0.719271 0.891742 0.725933 0.939365 0.784765 0.935155 0.783532 0.357002 0.883526 0.349198 0.88373 0.349357 0.879316 0.358235 0.879316 0.968198 0.926431 0.968402 0.933045 0.963988 0.932886 0.963988 0.925198 0.943652 0.831881 0.947862 0.833114 0.959575 0.933045 0.959779 0.926431 0.939442 0.833114 0.943575 0.783532 0.349198 0.874903 0.357002 0.875106 0.82069 0.966022 0.816529 0.966094 0.816438 0.960869 0.820599 0.960797 0.884344 0.318663 0.888505 0.318663 0.888505 0.32432 0.884344 0.32432 0.878603 0.513205 0.882765 0.513205 0.882765 0.518862 0.878603 0.518862 0.934586 0.941972 0.938747 0.9419 0.938838 0.947125 0.934677 0.947197 0.93893 0.95235 0.934768 0.952422 0.762686 0.358325 0.758525 0.358325 0.758525 0.352669 0.762686 0.352669 0.758525 0.348669 0.762686 0.348669 0.820781 0.971247 0.81662 0.97132 0.822195 0.961785 0.822269 0.965994 0.822342 0.970203 0.548463 0.592094 0.547447 0.593929 0.543237 0.592696 0.543237 0.590563 0.539027 0.593929 0.538011 0.592094 0.933172 0.951434 0.933099 0.947225 0.933025 0.943016 0.323207 0.738004 0.324223 0.736169 0.328433 0.737402 0.328433 0.739535 0.332643 0.736169 0.333659 0.738004 0.940677 0.959717 0.94075 0.963926 0.764265 0.32377 0.764265 0.319213 0.882765 0.319213 0.882765 0.32377 0.758525 0.518312 0.758525 0.513755 0.877024 0.513755 0.877024 0.518312 0.814617 0.949293 0.814544 0.945084 0.81469 0.953502 0.882765 0.353219 0.882765 0.357776 0.764265 0.357776 0.764265 0.353219 0.882765 0.349997 0.764265 0.349997 0.940824 0.968135 0.942329 0.963899 0.942238 0.958674 0.946399 0.958601 0.94649 0.963826 0.762686 0.318663 0.762686 0.32432 0.758525 0.32432 0.758525 0.318663 0.762686 0.328319 0.758525 0.328319 0.812947 0.944095 0.813039 0.94932 0.808877 0.949393 0.808786 0.944168 0.81313 0.954546 0.808969 0.954618 0.884344 0.358325 0.884344 0.352669 0.888505 0.352669 0.888505 0.358325 0.884344 0.348669 0.888505 0.348669 0.94242 0.969124 0.946581 0.969051 0.565801 0.591797 0.570011 0.590563 0.571027 0.592398 0.565801 0.593929 0.561591 0.590563 0.560575 0.592398 0.9695 0.388686 0.968457 0.384251 0.970339 0.383243 0.971634 0.388749 0.350997 0.738302 0.346787 0.739535 0.345771 0.7377 0.350997 0.736169 0.355207 0.739535 0.356223 0.7377 0.95525 0.888171 0.960728 0.887973 0.960728 0.89232 0.95525 0.892518 0.768811 0.248544 0.765363 0.252802 0.761972 0.250056 0.76542 0.245798 0.761915 0.257059 0.758525 0.254314 0.651237 0.660395 0.651435 0.665874 0.647088 0.665874 0.646891 0.660395 0.651237 0.671353 0.646891 0.671353 0.777628 0.768798 0.781223 0.772933 0.77793 0.775796 0.774336 0.771661 0.784817 0.777068 0.781524 0.779931 0.949771 0.887973 0.949771 0.89232 0.95525 0.886391 0.959663 0.886231 0.950836 0.886231 0.782472 0.771847 0.785367 0.775178 0.779576 0.768516 0.760762 0.383383 0.761922 0.388017 0.759964 0.389101 0.758525 0.383348 0.762051 0.379578 0.760125 0.378625 0.766649 0.253843 0.763872 0.257273 0.769427 0.250413 0.308973 0.632498 0.307394 0.636772 0.215805 0.60459 0.217384 0.600316 0.867786 0.245174 0.867859 0.249383 0.770954 0.255175 0.77088 0.250966 0.867933 0.253592 0.771027 0.259384 0.866147 0.380688 0.866022 0.384201 0.768956 0.382656 0.76908 0.379142 0.866023 0.388738 0.768957 0.387192 0.883702 0.768563 0.883776 0.772773 0.786727 0.770366 0.786654 0.766157 0.883849 0.776982 0.786801 0.774575 0.309973 0.629432 0.218384 0.59725 0.311274 0.614608 0.315621 0.614608 0.315818 0.620086 0.311472 0.620086 0.878456 0.247599 0.881847 0.250345 0.878399 0.254603 0.875008 0.251857 0.874951 0.25886 0.87156 0.256115 0.306504 0.7474 0.306504 0.743053 0.311983 0.742856 0.311983 0.747202 0.317461 0.743053 0.317461 0.7474 0.887239 0.765916 0.890532 0.763054 0.894127 0.767188 0.890834 0.770051 0.897721 0.771323 0.894428 0.774186 0.311472 0.609129 0.315818 0.609129 0.316529 0.642464 0.315067 0.640773 0.317753 0.636848 0.319864 0.637591 0.317771 0.633078 0.319886 0.632912 0.89248 0.774468 0.889585 0.771137 0.886689 0.767806 0.316396 0.749142 0.311983 0.748982 0.307569 0.749142 0.870944 0.254245 0.873722 0.250815 0.876499 0.247385 0.95525 0.886035 0.95946 0.884802 0.955851 0.925402 0.957084 0.929612 0.948206 0.929612 0.948047 0.925198 0.146384 0.748154 0.150594 0.746921 0.150594 0.754609 0.146181 0.754768 0.311983 0.750528 0.307773 0.751761 0.154804 0.748154 0.155008 0.754768 0.316193 0.751761 0.95104 0.884802 0.955851 0.933822 0.948047 0.934025 0.777452 0.540247 0.78293 0.540049 0.78293 0.544396 0.777452 0.544594 0.567447 0.94527 0.563999 0.949527 0.560608 0.946782 0.564056 0.942524 0.560551 0.953785 0.55716 0.951039 0.651237 0.672183 0.651435 0.677662 0.647088 0.677662 0.646891 0.672183 0.651237 0.683141 0.646891 0.683141 0.758324 0.65153 0.761919 0.655665 0.758626 0.658527 0.755031 0.654393 0.765513 0.6598 0.76222 0.662662 0.771973 0.540049 0.771973 0.544396 0.777452 0.538467 0.781865 0.538308 0.773038 0.538308 0.763168 0.654579 0.766063 0.65791 0.760272 0.651248 0.760762 0.413289 0.761922 0.417924 0.759964 0.419008 0.758525 0.413255 0.762051 0.409485 0.760125 0.408532 0.565285 0.950569 0.562508 0.953999 0.568063 0.947139 0.523778 0.632498 0.522198 0.636772 0.430609 0.60459 0.432189 0.600316 0.666422 0.9419 0.666495 0.946109 0.56959 0.951901 0.569516 0.947692 0.666569 0.950318 0.569663 0.95611 0.866147 0.410595 0.866022 0.414108 0.768956 0.412562 0.76908 0.409049 0.866023 0.418644 0.768957 0.417099 0.864398 0.651295 0.864472 0.655504 0.767423 0.653098 0.767349 0.648889 0.864545 0.659714 0.767496 0.657307 0.524777 0.629432 0.433188 0.59725 0.311274 0.57786 0.315621 0.57786 0.315818 0.583339 0.311472 0.583339 0.677092 0.944325 0.680483 0.947071 0.677035 0.951328 0.673644 0.948583 0.673587 0.955586 0.670196 0.95284 0.949072 0.963145 0.949072 0.958799 0.954551 0.958601 0.954551 0.962947 0.960029 0.958799 0.960029 0.963145 0.867935 0.648648 0.871228 0.645785 0.874822 0.64992 0.871529 0.652783 0.878417 0.654055 0.875124 0.656918 0.311472 0.572381 0.315818 0.572381 0.531334 0.642464 0.529872 0.640773 0.532558 0.636848 0.534669 0.637591 0.532575 0.633078 0.53469 0.632912 0.873176 0.657199 0.87028 0.653868 0.867385 0.650538 0.958964 0.964887 0.954551 0.964727 0.950137 0.964887 0.66958 0.950971 0.672358 0.947541 0.675135 0.944111 0.777452 0.538111 0.781661 0.536878 0.996944 0.617652 0.998177 0.621862 0.989299 0.621862 0.98914 0.617448 0.241999 0.820774 0.246209 0.819541 0.246209 0.827228 0.241795 0.827388 0.954551 0.966273 0.950341 0.967507 0.250419 0.820774 0.250623 0.827388 0.958761 0.967507 0.773242 0.536878 0.996944 0.626072 0.98914 0.626275 0.956143 0.867973 0.961622 0.867775 0.961622 0.872122 0.956143 0.87232 0.82086 0.867974 0.817412 0.872232 0.814021 0.869486 0.817469 0.865229 0.813964 0.87649 0.810573 0.873744 0.866042 0.563325 0.86624 0.568803 0.861893 0.568803 0.861695 0.563325 0.866042 0.574282 0.861695 0.574282 0.758324 0.671728 0.761919 0.675863 0.758626 0.678725 0.755031 0.674591 0.765513 0.679998 0.76222 0.68286 0.950665 0.867775 0.950665 0.872122 0.956143 0.866193 0.960557 0.866034 0.95173 0.866034 0.763168 0.674777 0.766063 0.678108 0.760272 0.671446 0.760762 0.428243 0.761922 0.432877 0.759964 0.433961 0.758525 0.428208 0.762051 0.424438 0.760125 0.423485 0.818698 0.873274 0.815921 0.876704 0.821476 0.869844 0.201571 0.583963 0.199991 0.588237 0.108402 0.556055 0.109982 0.551781 0.919835 0.864604 0.919908 0.868814 0.823003 0.874606 0.822929 0.870396 0.919982 0.873023 0.823076 0.878815 0.866147 0.425548 0.866022 0.429061 0.768956 0.427516 0.769081 0.424002 0.866023 0.433597 0.768957 0.432052 0.864398 0.671493 0.864472 0.675702 0.767423 0.673296 0.767349 0.669087 0.864545 0.679912 0.767496 0.677505 0.20257 0.580897 0.110981 0.548715 0.203872 0.614608 0.208218 0.614608 0.208416 0.620086 0.20407 0.620086 0.930505 0.86703 0.933895 0.869775 0.930448 0.874033 0.927057 0.871287 0.927 0.878291 0.923609 0.875545 0.981947 0.38317 0.981947 0.378823 0.987425 0.378625 0.987425 0.382972 0.992904 0.378823 0.992904 0.38317 0.867935 0.668846 0.871228 0.665983 0.874822 0.670118 0.871529 0.672981 0.878417 0.674253 0.875124 0.677115 0.20407 0.609129 0.208416 0.609129 0.209127 0.593929 0.207665 0.592238 0.210351 0.588313 0.212462 0.589056 0.210368 0.584543 0.212483 0.584377 0.873176 0.677397 0.87028 0.674066 0.867385 0.670736 0.991839 0.384911 0.987425 0.384752 0.983012 0.384911 0.922993 0.873676 0.925771 0.870246 0.928548 0.866816 0.956143 0.865837 0.960353 0.864604 0.223618 0.7984 0.222385 0.79419 0.231262 0.79419 0.231422 0.798604 0.132106 0.759191 0.136316 0.757958 0.136316 0.765645 0.131902 0.765804 0.987425 0.386298 0.983216 0.387531 0.140526 0.759191 0.140729 0.765804 0.991635 0.387531 0.951934 0.864604 0.223618 0.78998 0.231422 0.789777 0.221283 0.838842 0.221283 0.834496 0.226762 0.834693 0.226762 0.83904 0.441829 0.878619 0.438536 0.881481 0.434942 0.877346 0.438235 0.874484 0.431348 0.873212 0.43464 0.870349 0.430807 0.660396 0.435154 0.660396 0.434956 0.665874 0.430609 0.665874 0.435154 0.671353 0.430807 0.671353 0.686364 0.937084 0.682973 0.934338 0.686421 0.93008 0.689812 0.932826 0.689869 0.925822 0.69326 0.928568 0.215805 0.83904 0.215805 0.834693 0.225697 0.840782 0.221283 0.840622 0.21687 0.840782 0.693876 0.930438 0.691098 0.933868 0.68832 0.937298 0.541719 0.645785 0.543302 0.647367 0.54091 0.651502 0.53875 0.650919 0.541101 0.655515 0.538986 0.6559 0.436588 0.870067 0.439484 0.873398 0.442379 0.876729 0.98152 0.136282 0.884447 0.135197 0.884424 0.130641 0.981497 0.131725 0.540861 0.878533 0.443813 0.876126 0.443739 0.871917 0.540788 0.874323 0.443666 0.867707 0.540714 0.870114 0.641469 0.683141 0.547737 0.657871 0.548587 0.65446 0.642319 0.679729 0.549838 0.650099 0.643569 0.675369 0.792381 0.933617 0.695476 0.939409 0.695402 0.935199 0.792308 0.929407 0.695329 0.93099 0.792234 0.925198 0.98141 0.139504 0.884337 0.13842 0.423221 0.674931 0.423023 0.680409 0.418676 0.680409 0.418874 0.674931 0.55144 0.875736 0.547846 0.871602 0.551139 0.868739 0.554733 0.872874 0.544251 0.867467 0.547544 0.864604 0.928087 0.979002 0.933565 0.9792 0.933565 0.983546 0.928087 0.983348 0.939044 0.979002 0.939044 0.983348 0.796009 0.936139 0.799456 0.931881 0.802847 0.934627 0.799399 0.938885 0.802904 0.927623 0.806295 0.930369 0.423023 0.669452 0.418676 0.669452 0.991258 0.135197 0.990076 0.130589 0.992028 0.129501 0.993495 0.13522 0.989985 0.138745 0.991915 0.139625 0.79817 0.93084 0.800948 0.92741 0.795393 0.93427 0.933565 0.97742 0.937979 0.97726 0.929152 0.97726 0.546597 0.872687 0.543701 0.869357 0.549492 0.876018 0.221283 0.840978 0.225493 0.842211 0.109635 0.781661 0.117439 0.781458 0.11728 0.785871 0.108402 0.785871 0.280608 0.789128 0.280404 0.782514 0.284818 0.782673 0.284818 0.790361 0.933565 0.975874 0.929355 0.974641 0.289231 0.782514 0.289028 0.789128 0.937775 0.974641 0.217073 0.842211 0.117439 0.790285 0.109635 0.790081 0.353846 0.894204 0.353846 0.889857 0.359325 0.890055 0.359325 0.894402 0.568536 0.858421 0.565243 0.861283 0.561648 0.857148 0.564941 0.854286 0.558054 0.853014 0.561347 0.850151 0.538209 0.623648 0.542556 0.623648 0.542358 0.629127 0.538011 0.629127 0.542556 0.634606 0.538209 0.634606 0.761915 0.218502 0.758525 0.215756 0.761972 0.211498 0.765363 0.214244 0.76542 0.20724 0.768811 0.209986 0.348367 0.894402 0.348367 0.890055 0.35826 0.896143 0.353846 0.895984 0.349433 0.896143 0.769427 0.211856 0.766649 0.215286 0.763872 0.218716 0.540981 0.59725 0.542564 0.598832 0.540172 0.602967 0.538011 0.602383 0.540362 0.60698 0.538248 0.607364 0.563295 0.849869 0.56619 0.8532 0.569086 0.856531 0.98152 0.307374 0.884447 0.30629 0.884424 0.301733 0.981497 0.302817 0.667568 0.858335 0.570519 0.855928 0.570446 0.851719 0.667494 0.854125 0.570372 0.84751 0.667421 0.849916 0.640731 0.634606 0.546999 0.609336 0.547848 0.605925 0.64158 0.631194 0.549099 0.601564 0.642831 0.626834 0.867933 0.215035 0.771027 0.220827 0.770954 0.216617 0.867859 0.210825 0.77088 0.212408 0.867786 0.206616 0.98141 0.310596 0.884337 0.309512 0.315818 0.711678 0.315621 0.717157 0.311274 0.717157 0.311472 0.711678 0.678146 0.855538 0.674552 0.851404 0.677845 0.848541 0.68144 0.852676 0.670958 0.847269 0.674251 0.844406 0.981947 0.412893 0.987425 0.413091 0.987425 0.417438 0.981947 0.41724 0.992904 0.412893 0.992904 0.41724 0.87156 0.217557 0.875008 0.213299 0.878399 0.216045 0.874951 0.220303 0.878456 0.209041 0.881847 0.211787 0.315621 0.706199 0.311274 0.706199 0.991258 0.306289 0.990076 0.301682 0.992028 0.300593 0.993495 0.306313 0.989985 0.309837 0.991915 0.310717 0.873722 0.212258 0.876499 0.208828 0.870944 0.215688 0.987425 0.411311 0.991839 0.411152 0.983012 0.411152 0.673303 0.852489 0.670408 0.849158 0.676199 0.85582 0.353846 0.89634 0.358056 0.897573 0.00223305 0.734787 0.0100371 0.734583 0.0098778 0.738997 0.001 0.738997 0.256278 0.815118 0.256074 0.808505 0.260487 0.808664 0.260487 0.816352 0.987425 0.409765 0.983216 0.408532 0.264901 0.808505 0.264697 0.815118 0.991635 0.408532 0.349636 0.897573 0.0100371 0.74341 0.00223306 0.743207 0.777452 0.528411 0.78293 0.528213 0.78293 0.532559 0.777452 0.532757 0.768811 0.171429 0.765363 0.175686 0.761972 0.17294 0.76542 0.168683 0.761915 0.179944 0.758525 0.177198 0.543097 0.720718 0.543294 0.726197 0.538948 0.726197 0.53875 0.720718 0.543097 0.731676 0.53875 0.731676 0.796194 0.789277 0.799788 0.793412 0.796496 0.796274 0.792901 0.792139 0.803383 0.797547 0.80009 0.800409 0.771973 0.528213 0.771973 0.532559 0.777452 0.526631 0.781865 0.526471 0.773038 0.526471 0.801038 0.792326 0.803933 0.795657 0.798142 0.788995 0.887469 0.0293119 0.888628 0.0339463 0.886671 0.0350304 0.885231 0.0292775 0.888758 0.0255073 0.886831 0.0245547 0.766649 0.176728 0.763872 0.180158 0.769427 0.173298 0.308973 0.729568 0.307394 0.733843 0.215805 0.701661 0.217384 0.697386 0.867786 0.168058 0.867859 0.172268 0.770954 0.17806 0.77088 0.17385 0.867933 0.176477 0.771027 0.182269 0.992853 0.0266169 0.992729 0.0301304 0.895663 0.028585 0.895787 0.0250715 0.99273 0.0346665 0.895663 0.0331211 0.902268 0.789042 0.902342 0.793251 0.805293 0.790845 0.805219 0.786635 0.902415 0.79746 0.805366 0.795054 0.309973 0.726503 0.218384 0.694321 0.311274 0.626395 0.315621 0.626395 0.315818 0.631874 0.311472 0.631874 0.878456 0.170484 0.881847 0.17323 0.878399 0.177487 0.875008 0.174741 0.874951 0.181745 0.87156 0.178999 0.981696 0.323207 0.981696 0.318861 0.987174 0.318663 0.987174 0.32301 0.992653 0.318861 0.992653 0.323207 0.905805 0.786395 0.909098 0.783532 0.912692 0.787667 0.909399 0.790529 0.916287 0.791802 0.912994 0.794664 0.311472 0.620917 0.315818 0.620917 0.316529 0.739535 0.315067 0.737844 0.317753 0.733918 0.319864 0.734662 0.317771 0.730149 0.319886 0.729982 0.911046 0.794946 0.90815 0.791615 0.905255 0.788284 0.991588 0.324949 0.987174 0.32479 0.982761 0.324949 0.870944 0.17713 0.873722 0.1737 0.876499 0.17027 0.777452 0.526275 0.781661 0.525042 0.996944 0.597454 0.998177 0.601664 0.989299 0.601664 0.98914 0.59725 0.216008 0.846765 0.220218 0.845532 0.220218 0.853219 0.215805 0.853379 0.987174 0.326336 0.982964 0.327569 0.224428 0.846765 0.224632 0.853379 0.991384 0.327569 0.773242 0.525042 0.996944 0.605874 0.98914 0.606077 0.113881 0.774768 0.113881 0.770421 0.11936 0.770619 0.11936 0.774966 0.657372 0.708335 0.654079 0.711197 0.650485 0.707063 0.653778 0.7042 0.646891 0.702928 0.650184 0.700065 0.430807 0.672183 0.435154 0.672183 0.434956 0.677662 0.430609 0.677662 0.435154 0.683141 0.430807 0.683141 0.812177 0.937084 0.808786 0.934338 0.812234 0.93008 0.815625 0.932826 0.815682 0.925822 0.819072 0.928568 0.108402 0.774966 0.108402 0.770619 0.118295 0.776707 0.113881 0.776548 0.109467 0.776707 0.819688 0.930438 0.816911 0.933868 0.814133 0.937298 0.434317 0.742856 0.4359 0.744437 0.433508 0.748573 0.431347 0.747989 0.433698 0.752585 0.431584 0.75297 0.652131 0.699783 0.655027 0.703114 0.657923 0.706445 0.98152 0.213397 0.884447 0.212313 0.884424 0.207756 0.981497 0.20884 0.756404 0.708249 0.659356 0.705842 0.659282 0.701633 0.756331 0.70404 0.659209 0.697424 0.756257 0.69983 0.534067 0.780211 0.440335 0.754942 0.441184 0.75153 0.534916 0.776799 0.442435 0.74717 0.536167 0.772439 0.918194 0.933617 0.821289 0.939409 0.821215 0.935199 0.918121 0.929407 0.821142 0.93099 0.918047 0.925198 0.98141 0.21662 0.884337 0.215536 0.423221 0.614608 0.423023 0.620086 0.418676 0.620086 0.418874 0.614608 0.766983 0.705453 0.763389 0.701318 0.766682 0.698455 0.770276 0.70259 0.759794 0.697183 0.763087 0.694321 0.199102 0.698682 0.20458 0.69888 0.20458 0.703226 0.199102 0.703028 0.210059 0.698682 0.210059 0.703028 0.921821 0.936139 0.925269 0.931881 0.92866 0.934627 0.925212 0.938885 0.928717 0.927623 0.932108 0.930369 0.423023 0.609129 0.418676 0.609129 0.991258 0.212313 0.990076 0.207705 0.992028 0.206616 0.993495 0.212336 0.989985 0.215861 0.991915 0.21674 0.923983 0.93084 0.926761 0.92741 0.921206 0.93427 0.20458 0.6971 0.208994 0.69694 0.200167 0.69694 0.76214 0.702404 0.759244 0.699073 0.765035 0.705735 0.113881 0.776904 0.118091 0.778137 0.0408419 0.69859 0.048646 0.698386 0.0484866 0.7028 0.0396088 0.7028 0.32341 0.931838 0.323207 0.925224 0.32762 0.925383 0.32762 0.933071 0.20458 0.695554 0.200371 0.694321 0.332034 0.925224 0.33183 0.931838 0.20879 0.694321 0.109671 0.778137 0.048646 0.707213 0.0408419 0.70701 0.00647872 0.727893 0.00647872 0.723547 0.0119574 0.723745 0.0119574 0.728091 0.695242 0.838223 0.691949 0.841085 0.688355 0.83695 0.691648 0.834088 0.684761 0.832815 0.688053 0.829953 0.538209 0.61186 0.542556 0.61186 0.542358 0.617339 0.538011 0.617339 0.542556 0.622818 0.538209 0.622818 0.561445 0.916886 0.558054 0.91414 0.561502 0.909882 0.564893 0.912628 0.56495 0.905624 0.56834 0.90837 0.001 0.728091 0.001 0.723745 0.0108923 0.729833 0.00647872 0.729673 0.00206516 0.729833 0.568956 0.91024 0.566179 0.91367 0.563401 0.9171 0.434317 0.783532 0.4359 0.785114 0.433508 0.789249 0.431348 0.788665 0.433698 0.793262 0.431584 0.793646 0.690001 0.829671 0.692897 0.833002 0.695792 0.836333 0.98152 0.232676 0.884447 0.231592 0.884424 0.227035 0.981497 0.228119 0.794274 0.838137 0.697226 0.83573 0.697152 0.831521 0.794201 0.833927 0.697079 0.827311 0.794127 0.829718 0.534067 0.820887 0.440335 0.795618 0.441184 0.792206 0.534916 0.817476 0.442435 0.787846 0.536167 0.813115 0.667462 0.913419 0.570557 0.919211 0.570483 0.915001 0.667389 0.909209 0.57041 0.910792 0.667315 0.905 0.98141 0.235898 0.884337 0.234814 0.530623 0.614608 0.530425 0.620086 0.526079 0.620086 0.526276 0.614608 0.804853 0.83534 0.801259 0.831206 0.804552 0.828343 0.808146 0.832478 0.797664 0.827071 0.800957 0.824208 0.981696 0.338027 0.987174 0.338225 0.987174 0.342572 0.981696 0.342374 0.992653 0.338027 0.992653 0.342374 0.67109 0.915941 0.674537 0.911683 0.677928 0.914429 0.67448 0.918687 0.677985 0.907425 0.681376 0.910171 0.530425 0.609129 0.526079 0.609129 0.991258 0.231591 0.990076 0.226984 0.992028 0.225895 0.993495 0.231615 0.989985 0.235139 0.991915 0.236019 0.673251 0.910642 0.676029 0.907212 0.670474 0.914072 0.987174 0.336445 0.991588 0.336286 0.982761 0.336286 0.80001 0.832291 0.797114 0.82896 0.802905 0.835622 0.00647872 0.730029 0.0106886 0.731262 0.0273937 0.708796 0.0351977 0.708592 0.0350384 0.713006 0.0261606 0.713006 0.26716 0.799334 0.266956 0.79272 0.27137 0.792879 0.27137 0.800567 0.987174 0.334899 0.982964 0.333666 0.275783 0.79272 0.27558 0.799334 0.991384 0.333666 0.00226881 0.731262 0.0351977 0.717419 0.0273937 0.717216 0.873629 0.443665 0.869468 0.443665 0.869468 0.438439 0.873629 0.438439 0.952684 0.423485 0.956846 0.423485 0.956846 0.428711 0.952684 0.428711 0.956846 0.433937 0.952684 0.433937 0.904465 0.72497 0.900304 0.72497 0.900304 0.719745 0.904465 0.719745 0.900304 0.714519 0.904465 0.714519 0.904465 0.737913 0.900304 0.737913 0.900304 0.732687 0.904465 0.732687 0.900304 0.727461 0.904465 0.727461 0.873629 0.448891 0.869468 0.448891 0.875208 0.439455 0.875208 0.443665 0.875208 0.447875 0.906044 0.728477 0.906044 0.732687 0.906044 0.736897 0.906044 0.715535 0.906044 0.719745 0.906044 0.723954 0.951105 0.432921 0.951105 0.428711 0.951105 0.424501 0.951105 0.439455 0.951105 0.443665 0.875208 0.428711 0.875208 0.424501 0.875208 0.432921 0.981942 0.719745 0.981942 0.723954 0.981942 0.715535 0.981942 0.732687 0.981942 0.736897 0.981942 0.728477 0.951105 0.447875 0.952684 0.443665 0.952684 0.438439 0.956846 0.438439 0.956846 0.443665 0.873629 0.423485 0.873629 0.428711 0.869468 0.428711 0.869468 0.423485 0.873629 0.433937 0.869468 0.433937 0.98352 0.72497 0.98352 0.719745 0.987682 0.719745 0.987682 0.72497 0.98352 0.714519 0.987682 0.714519 0.98352 0.737913 0.98352 0.732687 0.987682 0.732687 0.987682 0.737913 0.98352 0.727461 0.987682 0.727461 0.952684 0.448891 0.956846 0.448891 0.938535 0.808077 0.933056 0.808274 0.933056 0.803928 0.938535 0.80373 0.694153 0.90837 0.690705 0.912628 0.687315 0.909882 0.690762 0.905625 0.687258 0.916886 0.683867 0.91414 0.543835 0.769253 0.544033 0.774732 0.539686 0.774732 0.539488 0.769253 0.543835 0.780211 0.539488 0.780211 0.865727 0.602995 0.869321 0.60713 0.866028 0.609992 0.862434 0.605857 0.872915 0.611265 0.869622 0.614127 0.944013 0.808274 0.944013 0.803928 0.938535 0.809857 0.934121 0.810016 0.942948 0.810016 0.87057 0.606044 0.873465 0.609375 0.867674 0.602713 0.887469 0.00575721 0.888628 0.0103915 0.88667 0.0114757 0.885231 0.00572281 0.888758 0.00195254 0.886831 0.001 0.691992 0.91367 0.689214 0.9171 0.694769 0.91024 0.0941689 0.632498 0.092589 0.636772 0.001 0.60459 0.00257987 0.600316 0.793128 0.905 0.793202 0.909209 0.696296 0.915001 0.696223 0.910792 0.793275 0.913419 0.69637 0.919211 0.992853 0.00306247 0.992729 0.00657592 0.895663 0.00503028 0.895787 0.00151684 0.992729 0.0111121 0.895663 0.00956645 0.9718 0.60276 0.971874 0.606969 0.874825 0.604563 0.874752 0.600353 0.971947 0.611178 0.874899 0.608772 0.0951681 0.629432 0.00357909 0.59725 0.436088 0.686462 0.436088 0.690808 0.430609 0.691006 0.430609 0.68666 0.803798 0.907425 0.807189 0.910171 0.803741 0.914429 0.80035 0.911683 0.800293 0.918687 0.796902 0.915941 0.942251 0.946444 0.942251 0.942097 0.947729 0.9419 0.947729 0.946246 0.953208 0.942097 0.953208 0.946444 0.975337 0.600113 0.97863 0.59725 0.982225 0.601385 0.978932 0.604247 0.985819 0.60552 0.982526 0.608382 0.441567 0.68666 0.441567 0.691006 0.101725 0.642464 0.100262 0.640773 0.102949 0.636848 0.10506 0.637591 0.102966 0.633078 0.105081 0.632912 0.980578 0.608664 0.977683 0.605333 0.974787 0.602002 0.952143 0.948186 0.947729 0.948026 0.943316 0.948185 0.796286 0.914072 0.799064 0.910642 0.801841 0.907212 0.938535 0.810212 0.934325 0.811445 0.677444 0.975506 0.678677 0.979716 0.669799 0.979716 0.66964 0.975302 0.990376 0.728694 0.994586 0.727461 0.994586 0.735149 0.990173 0.735308 0.947729 0.949572 0.943519 0.950805 0.998796 0.728694 0.999 0.735308 0.951939 0.950805 0.942745 0.811445 0.677444 0.983926 0.66964 0.984129 0.0316393 0.701755 0.0316393 0.706101 0.0261606 0.705904 0.0261606 0.701557 0.657372 0.728533 0.654079 0.731395 0.650485 0.727261 0.653778 0.724398 0.646891 0.723126 0.650184 0.720263 0.645612 0.575113 0.649958 0.575113 0.64976 0.580591 0.645414 0.580591 0.649958 0.58607 0.645612 0.58607 0.761915 0.0835498 0.758525 0.080804 0.761972 0.0765462 0.765363 0.0792921 0.76542 0.0722885 0.768811 0.0750343 0.0371181 0.701557 0.037118 0.705904 0.0272258 0.699816 0.0316393 0.699975 0.0360529 0.699816 0.769427 0.0769036 0.766649 0.0803336 0.763872 0.0837636 0.433579 0.645785 0.435162 0.647367 0.43277 0.651502 0.430609 0.650919 0.43296 0.655515 0.430846 0.655899 0.652131 0.719981 0.655027 0.723312 0.657923 0.726643 0.98152 0.289304 0.884447 0.28822 0.884424 0.283663 0.981497 0.284747 0.756404 0.728447 0.659356 0.72604 0.659282 0.721831 0.756331 0.724238 0.659209 0.717622 0.756257 0.720028 0.533329 0.683141 0.439597 0.657871 0.440446 0.65446 0.534178 0.679729 0.441697 0.650099 0.535429 0.675369 0.867933 0.0800827 0.771027 0.0858748 0.770954 0.0816654 0.867859 0.0758734 0.77088 0.0774562 0.867786 0.0716642 0.98141 0.292526 0.884337 0.291442 0.203872 0.663143 0.20407 0.657664 0.208416 0.657664 0.208218 0.663143 0.766983 0.725651 0.763389 0.721516 0.766682 0.718653 0.770276 0.722788 0.759794 0.717381 0.763087 0.714519 0.55716 0.993109 0.562639 0.993306 0.562639 0.997653 0.55716 0.997455 0.568118 0.993109 0.568118 0.997455 0.87156 0.0826049 0.875008 0.0783472 0.878399 0.081093 0.874951 0.0853508 0.878456 0.0740894 0.881847 0.0768353 0.20407 0.668622 0.208416 0.668622 0.991258 0.288219 0.990076 0.283612 0.992028 0.282523 0.993495 0.288242 0.989985 0.291767 0.991915 0.292647 0.873722 0.0773056 0.876499 0.0738757 0.870944 0.0807357 0.562639 0.991526 0.567053 0.991367 0.558226 0.991367 0.76214 0.722602 0.759244 0.719271 0.765035 0.725933 0.0316393 0.699619 0.0274294 0.698386 0.943598 0.974844 0.951402 0.974641 0.951243 0.979054 0.942365 0.979054 0.946708 0.810344 0.946504 0.80373 0.950918 0.803889 0.950918 0.811577 0.562639 0.98998 0.558429 0.988747 0.955331 0.80373 0.955128 0.810344 0.566849 0.988747 0.0358492 0.698386 0.951402 0.983468 0.943598 0.983264 0.956207 0.848753 0.950728 0.848951 0.950728 0.844604 0.956207 0.844406 0.768811 0.113592 0.765363 0.11785 0.761972 0.115104 0.76542 0.110846 0.761915 0.122108 0.758525 0.119362 0.435694 0.798142 0.435892 0.803621 0.431545 0.803621 0.431348 0.798142 0.435694 0.809099 0.431348 0.809099 0.43464 0.890547 0.438235 0.894682 0.434942 0.897544 0.431348 0.89341 0.441829 0.898817 0.438536 0.901679 0.961686 0.848951 0.961686 0.844604 0.956207 0.850533 0.951793 0.850692 0.96062 0.850692 0.439484 0.893596 0.442379 0.896927 0.436588 0.890265 0.760762 0.458149 0.761922 0.462784 0.759964 0.463868 0.758525 0.458115 0.762051 0.454345 0.760125 0.453392 0.766649 0.118891 0.763872 0.122321 0.769427 0.115461 0.523778 0.583963 0.522198 0.588237 0.430609 0.556055 0.432189 0.551781 0.867786 0.110222 0.867859 0.114431 0.770954 0.120223 0.77088 0.116014 0.867933 0.11864 0.771027 0.124432 0.866147 0.455454 0.866022 0.458968 0.768956 0.457422 0.76908 0.453909 0.866023 0.463504 0.768957 0.461958 0.540714 0.890312 0.540788 0.894521 0.443739 0.892115 0.443666 0.887905 0.540861 0.898731 0.443813 0.896324 0.524777 0.580897 0.433188 0.548715 0.101014 0.614608 0.0966672 0.614608 0.0964694 0.609129 0.100816 0.609129 0.878456 0.112647 0.881847 0.115393 0.878399 0.119651 0.875008 0.116905 0.874951 0.123909 0.87156 0.121163 0.413906 0.828753 0.413906 0.824406 0.419385 0.824208 0.419385 0.828555 0.424864 0.824406 0.424864 0.828753 0.544251 0.887665 0.547544 0.884802 0.551139 0.888937 0.547846 0.8918 0.554733 0.893072 0.55144 0.895934 0.100816 0.620086 0.0964694 0.620086 0.531334 0.593929 0.529872 0.592238 0.532558 0.588312 0.534669 0.589056 0.532575 0.584543 0.53469 0.584377 0.549492 0.896216 0.546597 0.892885 0.543701 0.889554 0.423799 0.830494 0.419385 0.830335 0.414971 0.830494 0.870944 0.119293 0.873722 0.115863 0.876499 0.112433 0.956207 0.850888 0.951997 0.852122 0.963503 0.942103 0.964736 0.946313 0.955858 0.946313 0.955699 0.9419 0.990376 0.715752 0.994586 0.714519 0.994586 0.722206 0.990173 0.722365 0.419385 0.831881 0.415175 0.833114 0.998796 0.715752 0.999 0.722365 0.423595 0.833114 0.960417 0.852122 0.963503 0.950523 0.955699 0.950727 0.272435 0.785883 0.272435 0.790229 0.266956 0.790031 0.266956 0.785685 0.54997 0.797547 0.546677 0.800409 0.543083 0.796274 0.546376 0.793412 0.539488 0.792139 0.542781 0.789277 0.645612 0.563325 0.649958 0.563325 0.64976 0.568804 0.645414 0.568804 0.649958 0.574283 0.645612 0.574283 0.561445 0.896688 0.558054 0.893942 0.561502 0.889684 0.564893 0.89243 0.56495 0.885426 0.56834 0.888172 0.277913 0.785685 0.277913 0.790031 0.268021 0.783943 0.272435 0.784103 0.276848 0.783943 0.568956 0.890042 0.566179 0.893472 0.563401 0.896902 0.433579 0.694321 0.435162 0.695902 0.43277 0.700038 0.430609 0.699454 0.43296 0.70405 0.430846 0.704435 0.544729 0.788995 0.547625 0.792326 0.55052 0.795657 0.98152 0.174839 0.884447 0.173755 0.884424 0.169198 0.981497 0.170283 0.649002 0.79746 0.551953 0.795054 0.55188 0.790845 0.648929 0.793251 0.551806 0.786635 0.648855 0.789042 0.533329 0.731676 0.439597 0.706406 0.440446 0.702995 0.534178 0.728264 0.441697 0.698635 0.535429 0.723904 0.667462 0.893221 0.570557 0.899013 0.570483 0.894804 0.667389 0.889012 0.57041 0.890594 0.667315 0.884802 0.98141 0.178062 0.884337 0.176978 0.203872 0.674931 0.20407 0.669452 0.208416 0.669452 0.208218 0.674931 0.659581 0.794664 0.655986 0.790529 0.659279 0.787667 0.662874 0.791802 0.652392 0.786395 0.655685 0.783532 0.935492 0.909361 0.940971 0.909559 0.940971 0.913906 0.935492 0.913708 0.94645 0.909361 0.94645 0.913708 0.67109 0.895743 0.674537 0.891485 0.677928 0.894231 0.67448 0.898489 0.677985 0.887227 0.681376 0.889973 0.20407 0.680409 0.208416 0.680409 0.991258 0.173755 0.990076 0.169147 0.992028 0.168058 0.993495 0.173778 0.989985 0.177303 0.991915 0.178182 0.673251 0.890444 0.676029 0.887014 0.670474 0.893874 0.940971 0.907779 0.945385 0.90762 0.936558 0.90762 0.654737 0.791615 0.651842 0.788284 0.657633 0.794946 0.272435 0.783747 0.268225 0.782514 0.571842 0.988951 0.579646 0.988747 0.579487 0.993161 0.570609 0.993161 0.964253 0.891416 0.96405 0.884802 0.968463 0.884962 0.968463 0.892649 0.940971 0.906233 0.936761 0.905 0.972877 0.884802 0.972673 0.891416 0.945181 0.905 0.276645 0.782514 0.579646 0.997575 0.571842 0.997371 0.957931 0.828555 0.952452 0.828753 0.952452 0.824406 0.957931 0.824208 0.567447 0.961971 0.563999 0.966229 0.560608 0.963483 0.564056 0.959225 0.560551 0.970487 0.55716 0.967741 0.435694 0.80993 0.435892 0.815408 0.431545 0.815408 0.431348 0.80993 0.435694 0.820887 0.431348 0.820887 0.77689 0.700065 0.780484 0.7042 0.777191 0.707063 0.773597 0.702928 0.784079 0.708335 0.780786 0.711197 0.963409 0.828753 0.963409 0.824406 0.957931 0.830335 0.953517 0.830494 0.962344 0.830494 0.781734 0.703114 0.784629 0.706445 0.778838 0.699783 0.760762 0.503009 0.761922 0.507644 0.759964 0.508728 0.758525 0.502975 0.762051 0.499205 0.760125 0.498252 0.565285 0.96727 0.562508 0.9707 0.568063 0.96384 0.416376 0.681033 0.414796 0.685307 0.323207 0.653125 0.324787 0.648851 0.666422 0.958601 0.666495 0.96281 0.56959 0.968602 0.569516 0.964393 0.666569 0.967019 0.569663 0.972811 0.866147 0.500315 0.866022 0.503828 0.768956 0.502282 0.76908 0.498769 0.866023 0.508364 0.768957 0.506818 0.882964 0.69983 0.883038 0.70404 0.785989 0.701633 0.785915 0.697424 0.883111 0.708249 0.786062 0.705842 0.417375 0.677967 0.325786 0.645785 0.54349 0.637927 0.54349 0.642273 0.538011 0.642471 0.538011 0.638124 0.677092 0.961026 0.680483 0.963772 0.677035 0.96803 0.673644 0.965284 0.673587 0.972287 0.670196 0.969542 0.934599 0.929743 0.934599 0.925396 0.940077 0.925198 0.940077 0.929545 0.945556 0.925396 0.945556 0.929743 0.886501 0.697183 0.889794 0.694321 0.893388 0.698455 0.890095 0.701318 0.896983 0.70259 0.89369 0.705453 0.548969 0.638124 0.548969 0.642471 0.423932 0.690999 0.422469 0.689309 0.425156 0.685383 0.427267 0.686126 0.425173 0.681613 0.427288 0.681447 0.891742 0.705735 0.888846 0.702404 0.885951 0.699073 0.944491 0.931484 0.940077 0.931325 0.935664 0.931484 0.66958 0.967672 0.672358 0.964242 0.675135 0.960812 0.957931 0.830691 0.953721 0.831923 0.977649 0.563918 0.976416 0.559708 0.985294 0.559708 0.985453 0.564122 0.0154822 0.72478 0.0196921 0.723547 0.0196921 0.731234 0.0152785 0.731394 0.940077 0.932871 0.935868 0.934104 0.023902 0.72478 0.0241056 0.731394 0.944287 0.934104 0.962141 0.831923 0.977649 0.555498 0.985453 0.555295 0.975315 0.575584 0.975315 0.57993 0.969836 0.579732 0.969836 0.575386 0.769006 0.0150144 0.765713 0.0178769 0.762119 0.0137421 0.765412 0.0108796 0.758525 0.00960725 0.761818 0.00674476 0.323405 0.757466 0.327751 0.757466 0.327553 0.762944 0.323207 0.762944 0.327751 0.768423 0.323405 0.768423 0.688151 0.87649 0.684761 0.873744 0.688208 0.869486 0.691599 0.872232 0.691656 0.865229 0.695047 0.867974 0.980793 0.575386 0.980793 0.579732 0.970901 0.573644 0.975315 0.573804 0.979728 0.573644 0.695663 0.869844 0.692885 0.873274 0.690108 0.876704 0.756524 0.548715 0.758107 0.550297 0.755715 0.554432 0.753554 0.553848 0.755905 0.558444 0.753791 0.558829 0.763765 0.00646285 0.766661 0.0097938 0.769557 0.0131248 0.96665 0.385406 0.869577 0.384322 0.869554 0.379766 0.966627 0.380849 0.868038 0.0149284 0.77099 0.0125218 0.770916 0.00831254 0.867965 0.0107191 0.770843 0.00410328 0.867891 0.00650983 0.856274 0.58607 0.762542 0.560801 0.763391 0.557389 0.857123 0.582658 0.764642 0.553029 0.858374 0.578298 0.794169 0.873023 0.697263 0.878815 0.69719 0.874606 0.794095 0.868814 0.697116 0.870396 0.794022 0.864604 0.96654 0.388629 0.869468 0.387545 0.203872 0.626395 0.20407 0.620917 0.208416 0.620917 0.208218 0.626395 0.878617 0.0121322 0.875023 0.00799735 0.878316 0.00513486 0.88191 0.0092697 0.871428 0.00386252 0.874721 0.001 0.682973 0.994211 0.688452 0.994409 0.688452 0.998756 0.682973 0.998558 0.693931 0.994211 0.693931 0.998558 0.797796 0.875545 0.801244 0.871287 0.804635 0.874033 0.801187 0.878291 0.804692 0.867029 0.808083 0.869775 0.20407 0.631874 0.208416 0.631874 0.976388 0.384322 0.975206 0.379714 0.977159 0.378625 0.978626 0.384345 0.975115 0.38787 0.977046 0.388749 0.799958 0.870246 0.802735 0.866816 0.79718 0.873676 0.688452 0.992629 0.692866 0.99247 0.684038 0.99247 0.873774 0.00908318 0.870878 0.0057522 0.876669 0.0124141 0.975315 0.573448 0.971105 0.572215 0.00928572 0.705853 0.0170898 0.705649 0.0169305 0.710062 0.00805266 0.710062 0.965147 0.871218 0.964943 0.864604 0.969357 0.864764 0.969357 0.872451 0.688452 0.991083 0.684242 0.98985 0.97377 0.864604 0.973567 0.871218 0.692662 0.98985 0.979525 0.572215 0.0170898 0.714476 0.00928572 0.714272 0.954419 0.909347 0.948941 0.909545 0.948941 0.905198 0.954419 0.905 0.768811 0.267823 0.765363 0.272081 0.761972 0.269335 0.76542 0.265077 0.761915 0.276338 0.758525 0.273592 0.543835 0.757465 0.544033 0.762944 0.539686 0.762944 0.539488 0.757465 0.543835 0.768423 0.539488 0.768423 0.561347 0.870349 0.564941 0.874484 0.561648 0.877346 0.558054 0.873212 0.568536 0.878619 0.565243 0.881481 0.959898 0.909545 0.959898 0.905198 0.954419 0.911127 0.950006 0.911286 0.958833 0.911286 0.56619 0.873398 0.569086 0.876729 0.563295 0.870067 0.760762 0.398336 0.761922 0.40297 0.759964 0.404054 0.758525 0.398302 0.762051 0.394531 0.760125 0.393579 0.766649 0.273122 0.763872 0.276552 0.769427 0.269692 0.201571 0.681033 0.199991 0.685308 0.108402 0.653125 0.109982 0.648851 0.867786 0.264453 0.867859 0.268662 0.770954 0.274454 0.77088 0.270245 0.867933 0.272871 0.771027 0.278663 0.866147 0.395641 0.866022 0.399155 0.768956 0.397609 0.76908 0.394096 0.866023 0.403691 0.768957 0.402145 0.667421 0.870114 0.667494 0.874323 0.570446 0.871917 0.570372 0.867707 0.667568 0.878533 0.570519 0.876126 0.20257 0.677968 0.110981 0.645785 0.208416 0.566072 0.204069 0.566072 0.203872 0.560594 0.208218 0.560594 0.878456 0.266878 0.881847 0.269624 0.878399 0.273881 0.875008 0.271136 0.874951 0.278139 0.87156 0.275393 0.0916994 0.65033 0.0916994 0.645983 0.0971781 0.645785 0.0971781 0.650132 0.102657 0.645983 0.102657 0.65033 0.670958 0.867467 0.674251 0.864604 0.677845 0.868739 0.674552 0.871602 0.68144 0.872874 0.678147 0.875736 0.208218 0.571551 0.203872 0.571551 0.209127 0.690999 0.207665 0.689309 0.210351 0.685383 0.212462 0.686127 0.210368 0.681614 0.212483 0.681447 0.676199 0.876018 0.673303 0.872687 0.670408 0.869357 0.101592 0.652071 0.0971781 0.651912 0.0927646 0.652071 0.870944 0.273524 0.873722 0.270094 0.876499 0.266664 0.954419 0.911482 0.95021 0.912715 0.33841 0.878723 0.3342 0.879956 0.3342 0.871078 0.338614 0.870919 0.990376 0.695554 0.994586 0.694321 0.994586 0.702008 0.990173 0.702167 0.0971781 0.653458 0.0929682 0.654691 0.998796 0.695554 0.999 0.702167 0.101388 0.654691 0.958629 0.912715 0.329991 0.878723 0.329787 0.870919 0.328686 0.918387 0.328686 0.922733 0.323207 0.922535 0.323207 0.918189 0.54997 0.817745 0.546677 0.820607 0.543083 0.816472 0.546376 0.81361 0.539488 0.812337 0.542781 0.809475 0.323405 0.769254 0.327751 0.769254 0.327553 0.774732 0.323207 0.774732 0.327751 0.780211 0.323405 0.780211 0.761915 0.312479 0.758525 0.309733 0.761972 0.305475 0.765363 0.308221 0.76542 0.301217 0.768811 0.303963 0.334164 0.918189 0.334164 0.922535 0.324272 0.916447 0.328686 0.916607 0.333099 0.916447 0.769427 0.305832 0.766649 0.309262 0.763872 0.312692 0.864665 0.548715 0.866248 0.550297 0.863856 0.554432 0.861695 0.553848 0.864046 0.558444 0.861932 0.558829 0.544729 0.809193 0.547625 0.812524 0.55052 0.815855 0.654343 0.982083 0.55727 0.980999 0.557247 0.976442 0.65432 0.977526 0.649002 0.817658 0.551953 0.815252 0.55188 0.811043 0.648929 0.813449 0.551806 0.806833 0.648855 0.80924 0.964415 0.58607 0.870683 0.560801 0.871532 0.557389 0.965264 0.582658 0.872783 0.553029 0.966515 0.578298 0.867933 0.309012 0.771027 0.314804 0.770954 0.310594 0.867859 0.304802 0.77088 0.306385 0.867786 0.300593 0.654233 0.985306 0.55716 0.984222 0.311274 0.566072 0.311472 0.560594 0.315818 0.560594 0.315621 0.566072 0.659581 0.814862 0.655986 0.810727 0.659279 0.807865 0.662874 0.812 0.652392 0.806593 0.655685 0.80373 0.981947 0.39794 0.987425 0.398138 0.987425 0.402484 0.981947 0.402287 0.992904 0.39794 0.992904 0.402287 0.87156 0.311534 0.875008 0.307276 0.878399 0.310022 0.874951 0.31428 0.878456 0.303018 0.881847 0.305764 0.311472 0.571551 0.315818 0.571551 0.664081 0.980999 0.662899 0.976391 0.664851 0.975302 0.666318 0.981022 0.662808 0.984547 0.664738 0.985426 0.873722 0.306234 0.876499 0.302804 0.870944 0.309664 0.987425 0.396358 0.991839 0.396198 0.983012 0.396198 0.654737 0.811813 0.651842 0.808482 0.657633 0.815144 0.328686 0.916251 0.324476 0.915018 0.964584 0.958804 0.972388 0.958601 0.972228 0.963014 0.963351 0.963014 0.96438 0.85102 0.964176 0.844406 0.96859 0.844566 0.96859 0.852253 0.987425 0.394812 0.983215 0.393579 0.973004 0.844406 0.9728 0.85102 0.991635 0.393579 0.332895 0.915018 0.972388 0.967428 0.964584 0.967224 0.873629 0.473571 0.869468 0.473571 0.869468 0.468345 0.873629 0.468345 0.0842165 0.659558 0.0883784 0.659558 0.0883784 0.664784 0.0842165 0.664784 0.0883784 0.67001 0.0842165 0.67001 0.905204 0.773505 0.901042 0.773505 0.901042 0.76828 0.905204 0.76828 0.901042 0.763054 0.905204 0.763054 0.219966 0.780023 0.215805 0.780023 0.215805 0.774797 0.219966 0.774797 0.215805 0.769571 0.219966 0.769571 0.873629 0.478797 0.869468 0.478797 0.875208 0.469361 0.875208 0.473571 0.875208 0.477781 0.221545 0.770587 0.221545 0.774797 0.221545 0.779007 0.906782 0.76407 0.906782 0.768279 0.906782 0.772489 0.0826379 0.668994 0.0826379 0.664784 0.0826379 0.660574 0.951105 0.469361 0.951105 0.473571 0.00674051 0.664784 0.00674051 0.660574 0.00674051 0.668994 0.98268 0.768279 0.98268 0.772489 0.98268 0.76407 0.297442 0.774797 0.297442 0.779007 0.297442 0.770587 0.951105 0.477781 0.952684 0.473571 0.952684 0.468345 0.956846 0.468345 0.956846 0.473571 0.00516183 0.659558 0.00516183 0.664784 0.001 0.664784 0.001 0.659558 0.00516183 0.67001 0.001 0.67001 0.984258 0.773505 0.984258 0.76828 0.98842 0.76828 0.98842 0.773505 0.984258 0.763054 0.98842 0.763054 0.299021 0.780023 0.299021 0.774797 0.303183 0.774797 0.303183 0.780023 0.299021 0.769571 0.303183 0.769571 0.952684 0.478797 0.956846 0.478797 0.895158 0.353895 0.890996 0.353895 0.890996 0.348669 0.895158 0.348669 0.952684 0.498252 0.956846 0.498252 0.956846 0.503478 0.952684 0.503478 0.956846 0.508704 0.952684 0.508704 0.0842165 0.645785 0.0883784 0.645785 0.0883784 0.651011 0.0842165 0.651011 0.0883784 0.656237 0.0842165 0.656237 0.112564 0.74443 0.108402 0.74443 0.108402 0.739205 0.112564 0.739205 0.108402 0.733979 0.112564 0.733979 0.895158 0.359121 0.890996 0.359121 0.896737 0.349685 0.896737 0.353895 0.896737 0.358105 0.114143 0.734995 0.114143 0.739205 0.114143 0.743415 0.0826379 0.655221 0.0826379 0.651011 0.0826379 0.646801 0.951105 0.507688 0.951105 0.503478 0.951105 0.499268 0.972634 0.349685 0.972634 0.353895 0.875208 0.503478 0.875208 0.499268 0.875208 0.507688 0.00674051 0.651011 0.00674051 0.646801 0.00674051 0.655221 0.19004 0.739205 0.19004 0.743415 0.19004 0.734995 0.972634 0.358105 0.974213 0.353895 0.974213 0.348669 0.978375 0.348669 0.978375 0.353895 0.873629 0.498252 0.873629 0.503478 0.869468 0.503478 0.869468 0.498252 0.873629 0.508704 0.869468 0.508704 0.00516183 0.645785 0.00516183 0.651011 0.001 0.651011 0.001 0.645785 0.00516183 0.656237 0.001 0.656237 0.191619 0.74443 0.191619 0.739205 0.195781 0.739205 0.195781 0.74443 0.191619 0.733979 0.195781 0.733979 0.974213 0.359121 0.978375 0.359121 0.895158 0.323889 0.890996 0.323889 0.890996 0.318663 0.895158 0.318663 0.299021 0.756629 0.303183 0.756629 0.303183 0.761855 0.299021 0.761855 0.303183 0.76708 0.299021 0.76708 0.406423 0.824208 0.410585 0.824208 0.410585 0.829434 0.406423 0.829434 0.410585 0.83466 0.406423 0.83466 0.00516184 0.682953 0.001 0.682953 0.001 0.677727 0.00516184 0.677727 0.001 0.672501 0.00516184 0.672501 0.895158 0.329115 0.890996 0.329115 0.896737 0.319679 0.896737 0.323889 0.896737 0.328099 0.00674051 0.673517 0.00674051 0.677727 0.00674051 0.681937 0.404845 0.833644 0.404845 0.829434 0.404845 0.825224 0.297442 0.766065 0.297442 0.761855 0.297442 0.757645 0.972634 0.319679 0.972634 0.323889 0.221545 0.761855 0.221545 0.757645 0.221545 0.766065 0.328947 0.829434 0.328947 0.825224 0.328947 0.833644 0.0826378 0.677727 0.0826378 0.681937 0.0826378 0.673517 0.972634 0.328099 0.974213 0.323889 0.974213 0.318663 0.978374 0.318663 0.978374 0.323889 0.219966 0.756629 0.219966 0.761855 0.215805 0.761855 0.215805 0.756629 0.219966 0.76708 0.215805 0.76708 0.327369 0.824208 0.327369 0.829434 0.323207 0.829434 0.323207 0.824208 0.327369 0.83466 0.323207 0.83466 0.0842165 0.682953 0.0842165 0.677727 0.0883784 0.677727 0.0883784 0.682953 0.0842165 0.672501 0.0883784 0.672501 0.974213 0.329115 0.978374 0.329115 </float_array>
          <technique_common>
            <accessor count="5333" offset="0" source="#meshId0-tex0-array" stride="2">
              <param name="S" type="float" />
              <param name="T" type="float" />
            </accessor>
          </technique_common>
        </source>
        <vertices id="meshId0-vertices">
          <input semantic="POSITION" source="#meshId0-positions" />
        </vertices>
        <polylist count="5152" material="defaultMaterial">
          <input offset="0" semantic="VERTEX" source="#meshId0-vertices" />
          <input offset="0" semantic="NORMAL" source="#meshId0-normals" />
          <input offset="0" semantic="TANGENT" source="#meshId0-tangents" />
          <input offset="0" semantic="BINORMAL" source="#meshId0-bitangents" />
          <input offset="0" semantic="TEXCOORD" source="#meshId0-tex0" set="0" />
          <vcount>3 3 3 3 3 3 3 3 3 3 3 3 3 3 3 3 3 3 3 3 3 3 3 3 3 3 3 3 3 3 3 3 3 3 3 3 3 3 3 3 3 3 3 3 3 3 3 3 3 3 3 3 3 3 3 3 3 3 3 3 3 3 3 3 3 3 3 3 3 3 3 3 3 3 3 3 3 3 3 3 3 3 3 3 3 3 3 3 3 3 3 3 3 3 3 3 3 3 3 3 3 3 3 3 3 3 3 3 3 3 3 3 3 3 3 3 3 3 3 3 3 3 3 3 3 3 3 3 3 3 3 3 3 3 3 3 3 3 3 3 3 3 3 3 3 3 3 3 3 3 3 3 3 3 3 3 3 3 3 3 3 3 3 3 3 3 3 3 3 3 3 3 3 3 3 3 3 3 3 3 3 3 3 3 3 3 3 3 3 3 3 3 3 3 3 3 3 3 3 3 3 3 3 3 3 3 3 3 3 3 3 3 3 3 3 3 3 3 3 3 3 3 3 3 3 3 3 3 3 3 3 3 3 3 3 3 3 3 3 3 3 3 3 3 3 3 3 3 3 3 3 3 3 3 3 3 3 3 3 3 3 3 3 3 3 3 3 3 3 3 3 3 3 3 3 3 3 3 3 3 3 3 3 3 3 3 3 3 3 3 3 3 3 3 3 3 3 3 3 3 3 3 3 3 3 3 3 3 3 3 3 3 3 3 3 3 3 3 3 3 3 3 3 3 3 3 3 3 3 3 3 3 3 3 3 3 3 3 3 3 3 3 3 3 3 3 3 3 3 3 3 3 3 3 3 3 3 3 3 3 3 3 3 3 3 3 3 3 3 3 3 3 3 3 3 3 3 3 3 3 3 3 3 3 3 3 3 3 3 3 3 3 3 3 3 3 3 3 3 3 3 3 3 3 3 3 3 3 3 3 3 3 3 3 3 3 3 3 3 3 3 3 3 3 3 3 3 3 3 3 3 3 3 3 3 3 3 3 3 3 3 3 3 3 3 3 3 3 3 3 3 3 3 3 3 3 3 3 3 3 3 3 3 3 3 3 3 3 3 3 3 3 3 3 3 3 3 3 3 3 3 3 3 3 3 3 3 3 3 3 3 3 3 3 3 3 3 3 3 3 3 3 3 3 3 3 3 3 3 3 3 3 3 3 3 3 3 3 3 3 3 3 3 3 3 3 3 3 3 3 3 3 3 3 3 3 3 3 3 3 3 3 3 3 3 3 3 3 3 3 3 3 3 3 3 3 3 3 3 3 3 3 3 3 3 3 3 3 3 3 3 3 3 3 3 3 3 3 3 3 3 3 3 3 3 3 3 3 3 3 3 3 3 3 3 3 3 3 3 3 3 3 3 3 3 3 3 3 3 3 3 3 3 3 3 3 3 3 3 3 3 3 3 3 3 3 3 3 3 3 3 3 3 3 3 3 3 3 3 3 3 3 3 3 3 3 3 3 3 3 3 3 3 3 3 3 3 3 3 3 3 3 3 3 3 3 3 3 3 3 3 3 3 3 3 3 3 3 3 3 3 3 3 3 3 3 3 3 3 3 3 3 3 3 3 3 3 3 3 3 3 3 3 3 3 3 3 3 3 3 3 3 3 3 3 3 3 3 3 3 3 3 3 3 3 3 3 3 3 3 3 3 3 3 3 3 3 3 3 3 3 3 3 3 3 3 3 3 3 3 3 3 3 3 3 3 3 3 3 3 3 3 3 3 3 3 3 3 3 3 3 3 3 3 3 3 3 3 3 3 3 3 3 3 3 3 3 3 3 3 3 3 3 3 3 3 3 3 3 3 3 3 3 3 3 3 3 3 3 3 3 3 3 3 3 3 3 3 3 3 3 3 3 3 3 3 3 3 3 3 3 3 3 3 3 3 3 3 3 3 3 3 3 3 3 3 3 3 3 3 3 3 3 3 3 3 3 3 3 3 3 3 3 3 3 3 3 3 3 3 3 3 3 3 3 3 3 3 3 3 3 3 3 3 3 3 3 3 3 3 3 3 3 3 3 3 3 3 3 3 3 3 3 3 3 3 3 3 3 3 3 3 3 3 3 3 3 3 3 3 3 3 3 3 3 3 3 3 3 3 3 3 3 3 3 3 3 3 3 3 3 3 3 3 3 3 3 3 3 3 3 3 3 3 3 3 3 3 3 3 3 3 3 3 3 3 3 3 3 3 3 3 3 3 3 3 3 3 3 3 3 3 3 3 3 3 3 3 3 3 3 3 3 3 3 3 3 3 3 3 3 3 3 3 3 3 3 3 3 3 3 3 3 3 3 3 3 3 3 3 3 3 3 3 3 3 3 3 3 3 3 3 3 3 3 3 3 3 3 3 3 3 3 3 3 3 3 3 3 3 3 3 3 3 3 3 3 3 3 3 3 3 3 3 3 3 3 3 3 3 3 3 3 3 3 3 3 3 3 3 3 3 3 3 3 3 3 3 3 3 3 3 3 3 3 3 3 3 3 3 3 3 3 3 3 3 3 3 3 3 3 3 3 3 3 3 3 3 3 3 3 3 3 3 3 3 3 3 3 3 3 3 3 3 3 3 3 3 3 3 3 3 3 3 3 3 3 3 3 3 3 3 3 3 3 3 3 3 3 3 3 3 3 3 3 3 3 3 3 3 3 3 3 3 3 3 3 3 3 3 3 3 3 3 3 3 3 3 3 3 3 3 3 3 3 3 3 3 3 3 3 3 3 3 3 3 3 3 3 3 3 3 3 3 3 3 3 3 3 3 3 3 3 3 3 3 3 3 3 3 3 3 3 3 3 3 3 3 3 3 3 3 3 3 3 3 3 3 3 3 3 3 3 3 3 3 3 3 3 3 3 3 3 3 3 3 3 3 3 3 3 3 3 3 3 3 3 3 3 3 3 3 3 3 3 3 3 3 3 3 3 3 3 3 3 3 3 3 3 3 3 3 3 3 3 3 3 3 3 3 3 3 3 3 3 3 3 3 3 3 3 3 3 3 3 3 3 3 3 3 3 3 3 3 3 3 3 3 3 3 3 3 3 3 3 3 3 3 3 3 3 3 3 3 3 3 3 3 3 3 3 3 3 3 3 3 3 3 3 3 3 3 3 3 3 3 3 3 3 3 3 3 3 3 3 3 3 3 3 3 3 3 3 3 3 3 3 3 3 3 3 3 3 3 3 3 3 3 3 3 3 3 3 3 3 3 3 3 3 3 3 3 3 3 3 3 3 3 3 3 3 3 3 3 3 3 3 3 3 3 3 3 3 3 3 3 3 3 3 3 3 3 3 3 3 3 3 3 3 3 3 3 3 3 3 3 3 3 3 3 3 3 3 3 3 3 3 3 3 3 3 3 3 3 3 3 3 3 3 3 3 3 3 3 3 3 3 3 3 3 3 3 3 3 3 3 3 3 3 3 3 3 3 3 3 3 3 3 3 3 3 3 3 3 3 3 3 3 3 3 3 3 3 3 3 3 3 3 3 3 3 3 3 3 3 3 3 3 3 3 3 3 3 3 3 3 3 3 3 3 3 3 3 3 3 3 3 3 3 3 3 3 3 3 3 3 3 3 3 3 3 3 3 3 3 3 3 3 3 3 3 3 3 3 3 3 3 3 3 3 3 3 3 3 3 3 3 3 3 3 3 3 3 3 3 3 3 3 3 3 3 3 3 3 3 3 3 3 3 3 3 3 3 3 3 3 3 3 3 3 3 3 3 3 3 3 3 3 3 3 3 3 3 3 3 3 3 3 3 3 3 3 3 3 3 3 3 3 3 3 3 3 3 3 3 3 3 3 3 3 3 3 3 3 3 3 3 3 3 3 3 3 3 3 3 3 3 3 3 3 3 3 3 3 3 3 3 3 3 3 3 3 3 3 3 3 3 3 3 3 3 3 3 3 3 3 3 3 3 3 3 3 3 3 3 3 3 3 3 3 3 3 3 3 3 3 3 3 3 3 3 3 3 3 3 3 3 3 3 3 3 3 3 3 3 3 3 3 3 3 3 3 3 3 3 3 3 3 3 3 3 3 3 3 3 3 3 3 3 3 3 3 3 3 3 3 3 3 3 3 3 3 3 3 3 3 3 3 3 3 3 3 3 3 3 3 3 3 3 3 3 3 3 3 3 3 3 3 3 3 3 3 3 3 3 3 3 3 3 3 3 3 3 3 3 3 3 3 3 3 3 3 3 3 3 3 3 3 3 3 3 3 3 3 3 3 3 3 3 3 3 3 3 3 3 3 3 3 3 3 3 3 3 3 3 3 3 3 3 3 3 3 3 3 3 3 3 3 3 3 3 3 3 3 3 3 3 3 3 3 3 3 3 3 3 3 3 3 3 3 3 3 3 3 3 3 3 3 3 3 3 3 3 3 3 3 3 3 3 3 3 3 3 3 3 3 3 3 3 3 3 3 3 3 3 3 3 3 3 3 3 3 3 3 3 3 3 3 3 3 3 3 3 3 3 3 3 3 3 3 3 3 3 3 3 3 3 3 3 3 3 3 3 3 3 3 3 3 3 3 3 3 3 3 3 3 3 3 3 3 3 3 3 3 3 3 3 3 3 3 3 3 3 3 3 3 3 3 3 3 3 3 3 3 3 3 3 3 3 3 3 3 3 3 3 3 3 3 3 3 3 3 3 3 3 3 3 3 3 3 3 3 3 3 3 3 3 3 3 3 3 3 3 3 3 3 3 3 3 3 3 3 3 3 3 3 3 3 3 3 3 3 3 3 3 3 3 3 3 3 3 3 3 3 3 3 3 3 3 3 3 3 3 3 3 3 3 3 3 3 3 3 3 3 3 3 3 3 3 3 3 3 3 3 3 3 3 3 3 3 3 3 3 3 3 3 3 3 3 3 3 3 3 3 3 3 3 3 3 3 3 3 3 3 3 3 3 3 3 3 3 3 3 3 3 3 3 3 3 3 3 3 3 3 3 3 3 3 3 3 3 3 3 3 3 3 3 3 3 3 3 3 3 3 3 3 3 3 3 3 3 3 3 3 3 3 3 3 3 3 3 3 3 3 3 3 3 3 3 3 3 3 3 3 3 3 3 3 3 3 3 3 3 3 3 3 3 3 3 3 3 3 3 3 3 3 3 3 3 3 3 3 3 3 3 3 3 3 3 3 3 3 3 3 3 3 3 3 3 3 3 3 3 3 3 3 3 3 3 3 3 3 3 3 3 3 3 3 3 3 3 3 3 3 3 3 3 3 3 3 3 3 3 3 3 3 3 3 3 3 3 3 3 3 3 3 3 3 3 3 3 3 3 3 3 3 3 3 3 3 3 3 3 3 3 3 3 3 3 3 3 3 3 3 3 3 3 3 3 3 3 3 3 3 3 3 3 3 3 3 3 3 3 3 3 3 3 3 3 3 3 3 3 3 3 3 3 3 3 3 3 3 3 3 3 3 3 3 3 3 3 3 3 3 3 3 3 3 3 3 3 3 3 3 3 3 3 3 3 3 3 3 3 3 3 3 3 3 3 3 3 3 3 3 3 3 3 3 3 3 3 3 3 3 3 3 3 3 3 3 3 3 3 3 3 3 3 3 3 3 3 3 3 3 3 3 3 3 3 3 3 3 3 3 3 3 3 3 3 3 3 3 3 3 3 3 3 3 3 3 3 3 3 3 3 3 3 3 3 3 3 3 3 3 3 3 3 3 3 3 3 3 3 3 3 3 3 3 3 3 3 3 3 3 3 3 3 3 3 3 3 3 3 3 3 3 3 3 3 3 3 3 3 3 3 3 3 3 3 3 3 3 3 3 3 3 3 3 3 3 3 3 3 3 3 3 3 3 3 3 3 3 3 3 3 3 3 3 3 3 3 3 3 3 3 3 3 3 3 3 3 3 3 3 3 3 3 3 3 3 3 3 3 3 3 3 3 3 3 3 3 3 3 3 3 3 3 3 3 3 3 3 3 3 3 3 3 3 3 3 3 3 3 3 3 3 3 3 3 3 3 3 3 3 3 3 3 3 3 3 3 3 3 3 3 3 3 3 3 3 3 3 3 3 3 3 3 3 3 3 3 3 3 3 3 3 3 3 3 3 3 3 3 3 3 3 3 3 3 3 3 3 3 3 3 3 3 3 3 3 3 3 3 3 3 3 3 3 3 3 3 3 3 3 3 3 3 3 3 3 3 3 3 3 3 3 3 3 3 3 3 3 3 3 3 3 3 3 3 3 3 3 3 3 3 3 3 3 3 3 3 3 3 3 3 3 3 3 3 3 3 3 3 3 3 3 3 3 3 3 3 3 3 3 3 3 3 3 3 3 3 3 3 3 3 3 3 3 3 3 3 3 3 3 3 3 3 3 3 3 3 3 3 3 3 3 3 3 3 3 3 3 3 3 3 3 3 3 3 3 3 3 3 3 3 3 3 3 3 3 3 3 3 3 3 3 3 3 3 3 3 3 3 3 3 3 3 3 3 3 3 3 3 3 3 3 3 3 3 3 3 3 3 3 3 3 3 3 3 3 3 3 3 3 3 3 3 3 3 3 3 3 3 3 3 3 3 3 3 3 3 3 3 3 3 3 3 3 3 3 3 3 3 3 3 3 3 3 3 3 3 3 3 3 3 3 3 3 3 3 3 3 3 3 3 3 3 3 3 3 3 3 3 3 3 3 3 3 3 3 3 3 3 3 3 3 3 3 3 3 3 3 3 3 3 3 3 3 3 3 3 3 3 3 3 3 3 3 3 3 3 3 3 3 3 3 3 3 3 3 3 3 3 3 3 3 3 3 3 3 3 3 3 3 3 3 3 3 3 3 3 3 3 3 3 3 3 3 3 3 3 3 3 3 3 3 3 3 3 3 3 3 3 3 3 3 3 3 3 3 3 3 3 3 3 3 3 3 3 3 3 3 3 3 3 3 3 3 3 3 3 3 3 3 3 3 3 3 3 3 3 3 3 3 3 3 3 3 3 3 3 3 3 3 3 3 3 3 3 3 3 3 3 3 3 3 3 3 3 3 3 3 3 3 3 3 3 3 3 3 3 3 3 3 3 3 3 3 3 3 3 3 3 3 3 3 3 3 3 3 3 3 3 3 3 3 3 3 3 3 3 3 3 3 3 3 3 3 3 3 3 3 3 3 3 3 3 3 3 3 3 3 3 3 3 3 3 3 3 3 3 3 3 3 3 3 3 3 3 3 3 3 3 3 3 3 3 3 3 3 3 3 3 3 3 3 3 3 3 3 3 3 3 3 3 3 3 3 3 3 3 3 3 3 3 3 3 3 3 3 3 3 3 3 3 3 3 3 3 3 3 3 3 3 3 3 3 3 3 3 3 3 3 3 3 3 3 3 3 3 3 3 3 3 3 3 3 3 3 3 3 3 3 3 3 3 3 3 3 3 3 3 3 3 3 3 3 3 3 3 3 3 3 3 3 3 3 3 3 3 3 3 3 3 3 3 3 3 3 3 3 3 3 3 3 3 3 3 3 3 3 3 3 3 3 3 3 3 3 3 3 3 3 3 3 3 3 3 3 3 3 3 3 3 3 3 3 3 3 3 3 3 3 3 3 3 3 3 3 3 3 3 3 3 3 3 3 3 3 3 3 3 3 3 3 3 3 3 3 3 3 3 3 3 3 3 3 3 3 3 3 3 3 3 3 3 3 3 3 3 3 3 3 3 3 3 3 3 3 3 3 3 3 3 3 3 3 3 3 3 3 3 3 3 3 3 3 3 3 3 3 3 3 3 3 3 3 3 3 3 3 3 3 3 3 3 3 3 3 3 3 3 3 3 3 3 3 3 3 3 3 3 3 3 3 3 3 3 3 3 3 3 3 3 3 3 3 3 3 3 3 3 3 3 3 3 3 3 3 3 3 3 3 3 3 3 3 3 3 3 3 3 3 3 3 3 3 3 3 3 3 3 3 3 3 3 3 3 3 3 3 3 3 3 3 3 3 3 3 3 3 3 3 3 3 3 3 3 3 3 3 3 3 3 3 3 3 3 3 3 3 3 3 3 3 3 3 3 3 3 3 3 3 3 3 3 3 3 3 3 3 3 3 3 3 3 3 3 3 3 3 3 3 3 3 3 3 3 3 3 3 3 3 3 3 3 3 3 3 3 3 3 3 3 3 3 3 3 3 3 3 3 3 3 3 3 3 3 3 3 3 3 3 3 3 3 3 3 3 3 3 3 3 3 3 3 3 3 3 3 3 3 3 3 3 3 3 3 3 3 3 3 3 3 3 3 3 3 3 3 3 3 3 3 3 3 3 3 3 3 3 3 3 3 3 3 3 3 3 3 3 3 3 3 3 3 3 3 3 3 3 3 3 3 3 3 3 3 3 3 3 3 3 3 3 3 3 3 3 3 3 3 3 3 3 3 3 3 3 3 3 3 3 3 3 3 3 3 3 3 3 3 3 3 3 3 3 3 3 3 3 3 3 3 3 3 3 3 3 3 3 3 3 3 3 3 3 3 3 3 3 3 3 3 3 3 3 3 3 3 3 3 3 3 3 3 3 3 3 3 3 3 3 3 3 3 3 3 3 3 3 3 3 3 3 3 3 3 3 3 3 3 3 3 3 3 3 3 3 3 3 3 3 3 3 3 3 3 3 3 3 3 3 3 3 3 3 3 3 3 3 3 3 3 3 3 3 3 3 3 3 3 3 3 3 3 3 3 3 3 3 3 3 3 3 3 3 3 3 3 3 3 3 3 3 3 3 3 3 3 3 3 3 3 3 3 3 3 3 3 3 3 3 3 3 3 3 3 3 3 3 3 3 3 3 3 3 3 3 3 3 3 3 3 3 3 3 3 3 3 3 3 3 3 3 3 3 3 3 3 3 3 3 3 3 3 3 3 3 3 3 3 3 3 3 3 3 3 3 3 3 3 3 3 3 3 3 3 3 3 3 3 3 3 3 3 3 3 3 3 3 3 3 3 3 3 3 3 3 3 3 3 3 3 3 3 3 3 3 3 3 3 3 3 3 3 3 3 3 3 3 3 3 3 3 3 3 3 3 3 3 3 3 3 3 3 3 3 3 3 3 3 3 3 3 3 3 3 3 3 3 3 3 3 3 3 3 3 3 3 3 3 3 3 3 3 3 3 3 3 3 3 3 3 3 3 3 3 3 3 3 3 3 3 3 3 3 3 3 3 3 3 3 3 3 3 3 3 3 3 3 3 3 3 3 3 3 3 3 3 3 3 3 3 3 3 3 3 3 3 3 3 3 3 3 3 3 3 3 3 3 3 3 3 3 3 3 3 3 3 3 3 3 3 3 3 3 3 3 3 3 3 3 3 3 3 3 3 3 3 3 3 3 3 3 3 3 3 3 3 3 3 3 3 3 3 3 3 3 3 3 3 3 3 3 3 3 3 3 3 3 3 3 3 3 3 3 3 3 3 3 3 3 3 3 3 3 3 3 3 3 3 3 3 3 3 3 3 3 3 3 3 3 3 3 3 3 3 3 3 3 3 3 3 3 3 3 3 3 3 3 3 3 3 3 3 3 3 3 3 3 3 3 3 3 3 3 3 3 3 3 3 3 3 3 3 3 3 3 3 3 3 3 3 3 3 3 3 3 3 3 3 3 3 3 3 3 3 3 3 3 3 3 3 3 3 3 3 3 3 3 3 3 3 3 3 3 3 3 3 3 3 3 3 3 3 3 3 3 3 3 3 3 3 3 3 3 3 3 3 3 3 3 3 3 3 3 3 3 3 3 3 3 3 3 3 3 3 3 3 3 3 3 3 3 3 3 3 3 3 3 3 3 3 3 3 3 3 3 3 3 3 3 3 3 3 3 3 3 3 3 3 3 3 3 3 3 3 3 3 3 3 3 3 3 3 3 3 3 3 3 3 3 3 3 3 3 3 3 3 3 3 3 3 3 3 3 3 3 3 3 3 3 3 3 3 3 3 3 3 3 3 3 3 3 3 3 3 3 3 3 3 3 3 3 3 3 3 3 3 3 3 3 3 3 3 3 3 3 3 3 3 3 3 3 3 3 3 3 3 3 3 3 3 3 3 3 3 3 3 3 3 3 3 3 3 3 3 3 3 3 3 3 3 3 3 3 3 3 3 3 3 3 3 3 3 3 3 3 3 3 3 3 3 3 3 3 3 3 3 3 3 3 3 3 3 3 3 3 3 3 3 3 3 3 3 3 3 3 3 3 3 3 3 3 3 3 3 3 3 3 3 3 3 3 3 3 3 3 3 3 3 3 3 3 3 3 3 3 3 3 3 3 3 3 3 3 3 3 3 3 3 3 3 3 3 3 3 3 3 3 3 3 3 3 3 3 3 3 3 3 3 3 3 3 3 3 3 3 3 3 3 3 3 3 3 3 3 3 3 3 3 3 3 3 3 3 3 3 3 3 3 3 3 3 3 3 3 3 3 3 3 3 3 3 3 3 3 3 3 3 3 3 3 3 3 3 3 3 3 3 3 3 3 3 3 3 3 3 3 3 3 3 3 3 3 3 3 3 3 3 3 3 3 3 3 3 3 3 3 3 3 3 3 3 3 3 3 3 3 3 3 3 3 3 3 3 3 3 3 3 3 3 3 3 3 3 3 3 3 3 3 3 3 3 3 3 3 3 3 3 3 3 3 3 3 3 3 3 3 3 3 3 3 3 3 3 3 3 3 3 3 3 3 3 3 3 3 3 3 3 3 3 3 3 3 3 3 3 3 3 3 3 3 3 3 3 3 3 3 3 3 3 3 3 3 3 3 3 3 3 3 3 3 3 3 3 3 3 3 3 3 3 3 3 3 3 3 3 3 3 3 3 3 3 3 3 3 3 3 3 3 3 3 3 3 3 3 3 3 3 3 3 3 3 3 3 3 3 3 3 3 3 3 3 3 3 3 3 3 3 3 3 3 3 3 3 3 3 3 3 3 3 3 3 3 3 3 3 3 3 3 3 3 3 3 3 3 3 3 3 3 3 3 3 3 3 3 3 3 3 3 3 3 3 3 3 3 3 3 3 3 3 3 3 3 3 3 3 3 3 3 3 3 3 3 3 3 3 3 3 3 3 3 3 3 3 3 3 3 3 3 3 3 3 3 3 3 3 3 3 3 3 3 3 3 3 3 3 3 3 3 3 3 3 3 3 3 3 3 3 3 3 3 3 3 3 3 3 3 3 3 3 3 3 3 3 3 3 3 3 3 3 3 3 3 3 3 3 3 3 3 3 3 3 3 3 3 3 3 3 3 3 3 3 3 3 3 3 3 3 3 3 3 3 3 3 3 3 3 3 3 3 3 3 3 3 3 3 3 3 3 3 3 3 3 3 3 3 3 3 3 3 3 3 3 3 3 3 3 3 3 3 3 3 3 3 3 3 3 3 3 3 3 3 3 3 3 3 3 3 3 3 3 3 3 3 3 3 3 3 3 3 3 3 3 3 3 3 3 3 3 3 3 3 3 3 3 3 3 3 3 3 3 3 3 3 3 3 3 3 3 3 3 3 3 3 3 3 3 3 3 3 3 3 3 3 3 3 3 3 3 3 3 3 3 3 3 3 3 3 3 3 3 3 3 3 3 3 3 3 3 3 3 3 3 3 3 3 3 3 3 3 3 3 3 3 3 3 3 3 3 3 3 3 3 3 3 3 3 3 3 3 3 3 3 3 3 3 3 3 3 3 3 3 3 3 3 3 3 3 3 </vcount>
          <p>0 1 2 2 3 0 4 5 1 1 0 4 6 7 8 8 9 6 10 11 7 7 6 10 12 13 14 14 15 12 16 17 13 13 12 16 18 19 17 17 16 18 20 21 19 19 18 20 22 23 24 24 25 22 26 27 23 23 22 26 28 29 27 27 26 28 3 2 30 30 31 3 32 33 34 34 35 32 36 37 33 33 32 36 38 39 37 37 36 38 40 41 39 39 38 40 42 43 41 41 40 42 44 45 43 43 42 44 46 47 45 45 44 46 48 49 47 47 46 48 50 51 49 49 48 50 52 53 51 51 50 52 54 55 53 53 52 54 35 34 55 55 54 35 56 57 58 58 59 56 59 58 60 60 61 59 61 60 62 62 63 61 63 62 64 64 65 63 65 64 66 66 67 65 67 66 68 68 69 67 69 68 70 70 71 69 71 70 72 72 73 71 73 72 74 74 75 73 75 74 76 76 77 75 77 76 78 78 79 77 79 78 57 57 56 79 80 81 82 82 83 80 83 82 84 84 85 83 86 87 88 88 89 86 89 88 90 90 91 89 91 90 92 92 93 91 93 92 94 94 95 93 96 97 98 98 99 96 99 98 100 100 101 99 102 103 104 104 105 102 105 104 106 106 107 105 107 106 108 108 109 107 110 111 81 81 80 110 1 112 113 113 2 1 3 114 115 115 0 3 5 116 112 112 1 5 0 115 117 117 4 0 7 118 119 119 8 7 9 120 121 121 6 9 11 122 118 118 7 11 6 121 123 123 10 6 13 124 125 125 14 13 126 127 128 128 129 126 17 130 124 124 13 17 12 131 132 132 16 12 19 133 130 130 17 19 16 132 134 134 18 16 21 135 133 133 19 21 18 134 136 136 20 18 23 137 138 138 24 23 25 139 140 140 22 25 27 141 137 137 23 27 22 140 142 142 26 22 29 143 141 141 27 29 26 142 144 144 28 26 2 113 145 145 30 2 31 146 114 114 3 31 81 147 148 148 82 81 83 149 150 150 80 83 82 148 151 151 84 82 85 152 149 149 83 85 87 153 154 154 88 87 89 155 156 156 86 89 88 154 157 157 90 88 91 158 155 155 89 91 90 157 159 159 92 90 93 160 158 158 91 93 92 159 161 161 94 92 95 162 160 160 93 95 97 163 164 164 98 97 99 165 166 166 96 99 98 164 167 167 100 98 101 168 165 165 99 101 103 169 170 170 104 103 105 171 172 172 102 105 104 170 173 173 106 104 107 174 171 171 105 107 106 173 175 175 108 106 109 176 174 174 107 109 111 177 147 147 81 111 80 150 178 178 110 80 179 180 181 181 182 179 183 184 180 180 179 183 185 186 187 187 188 185 189 190 186 186 185 189 191 192 193 193 194 191 195 196 192 192 191 195 197 198 196 196 195 197 199 200 198 198 197 199 201 202 203 203 204 201 205 206 202 202 201 205 207 208 206 206 205 207 182 181 209 209 210 182 211 212 213 213 214 211 215 216 212 212 211 215 217 218 216 216 215 217 219 220 218 218 217 219 221 222 220 220 219 221 223 224 222 222 221 223 225 226 224 224 223 225 227 228 226 226 225 227 229 230 228 228 227 229 231 232 230 230 229 231 233 234 232 232 231 233 214 213 234 234 233 214 235 236 237 237 238 235 238 237 239 239 240 238 240 239 241 241 242 240 242 241 243 243 244 242 244 243 245 245 246 244 246 245 247 247 248 246 248 247 249 249 250 248 250 249 251 251 252 250 252 251 253 253 254 252 254 253 255 255 256 254 256 255 257 257 258 256 258 257 236 236 235 258 259 260 261 261 262 259 262 261 263 263 264 262 264 263 265 265 266 264 267 268 269 269 270 267 270 269 271 271 272 270 272 271 273 273 274 272 275 276 277 277 278 275 278 277 279 279 280 278 281 282 283 283 284 281 284 283 285 285 286 284 286 285 287 287 288 286 289 290 260 260 259 289 180 291 292 292 181 180 182 293 294 294 179 182 184 295 291 291 180 184 179 294 296 296 183 179 186 297 298 298 187 186 188 299 300 300 185 188 190 301 297 297 186 190 185 300 302 302 189 185 192 303 304 304 193 192 194 305 306 306 191 194 196 307 303 303 192 196 191 306 308 308 195 191 198 309 307 307 196 198 195 308 310 310 197 195 200 311 309 309 198 200 197 310 312 312 199 197 202 313 314 314 203 202 204 315 316 316 201 204 206 317 313 313 202 206 201 316 318 318 205 201 208 319 317 317 206 208 205 318 320 320 207 205 181 292 321 321 209 181 210 322 293 293 182 210 260 323 324 324 261 260 262 325 326 326 259 262 261 324 327 327 263 261 264 328 325 325 262 264 263 327 329 329 265 263 266 330 328 328 264 266 268 331 332 332 269 268 270 333 334 334 267 270 269 332 335 335 271 269 272 336 333 333 270 272 271 335 337 337 273 271 274 338 336 336 272 274 276 339 340 340 277 276 278 341 342 342 275 278 277 340 343 343 279 277 280 344 341 341 278 280 282 345 346 346 283 282 284 347 348 348 281 284 283 346 349 349 285 283 286 350 347 347 284 286 285 349 351 351 287 285 288 352 350 350 286 288 290 353 323 323 260 290 259 326 354 354 289 259 355 356 357 357 358 355 359 360 356 356 355 359 361 362 363 363 364 361 365 366 362 362 361 365 367 368 366 366 365 367 369 370 371 371 372 369 373 374 370 370 369 373 375 376 374 374 373 375 377 378 379 379 380 377 381 382 378 378 377 381 383 384 382 382 381 383 358 357 385 385 386 358 387 388 389 389 390 387 391 392 388 388 387 391 393 394 392 392 391 393 395 396 394 394 393 395 397 398 396 396 395 397 399 400 398 398 397 399 401 402 400 400 399 401 403 404 402 402 401 403 405 406 404 404 403 405 407 408 406 406 405 407 409 410 408 408 407 409 390 389 410 410 409 390 411 412 413 413 414 411 414 413 415 415 416 414 416 415 417 417 418 416 418 417 419 419 420 418 420 419 421 421 422 420 422 421 423 423 424 422 424 423 425 425 426 424 426 425 427 427 428 426 428 427 429 429 430 428 430 429 431 431 432 430 432 431 433 433 434 432 434 433 412 412 411 434 435 436 437 437 438 435 438 437 439 439 440 438 440 439 441 441 442 440 443 444 445 445 446 443 446 445 447 447 448 446 448 447 449 449 450 448 451 452 453 453 454 451 454 453 455 455 456 454 457 458 459 459 460 457 461 462 463 463 464 461 464 463 465 465 466 464 466 465 467 467 468 466 356 469 470 470 357 356 358 471 472 472 355 358 360 473 469 469 356 360 355 472 474 474 359 355 362 475 476 476 363 362 364 477 478 478 361 364 366 479 475 475 362 366 361 478 480 480 365 361 368 481 479 479 366 368 365 480 482 482 367 365 370 483 484 484 371 370 372 485 486 486 369 372 374 487 483 483 370 374 369 486 488 488 373 369 376 489 487 487 374 376 373 488 490 490 375 373 378 491 492 492 379 378 380 493 494 494 377 380 382 495 491 491 378 382 377 494 496 496 381 377 384 497 495 495 382 384 381 496 498 498 383 381 357 470 499 499 385 357 386 500 471 471 358 386 436 501 502 502 437 436 438 503 504 504 435 438 437 502 505 505 439 437 440 506 503 503 438 440 439 505 507 507 441 439 442 508 506 506 440 442 444 509 510 510 445 444 446 511 512 512 443 446 445 510 513 513 447 445 448 514 511 511 446 448 447 513 515 515 449 447 450 516 514 514 448 450 452 517 518 518 453 452 454 519 520 520 451 454 453 518 521 521 455 453 456 522 519 519 454 456 523 524 525 525 462 523 461 526 527 527 528 461 462 525 529 529 463 462 464 530 526 526 461 464 463 529 531 531 465 463 466 532 530 530 464 466 465 531 533 533 467 465 468 534 532 532 466 468 535 536 537 537 538 535 539 540 541 541 542 539 543 544 540 540 539 543 545 546 544 544 543 545 547 548 546 546 545 547 549 550 551 551 552 549 553 554 550 550 549 553 555 556 554 554 553 555 557 558 559 559 560 557 561 562 558 558 557 561 563 564 562 562 561 563 538 537 565 565 566 538 567 568 569 569 570 567 571 572 568 568 567 571 573 574 572 572 571 573 575 576 574 574 573 575 577 578 576 576 575 577 579 580 578 578 577 579 581 582 580 580 579 581 583 584 582 582 581 583 585 586 584 584 583 585 587 588 586 586 585 587 589 590 588 588 587 589 570 569 590 590 589 570 591 592 593 593 594 591 594 593 595 595 596 594 596 595 597 597 598 596 598 597 599 599 600 598 600 599 601 601 602 600 602 601 603 603 604 602 604 603 605 605 606 604 606 605 607 607 608 606 608 607 609 609 610 608 610 609 611 611 612 610 612 611 613 613 614 612 614 613 592 592 591 614 615 616 617 617 618 615 618 617 619 619 620 618 620 619 621 621 622 620 623 624 625 625 626 623 626 625 627 627 628 626 628 627 629 629 630 628 631 632 633 633 634 631 634 633 635 635 636 634 636 635 637 637 638 636 639 640 641 641 642 639 642 641 643 643 644 642 644 643 645 645 646 644 536 647 648 648 537 536 538 649 650 650 535 538 540 651 652 652 541 540 542 653 654 654 539 542 544 655 651 651 540 544 539 654 656 656 543 539 546 657 655 655 544 546 543 656 658 658 545 543 548 659 657 657 546 548 545 658 660 660 547 545 550 661 662 662 551 550 552 663 664 664 549 552 554 665 661 661 550 554 549 664 666 666 553 549 556 667 665 665 554 556 553 666 668 668 555 553 558 669 670 670 559 558 560 671 672 672 557 560 562 673 669 669 558 562 557 672 674 674 561 557 564 675 673 673 562 564 561 674 676 676 563 561 537 648 677 677 565 537 566 678 649 649 538 566 616 679 680 680 617 616 618 681 682 682 615 618 617 680 683 683 619 617 620 684 681 681 618 620 619 683 685 685 621 619 622 686 684 684 620 622 624 687 688 688 625 624 626 689 690 690 623 626 625 688 691 691 627 625 628 692 689 689 626 628 627 691 693 693 629 627 630 694 692 692 628 630 632 695 696 696 633 632 634 697 698 698 631 634 633 696 699 699 635 633 636 700 697 697 634 636 635 699 701 701 637 635 638 702 700 700 636 638 640 703 704 704 641 640 642 705 706 706 639 642 641 704 707 707 643 641 644 708 705 705 642 644 643 707 709 709 645 643 646 710 708 708 644 646 711 712 713 713 714 711 715 716 717 717 718 715 718 717 719 719 720 718 721 722 723 723 724 721 724 723 725 725 726 724 727 728 729 729 730 727 730 729 731 731 732 730 733 734 712 712 711 733 714 735 736 736 711 714 711 736 737 737 733 711 732 738 739 739 730 732 730 739 740 740 727 730 726 741 742 742 724 726 724 742 743 743 721 724 720 744 745 745 718 720 718 745 746 746 715 718 747 748 736 736 735 747 749 750 746 746 745 749 751 749 745 745 744 751 752 753 743 743 742 752 754 752 742 742 741 754 755 756 740 740 739 755 757 755 739 739 738 757 748 758 737 737 736 748 759 760 761 761 762 759 763 764 765 765 766 763 764 767 768 768 765 764 769 770 771 771 772 769 770 773 774 774 771 770 775 776 777 777 778 775 776 779 780 780 777 776 781 759 762 762 782 781 748 747 760 760 759 748 758 748 759 759 781 758 755 757 779 779 776 755 756 755 776 776 775 756 752 754 773 773 770 752 753 752 770 770 769 753 749 751 767 767 764 749 750 749 764 764 763 750 783 784 785 785 786 783 787 788 789 789 790 787 791 792 793 793 794 791 795 796 797 797 798 795 798 797 799 799 800 798 801 802 803 803 804 801 804 803 805 805 806 804 807 808 784 784 783 807 786 809 810 810 783 786 783 810 811 811 807 783 812 813 814 814 815 812 815 814 816 816 817 815 800 818 819 819 798 800 798 819 820 820 795 798 821 822 823 823 824 821 824 823 825 825 826 824 827 828 810 810 809 827 829 830 831 831 832 829 833 829 832 832 834 833 835 836 820 820 819 835 837 835 819 819 818 837 838 839 840 840 841 838 842 838 841 841 843 842 828 844 811 811 810 828 845 846 847 847 848 845 849 850 851 851 852 849 850 853 854 854 851 850 855 856 857 857 858 855 856 859 860 860 857 856 861 862 863 863 864 861 862 865 866 866 863 862 867 845 848 848 868 867 828 827 846 846 845 828 844 828 845 845 867 844 869 870 871 871 872 869 873 869 872 872 874 873 835 837 859 859 856 835 875 876 877 877 878 875 879 880 881 881 882 879 883 879 882 882 884 883 885 886 887 887 888 885 889 890 891 891 892 889 890 893 894 894 891 890 895 896 897 897 898 895 896 899 900 900 897 896 901 902 903 903 904 901 902 905 906 906 903 902 907 885 888 888 908 907 909 910 886 886 885 909 911 909 885 885 907 911 912 913 905 905 902 912 914 912 902 902 901 914 915 916 917 917 918 915 919 915 918 918 920 919 921 922 893 893 890 921 923 921 890 890 889 923 924 925 926 926 927 924 928 929 930 930 931 928 929 932 933 933 930 929 934 935 936 936 937 934 935 938 939 939 936 935 940 941 942 942 943 940 941 944 945 945 942 941 946 924 927 927 947 946 948 949 950 950 951 948 952 953 954 954 955 952 955 954 956 956 957 955 958 959 960 960 961 958 961 960 962 962 963 961 964 965 966 966 967 964 967 966 968 968 969 967 970 971 949 949 948 970 972 973 974 974 975 972 975 974 976 976 977 975 969 978 979 979 967 969 967 979 980 980 964 967 963 981 982 982 961 963 961 982 983 983 958 961 957 984 985 985 955 957 955 985 986 986 952 955 987 988 910 910 909 987 989 990 991 991 992 989 931 930 921 921 923 931 929 928 986 986 985 929 930 933 922 922 921 930 932 929 985 985 984 932 993 994 995 995 996 993 997 998 983 983 982 997 994 999 1000 1000 995 994 1001 997 982 982 981 1001 914 943 942 942 912 914 979 941 940 940 980 979 912 942 945 945 913 912 978 944 941 941 979 978 1002 987 909 909 911 1002 990 1003 1004 1004 991 990 1005 1006 1007 1007 1008 1005 1009 1010 1011 1011 1012 1009 1012 1011 1013 1013 1014 1012 1015 1016 1017 1017 1018 1015 1018 1017 1019 1019 1020 1018 1021 1022 1023 1023 1024 1021 1024 1023 1025 1025 1026 1024 1027 1028 1006 1006 1005 1027 1008 1029 1030 1030 1005 1008 1005 1030 1031 1031 1027 1005 1026 1032 1033 1033 1024 1026 1024 1033 1034 1034 1021 1024 1035 1036 1037 1037 1038 1035 1038 1037 1039 1039 1040 1038 1014 1041 1042 1042 1012 1014 1012 1042 1043 1043 1009 1012 1044 1045 1046 1046 1047 1044 1048 1049 1050 1050 1051 1048 1051 1050 1052 1052 1053 1051 1054 1055 1056 1056 1057 1054 1057 1056 1058 1058 1059 1057 1060 1061 1062 1062 1063 1060 1063 1062 1064 1064 1065 1063 1066 1067 1045 1045 1044 1066 1068 1069 1070 1070 1071 1068 1072 1073 1074 1074 1075 1072 1073 1076 1077 1077 1074 1073 1078 1079 1080 1080 1081 1078 1079 1082 1083 1083 1080 1079 1084 1085 1086 1086 1087 1084 1085 1088 1089 1089 1086 1085 1090 1068 1071 1071 1091 1090 1092 1093 1094 1094 1095 1092 1096 1092 1095 1095 1097 1096 1098 1099 1088 1088 1085 1098 1100 1098 1085 1085 1084 1100 1101 1102 1082 1082 1079 1101 1103 1101 1079 1079 1078 1103 1104 1105 1076 1076 1073 1104 1106 1104 1073 1073 1072 1106 1107 1030 1029 1029 1108 1107 1109 1110 1111 1111 1112 1109 1049 1043 1042 1042 1050 1049 1051 1104 1106 1106 1048 1051 1050 1042 1041 1041 1052 1050 1053 1105 1104 1104 1051 1053 1113 1114 1115 1115 1116 1113 1117 1101 1103 1103 1118 1117 1116 1115 1119 1119 1120 1116 1121 1102 1101 1101 1117 1121 1062 1061 1034 1034 1033 1062 1060 1063 1098 1098 1100 1060 1064 1062 1033 1033 1032 1064 1063 1065 1099 1099 1098 1063 1122 1031 1030 1030 1107 1122 1112 1111 1123 1123 1124 1112 1125 1126 1127 1127 1128 1125 1129 1130 1131 1131 1132 1129 1130 1133 1134 1134 1131 1130 1135 1136 1137 1137 1138 1135 1136 1139 1140 1140 1137 1136 1141 1142 1143 1143 1144 1141 1142 1145 1146 1146 1143 1142 1147 1125 1128 1128 1148 1147 1149 1150 1126 1126 1125 1149 1151 1149 1125 1125 1147 1151 1152 1153 1145 1145 1142 1152 1154 1152 1142 1142 1141 1154 1155 1156 1157 1157 1158 1155 1159 1155 1158 1158 1160 1159 1161 1162 1133 1133 1130 1161 1163 1161 1130 1130 1129 1163 1164 1165 1166 1166 1167 1164 1168 1169 1170 1170 1171 1168 1169 1172 1173 1173 1170 1169 1174 1175 1176 1176 1177 1174 1175 1178 1179 1179 1176 1175 1180 1181 1182 1182 1183 1180 1181 1184 1185 1185 1182 1181 1186 1164 1167 1167 1187 1186 1188 1189 1190 1190 1191 1188 1192 1193 1194 1194 1195 1192 1195 1194 1196 1196 1197 1195 1198 1199 1200 1200 1201 1198 1201 1200 1202 1202 1203 1201 1204 1205 1206 1206 1207 1204 1207 1206 1208 1208 1209 1207 1210 1211 1189 1189 1188 1210 1212 1213 1214 1214 1215 1212 1215 1214 1216 1216 1217 1215 1209 1218 1219 1219 1207 1209 1207 1219 1220 1220 1204 1207 1203 1221 1222 1222 1201 1203 1201 1222 1223 1223 1198 1201 1197 1224 1225 1225 1195 1197 1195 1225 1226 1226 1192 1195 1227 1228 1150 1150 1149 1227 1229 1230 1231 1231 1232 1229 1171 1170 1161 1161 1163 1171 1169 1168 1226 1226 1225 1169 1170 1173 1162 1162 1161 1170 1172 1169 1225 1225 1224 1172 1233 1234 1235 1235 1236 1233 1237 1238 1223 1223 1222 1237 1234 1239 1240 1240 1235 1234 1241 1237 1222 1222 1221 1241 1154 1183 1182 1182 1152 1154 1219 1181 1180 1180 1220 1219 1152 1182 1185 1185 1153 1152 1218 1184 1181 1181 1219 1218 1242 1227 1149 1149 1151 1242 1230 1243 1244 1244 1231 1230 1245 1246 1247 1247 1248 1245 1249 1250 1251 1251 1252 1249 1252 1251 1253 1253 1254 1252 1255 1256 1257 1257 1258 1255 1258 1257 1259 1259 1260 1258 1261 1262 1263 1263 1264 1261 1264 1263 1265 1265 1266 1264 1267 1268 1246 1246 1245 1267 1248 1269 1270 1270 1245 1248 1245 1270 1271 1271 1267 1245 1266 1272 1273 1273 1264 1266 1264 1273 1274 1274 1261 1264 1275 1276 1277 1277 1278 1275 1278 1277 1279 1279 1280 1278 1254 1281 1282 1282 1252 1254 1252 1282 1283 1283 1249 1252 1284 1285 1286 1286 1287 1284 1288 1289 1290 1290 1291 1288 1291 1290 1292 1292 1293 1291 1294 1295 1296 1296 1297 1294 1297 1296 1298 1298 1299 1297 1300 1301 1302 1302 1303 1300 1303 1302 1304 1304 1305 1303 1306 1307 1285 1285 1284 1306 1308 1309 1310 1310 1311 1308 1312 1313 1314 1314 1315 1312 1313 1316 1317 1317 1314 1313 1318 1319 1320 1320 1321 1318 1319 1322 1323 1323 1320 1319 1324 1325 1326 1326 1327 1324 1325 1328 1329 1329 1326 1325 1330 1308 1311 1311 1331 1330 1332 1333 1334 1334 1335 1332 1336 1332 1335 1335 1337 1336 1338 1339 1328 1328 1325 1338 1340 1338 1325 1325 1324 1340 1341 1342 1322 1322 1319 1341 1343 1341 1319 1319 1318 1343 1344 1345 1316 1316 1313 1344 1346 1344 1313 1313 1312 1346 1347 1270 1269 1269 1348 1347 1349 1350 1351 1351 1352 1349 1289 1283 1282 1282 1290 1289 1291 1344 1346 1346 1288 1291 1290 1282 1281 1281 1292 1290 1293 1345 1344 1344 1291 1293 1353 1354 1355 1355 1356 1353 1357 1341 1343 1343 1358 1357 1356 1355 1359 1359 1360 1356 1361 1342 1341 1341 1357 1361 1302 1301 1274 1274 1273 1302 1300 1303 1338 1338 1340 1300 1304 1302 1273 1273 1272 1304 1303 1305 1339 1339 1338 1303 1362 1271 1270 1270 1347 1362 1352 1351 1363 1363 1364 1352 1365 1366 1367 1367 1368 1365 1369 1370 1371 1371 1372 1369 1370 1373 1374 1374 1371 1370 1375 1376 1377 1377 1378 1375 1376 1379 1380 1380 1377 1376 1381 1382 1383 1383 1384 1381 1382 1385 1386 1386 1383 1382 1387 1365 1368 1368 1388 1387 1389 1390 1366 1366 1365 1389 1391 1389 1365 1365 1387 1391 1392 1393 1385 1385 1382 1392 1394 1392 1382 1382 1381 1394 1395 1396 1397 1397 1398 1395 1399 1395 1398 1398 1400 1399 1401 1402 1373 1373 1370 1401 1403 1401 1370 1370 1369 1403 1404 1405 1406 1406 1407 1404 1408 1409 1410 1410 1411 1408 1409 1412 1413 1413 1410 1409 1414 1415 1416 1416 1417 1414 1415 1418 1419 1419 1416 1415 1420 1421 1422 1422 1423 1420 1421 1424 1425 1425 1422 1421 1426 1404 1407 1407 1427 1426 1428 1429 1430 1430 1431 1428 1432 1433 1434 1434 1435 1432 1435 1434 1436 1436 1437 1435 1438 1439 1440 1440 1441 1438 1441 1440 1442 1442 1443 1441 1444 1445 1446 1446 1447 1444 1447 1446 1448 1448 1449 1447 1450 1451 1429 1429 1428 1450 1452 1453 1454 1454 1455 1452 1455 1454 1456 1456 1457 1455 1449 1458 1459 1459 1447 1449 1447 1459 1460 1460 1444 1447 1443 1461 1462 1462 1441 1443 1441 1462 1463 1463 1438 1441 1437 1464 1465 1465 1435 1437 1435 1465 1466 1466 1432 1435 1467 1468 1390 1390 1389 1467 1469 1470 1471 1471 1472 1469 1411 1410 1401 1401 1403 1411 1409 1408 1466 1466 1465 1409 1410 1413 1402 1402 1401 1410 1412 1409 1465 1465 1464 1412 1473 1474 1475 1475 1476 1473 1477 1478 1463 1463 1462 1477 1474 1479 1480 1480 1475 1474 1481 1477 1462 1462 1461 1481 1394 1423 1422 1422 1392 1394 1459 1421 1420 1420 1460 1459 1392 1422 1425 1425 1393 1392 1458 1424 1421 1421 1459 1458 1482 1467 1389 1389 1391 1482 1470 1483 1484 1484 1471 1470 1485 1486 1487 1487 1488 1485 1489 1490 1491 1491 1492 1489 1492 1491 1493 1493 1494 1492 1495 1496 1497 1497 1498 1495 1498 1497 1499 1499 1500 1498 1501 1502 1503 1503 1504 1501 1504 1503 1505 1505 1506 1504 1507 1508 1486 1486 1485 1507 1488 1509 1510 1510 1485 1488 1485 1510 1511 1511 1507 1485 1506 1512 1513 1513 1504 1506 1504 1513 1514 1514 1501 1504 1515 1516 1517 1517 1518 1515 1518 1517 1519 1519 1520 1518 1494 1521 1522 1522 1492 1494 1492 1522 1523 1523 1489 1492 1524 1525 1526 1526 1527 1524 1528 1529 1530 1530 1531 1528 1531 1530 1532 1532 1533 1531 1534 1535 1536 1536 1537 1534 1537 1536 1538 1538 1539 1537 1540 1541 1542 1542 1543 1540 1543 1542 1544 1544 1545 1543 1546 1547 1525 1525 1524 1546 1548 1549 1550 1550 1551 1548 1552 1553 1554 1554 1555 1552 1553 1556 1557 1557 1554 1553 1558 1559 1560 1560 1561 1558 1559 1562 1563 1563 1560 1559 1564 1565 1566 1566 1567 1564 1565 1568 1569 1569 1566 1565 1570 1548 1551 1551 1571 1570 1572 1573 1574 1574 1575 1572 1576 1572 1575 1575 1577 1576 1578 1579 1568 1568 1565 1578 1580 1578 1565 1565 1564 1580 1581 1582 1562 1562 1559 1581 1583 1581 1559 1559 1558 1583 1584 1585 1556 1556 1553 1584 1586 1584 1553 1553 1552 1586 1587 1510 1509 1509 1588 1587 1589 1590 1591 1591 1592 1589 1529 1523 1522 1522 1530 1529 1531 1584 1586 1586 1528 1531 1530 1522 1521 1521 1532 1530 1533 1585 1584 1584 1531 1533 1593 1594 1595 1595 1596 1593 1597 1581 1583 1583 1598 1597 1596 1595 1599 1599 1600 1596 1601 1582 1581 1581 1597 1601 1542 1541 1514 1514 1513 1542 1540 1543 1578 1578 1580 1540 1544 1542 1513 1513 1512 1544 1543 1545 1579 1579 1578 1543 1602 1511 1510 1510 1587 1602 1592 1591 1603 1603 1604 1592 1605 1606 1607 1607 1608 1605 1609 1610 1611 1611 1612 1609 1610 1613 1614 1614 1611 1610 1615 1616 1617 1617 1618 1615 1616 1619 1620 1620 1617 1616 1621 1622 1623 1623 1624 1621 1622 1625 1626 1626 1623 1622 1627 1605 1608 1608 1628 1627 1629 1630 1606 1606 1605 1629 1631 1629 1605 1605 1627 1631 1632 1633 1625 1625 1622 1632 1634 1632 1622 1622 1621 1634 1635 1636 1637 1637 1638 1635 1639 1635 1638 1638 1640 1639 1641 1642 1613 1613 1610 1641 1643 1641 1610 1610 1609 1643 1644 1645 1646 1646 1647 1644 1648 1649 1650 1650 1651 1648 1649 1652 1653 1653 1650 1649 1654 1655 1656 1656 1657 1654 1655 1658 1659 1659 1656 1655 1660 1661 1662 1662 1663 1660 1661 1664 1665 1665 1662 1661 1666 1644 1647 1647 1667 1666 1668 1669 1670 1670 1671 1668 1672 1673 1674 1674 1675 1672 1675 1674 1676 1676 1677 1675 1678 1679 1680 1680 1681 1678 1681 1680 1682 1682 1683 1681 1684 1685 1686 1686 1687 1684 1687 1686 1688 1688 1689 1687 1690 1691 1669 1669 1668 1690 1692 1693 1694 1694 1695 1692 1695 1694 1696 1696 1697 1695 1689 1698 1699 1699 1687 1689 1687 1699 1700 1700 1684 1687 1683 1701 1702 1702 1681 1683 1681 1702 1703 1703 1678 1681 1677 1704 1705 1705 1675 1677 1675 1705 1706 1706 1672 1675 1707 1708 1630 1630 1629 1707 1709 1710 1711 1711 1712 1709 1651 1650 1641 1641 1643 1651 1649 1648 1706 1706 1705 1649 1650 1653 1642 1642 1641 1650 1652 1649 1705 1705 1704 1652 1713 1714 1715 1715 1716 1713 1717 1718 1703 1703 1702 1717 1714 1719 1720 1720 1715 1714 1721 1717 1702 1702 1701 1721 1634 1663 1662 1662 1632 1634 1699 1661 1660 1660 1700 1699 1632 1662 1665 1665 1633 1632 1698 1664 1661 1661 1699 1698 1722 1707 1629 1629 1631 1722 1710 1723 1724 1724 1711 1710 1725 1726 1727 1727 1728 1725 1729 1730 1731 1731 1732 1729 1732 1731 1733 1733 1734 1732 1735 1736 1737 1737 1738 1735 1738 1737 1739 1739 1740 1738 1741 1742 1743 1743 1744 1741 1744 1743 1745 1745 1746 1744 1747 1748 1726 1726 1725 1747 1728 1749 1750 1750 1725 1728 1725 1750 1751 1751 1747 1725 1746 1752 1753 1753 1744 1746 1744 1753 1754 1754 1741 1744 1755 1756 1757 1757 1758 1755 1758 1757 1759 1759 1760 1758 1734 1761 1762 1762 1732 1734 1732 1762 1763 1763 1729 1732 1764 1765 1766 1766 1767 1764 1768 1769 1770 1770 1771 1768 1771 1770 1772 1772 1773 1771 1774 1775 1776 1776 1777 1774 1777 1776 1778 1778 1779 1777 1780 1781 1782 1782 1783 1780 1783 1782 1784 1784 1785 1783 1786 1787 1765 1765 1764 1786 1788 1789 1790 1790 1791 1788 1792 1793 1794 1794 1795 1792 1793 1796 1797 1797 1794 1793 1798 1799 1800 1800 1801 1798 1799 1802 1803 1803 1800 1799 1804 1805 1806 1806 1807 1804 1805 1808 1809 1809 1806 1805 1810 1788 1791 1791 1811 1810 1812 1813 1814 1814 1815 1812 1816 1812 1815 1815 1817 1816 1818 1819 1808 1808 1805 1818 1820 1818 1805 1805 1804 1820 1821 1822 1802 1802 1799 1821 1823 1821 1799 1799 1798 1823 1824 1825 1796 1796 1793 1824 1826 1824 1793 1793 1792 1826 1827 1750 1749 1749 1828 1827 1829 1830 1831 1831 1832 1829 1769 1763 1762 1762 1770 1769 1771 1824 1826 1826 1768 1771 1770 1762 1761 1761 1772 1770 1773 1825 1824 1824 1771 1773 1833 1834 1835 1835 1836 1833 1837 1821 1823 1823 1838 1837 1836 1835 1839 1839 1840 1836 1841 1822 1821 1821 1837 1841 1782 1781 1754 1754 1753 1782 1780 1783 1818 1818 1820 1780 1784 1782 1753 1753 1752 1784 1783 1785 1819 1819 1818 1783 1842 1751 1750 1750 1827 1842 1832 1831 1843 1843 1844 1832 1845 1846 1847 1847 1848 1845 1849 1850 1851 1851 1852 1849 1852 1851 1853 1853 1854 1852 1855 1856 1857 1857 1858 1855 1858 1857 1859 1859 1860 1858 1861 1862 1863 1863 1864 1861 1864 1863 1865 1865 1866 1864 1867 1868 1846 1846 1845 1867 1848 1869 1870 1870 1845 1848 1845 1870 1871 1871 1867 1845 1866 1872 1873 1873 1864 1866 1864 1873 1874 1874 1861 1864 1860 1875 1876 1876 1858 1860 1858 1876 1877 1877 1855 1858 1854 1878 1879 1879 1852 1854 1852 1879 1880 1880 1849 1852 1881 1882 1870 1870 1869 1881 1883 1884 1880 1880 1879 1883 1885 1883 1879 1879 1878 1885 1886 1887 1877 1877 1876 1886 1888 1886 1876 1876 1875 1888 1889 1890 1874 1874 1873 1889 1891 1889 1873 1873 1872 1891 1882 1892 1871 1871 1870 1882 1893 1894 1895 1895 1896 1893 1897 1898 1899 1899 1900 1897 1898 1901 1902 1902 1899 1898 1903 1904 1905 1905 1906 1903 1904 1907 1908 1908 1905 1904 1909 1910 1911 1911 1912 1909 1910 1913 1914 1914 1911 1910 1915 1893 1896 1896 1916 1915 1882 1881 1894 1894 1893 1882 1892 1882 1893 1893 1915 1892 1889 1891 1913 1913 1910 1889 1890 1889 1910 1910 1909 1890 1886 1888 1907 1907 1904 1886 1887 1886 1904 1904 1903 1887 1883 1885 1901 1901 1898 1883 1884 1883 1898 1898 1897 1884 1917 1918 1919 1919 1920 1917 1921 1922 1923 1923 1924 1921 1924 1923 1925 1925 1926 1924 1927 1928 1929 1929 1930 1927 1930 1929 1931 1931 1932 1930 1933 1934 1935 1935 1936 1933 1936 1935 1937 1937 1938 1936 1939 1940 1918 1918 1917 1939 1920 1941 1942 1942 1917 1920 1917 1942 1943 1943 1939 1917 1938 1944 1945 1945 1936 1938 1936 1945 1946 1946 1933 1936 1932 1947 1948 1948 1930 1932 1930 1948 1949 1949 1927 1930 1926 1950 1951 1951 1924 1926 1924 1951 1952 1952 1921 1924 1953 1954 1942 1942 1941 1953 1955 1956 1952 1952 1951 1955 1957 1955 1951 1951 1950 1957 1958 1959 1949 1949 1948 1958 1960 1958 1948 1948 1947 1960 1961 1962 1946 1946 1945 1961 1963 1961 1945 1945 1944 1963 1954 1964 1943 1943 1942 1954 1965 1966 1967 1967 1968 1965 1969 1970 1971 1971 1972 1969 1970 1973 1974 1974 1971 1970 1975 1976 1977 1977 1978 1975 1976 1979 1980 1980 1977 1976 1981 1982 1983 1983 1984 1981 1982 1985 1986 1986 1983 1982 1987 1965 1968 1968 1988 1987 1954 1953 1966 1966 1965 1954 1964 1954 1965 1965 1987 1964 1961 1963 1985 1985 1982 1961 1962 1961 1982 1982 1981 1962 1958 1960 1979 1979 1976 1958 1959 1958 1976 1976 1975 1959 1955 1957 1973 1973 1970 1955 1956 1955 1970 1970 1969 1956 1989 1990 1991 1991 1992 1989 1993 1994 1995 1995 1996 1993 1994 1997 1998 1998 1995 1994 1999 2000 2001 2001 2002 1999 2000 2003 2004 2004 2001 2000 2005 2006 2007 2007 2008 2005 2006 2009 2010 2010 2007 2006 2011 1989 1992 1992 2012 2011 2013 2014 1990 1990 1989 2013 2015 2013 1989 1989 2011 2015 2016 2017 2009 2009 2006 2016 2018 2016 2006 2006 2005 2018 2019 2020 2021 2021 2022 2019 2023 2019 2022 2022 2024 2023 2025 2026 1997 1997 1994 2025 2027 2025 1994 1994 1993 2027 2028 2029 2030 2030 2031 2028 2032 2033 2034 2034 2035 2032 2033 2036 2037 2037 2034 2033 2038 2039 2040 2040 2041 2038 2039 2042 2043 2043 2040 2039 2044 2045 2046 2046 2047 2044 2045 2048 2049 2049 2046 2045 2050 2028 2031 2031 2051 2050 2052 2053 2054 2054 2055 2052 2056 2057 2058 2058 2059 2056 2059 2058 2060 2060 2061 2059 2062 2063 2064 2064 2065 2062 2065 2064 2066 2066 2067 2065 2068 2069 2070 2070 2071 2068 2071 2070 2072 2072 2073 2071 2074 2075 2053 2053 2052 2074 2076 2077 2078 2078 2079 2076 2079 2078 2080 2080 2081 2079 2073 2082 2083 2083 2071 2073 2071 2083 2084 2084 2068 2071 2067 2085 2086 2086 2065 2067 2065 2086 2087 2087 2062 2065 2061 2088 2089 2089 2059 2061 2059 2089 2090 2090 2056 2059 2091 2092 2014 2014 2013 2091 2093 2094 2095 2095 2096 2093 2035 2034 2025 2025 2027 2035 2033 2032 2090 2090 2089 2033 2034 2037 2026 2026 2025 2034 2036 2033 2089 2089 2088 2036 2097 2098 2099 2099 2100 2097 2101 2102 2087 2087 2086 2101 2098 2103 2104 2104 2099 2098 2105 2101 2086 2086 2085 2105 2018 2047 2046 2046 2016 2018 2083 2045 2044 2044 2084 2083 2016 2046 2049 2049 2017 2016 2082 2048 2045 2045 2083 2082 2106 2091 2013 2013 2015 2106 2094 2107 2108 2108 2095 2094 2109 2110 2111 2111 2112 2109 2113 2114 2115 2115 2116 2113 2114 2117 2118 2118 2115 2114 2119 2120 2121 2121 2122 2119 2120 2123 2124 2124 2121 2120 2125 2126 2127 2127 2128 2125 2126 2129 2130 2130 2127 2126 2131 2109 2112 2112 2132 2131 2133 2134 2110 2110 2109 2133 2135 2133 2109 2109 2131 2135 2136 2137 2129 2129 2126 2136 2138 2136 2126 2126 2125 2138 2139 2140 2141 2141 2142 2139 2143 2139 2142 2142 2144 2143 2145 2146 2117 2117 2114 2145 2147 2145 2114 2114 2113 2147 2148 2149 2150 2150 2151 2148 2152 2153 2154 2154 2155 2152 2153 2156 2157 2157 2154 2153 2158 2159 2160 2160 2161 2158 2159 2162 2163 2163 2160 2159 2164 2165 2166 2166 2167 2164 2165 2168 2169 2169 2166 2165 2170 2148 2151 2151 2171 2170 2172 2173 2174 2174 2175 2172 2176 2177 2178 2178 2179 2176 2179 2178 2180 2180 2181 2179 2182 2183 2184 2184 2185 2182 2185 2184 2186 2186 2187 2185 2188 2189 2190 2190 2191 2188 2191 2190 2192 2192 2193 2191 2194 2195 2173 2173 2172 2194 2196 2197 2198 2198 2199 2196 2199 2198 2200 2200 2201 2199 2193 2202 2203 2203 2191 2193 2191 2203 2204 2204 2188 2191 2187 2205 2206 2206 2185 2187 2185 2206 2207 2207 2182 2185 2181 2208 2209 2209 2179 2181 2179 2209 2210 2210 2176 2179 2211 2212 2134 2134 2133 2211 2213 2214 2215 2215 2216 2213 2155 2154 2145 2145 2147 2155 2153 2152 2210 2210 2209 2153 2154 2157 2146 2146 2145 2154 2156 2153 2209 2209 2208 2156 2217 2218 2219 2219 2220 2217 2221 2222 2207 2207 2206 2221 2218 2223 2224 2224 2219 2218 2225 2221 2206 2206 2205 2225 2138 2167 2166 2166 2136 2138 2203 2165 2164 2164 2204 2203 2136 2166 2169 2169 2137 2136 2202 2168 2165 2165 2203 2202 2226 2211 2133 2133 2135 2226 2214 2227 2228 2228 2215 2214 2229 2230 2231 2231 2232 2229 2233 2234 2235 2235 2236 2233 2236 2235 2237 2237 2238 2236 2239 2240 2241 2241 2242 2239 2242 2241 2243 2243 2244 2242 2245 2246 2247 2247 2248 2245 2248 2247 2249 2249 2250 2248 2251 2252 2230 2230 2229 2251 2232 2253 2254 2254 2229 2232 2229 2254 2255 2255 2251 2229 2250 2256 2257 2257 2248 2250 2248 2257 2258 2258 2245 2248 2259 2260 2261 2261 2262 2259 2262 2261 2263 2263 2264 2262 2238 2265 2266 2266 2236 2238 2236 2266 2267 2267 2233 2236 2268 2269 2270 2270 2271 2268 2272 2273 2274 2274 2275 2272 2275 2274 2276 2276 2277 2275 2278 2279 2280 2280 2281 2278 2281 2280 2282 2282 2283 2281 2284 2285 2286 2286 2287 2284 2287 2286 2288 2288 2289 2287 2290 2291 2269 2269 2268 2290 2292 2293 2294 2294 2295 2292 2296 2297 2298 2298 2299 2296 2297 2300 2301 2301 2298 2297 2302 2303 2304 2304 2305 2302 2303 2306 2307 2307 2304 2303 2308 2309 2310 2310 2311 2308 2309 2312 2313 2313 2310 2309 2314 2292 2295 2295 2315 2314 2316 2317 2318 2318 2319 2316 2320 2316 2319 2319 2321 2320 2322 2323 2312 2312 2309 2322 2324 2322 2309 2309 2308 2324 2325 2326 2306 2306 2303 2325 2327 2325 2303 2303 2302 2327 2328 2329 2300 2300 2297 2328 2330 2328 2297 2297 2296 2330 2331 2254 2253 2253 2332 2331 2333 2334 2335 2335 2336 2333 2273 2267 2266 2266 2274 2273 2275 2328 2330 2330 2272 2275 2274 2266 2265 2265 2276 2274 2277 2329 2328 2328 2275 2277 2337 2338 2339 2339 2340 2337 2341 2325 2327 2327 2342 2341 2340 2339 2343 2343 2344 2340 2345 2326 2325 2325 2341 2345 2286 2285 2258 2258 2257 2286 2284 2287 2322 2322 2324 2284 2288 2286 2257 2257 2256 2288 2287 2289 2323 2323 2322 2287 2346 2255 2254 2254 2331 2346 2336 2335 2347 2347 2348 2336 2349 2350 2351 2351 2352 2349 2353 2354 2355 2355 2356 2353 2354 2357 2358 2358 2355 2354 2359 2360 2361 2361 2362 2359 2360 2363 2364 2364 2361 2360 2365 2366 2367 2367 2368 2365 2366 2369 2370 2370 2367 2366 2371 2349 2352 2352 2372 2371 2373 2374 2350 2350 2349 2373 2375 2373 2349 2349 2371 2375 2376 2377 2369 2369 2366 2376 2378 2376 2366 2366 2365 2378 2379 2380 2381 2381 2382 2379 2383 2379 2382 2382 2384 2383 2385 2386 2357 2357 2354 2385 2387 2385 2354 2354 2353 2387 2388 2389 2390 2390 2391 2388 2392 2393 2394 2394 2395 2392 2393 2396 2397 2397 2394 2393 2398 2399 2400 2400 2401 2398 2399 2402 2403 2403 2400 2399 2404 2405 2406 2406 2407 2404 2405 2408 2409 2409 2406 2405 2410 2388 2391 2391 2411 2410 2412 2413 2414 2414 2415 2412 2416 2417 2418 2418 2419 2416 2419 2418 2420 2420 2421 2419 2422 2423 2424 2424 2425 2422 2425 2424 2426 2426 2427 2425 2428 2429 2430 2430 2431 2428 2431 2430 2432 2432 2433 2431 2434 2435 2413 2413 2412 2434 2436 2437 2438 2438 2439 2436 2439 2438 2440 2440 2441 2439 2433 2442 2443 2443 2431 2433 2431 2443 2444 2444 2428 2431 2427 2445 2446 2446 2425 2427 2425 2446 2447 2447 2422 2425 2421 2448 2449 2449 2419 2421 2419 2449 2450 2450 2416 2419 2451 2452 2374 2374 2373 2451 2453 2454 2455 2455 2456 2453 2395 2394 2385 2385 2387 2395 2393 2392 2450 2450 2449 2393 2394 2397 2386 2386 2385 2394 2396 2393 2449 2449 2448 2396 2457 2458 2459 2459 2460 2457 2461 2462 2447 2447 2446 2461 2458 2463 2464 2464 2459 2458 2465 2461 2446 2446 2445 2465 2378 2407 2406 2406 2376 2378 2443 2405 2404 2404 2444 2443 2376 2406 2409 2409 2377 2376 2442 2408 2405 2405 2443 2442 2466 2451 2373 2373 2375 2466 2454 2467 2468 2468 2455 2454 2469 2470 2471 2471 2472 2469 2473 2474 2475 2475 2476 2473 2476 2475 2477 2477 2478 2476 2479 2480 2481 2481 2482 2479 2482 2481 2483 2483 2484 2482 2485 2486 2487 2487 2488 2485 2488 2487 2489 2489 2490 2488 2491 2492 2470 2470 2469 2491 2472 2493 2494 2494 2469 2472 2469 2494 2495 2495 2491 2469 2490 2496 2497 2497 2488 2490 2488 2497 2498 2498 2485 2488 2499 2500 2501 2501 2502 2499 2502 2501 2503 2503 2504 2502 2478 2505 2506 2506 2476 2478 2476 2506 2507 2507 2473 2476 2508 2509 2510 2510 2511 2508 2512 2513 2514 2514 2515 2512 2515 2514 2516 2516 2517 2515 2518 2519 2520 2520 2521 2518 2521 2520 2522 2522 2523 2521 2524 2525 2526 2526 2527 2524 2527 2526 2528 2528 2529 2527 2530 2531 2509 2509 2508 2530 2532 2533 2534 2534 2535 2532 2536 2537 2538 2538 2539 2536 2537 2540 2541 2541 2538 2537 2542 2543 2544 2544 2545 2542 2543 2546 2547 2547 2544 2543 2548 2549 2550 2550 2551 2548 2549 2552 2553 2553 2550 2549 2554 2532 2535 2535 2555 2554 2556 2557 2558 2558 2559 2556 2560 2556 2559 2559 2561 2560 2562 2563 2552 2552 2549 2562 2564 2562 2549 2549 2548 2564 2565 2566 2546 2546 2543 2565 2567 2565 2543 2543 2542 2567 2568 2569 2540 2540 2537 2568 2570 2568 2537 2537 2536 2570 2571 2494 2493 2493 2572 2571 2573 2574 2575 2575 2576 2573 2513 2507 2506 2506 2514 2513 2515 2568 2570 2570 2512 2515 2514 2506 2505 2505 2516 2514 2517 2569 2568 2568 2515 2517 2577 2578 2579 2579 2580 2577 2581 2565 2567 2567 2582 2581 2580 2579 2583 2583 2584 2580 2585 2566 2565 2565 2581 2585 2526 2525 2498 2498 2497 2526 2524 2527 2562 2562 2564 2524 2528 2526 2497 2497 2496 2528 2527 2529 2563 2563 2562 2527 2586 2495 2494 2494 2571 2586 2576 2575 2587 2587 2588 2576 2589 2590 2591 2591 2592 2589 2593 2594 2595 2595 2596 2593 2594 2597 2598 2598 2595 2594 2599 2600 2601 2601 2602 2599 2600 2603 2604 2604 2601 2600 2605 2606 2607 2607 2608 2605 2606 2609 2610 2610 2607 2606 2611 2589 2592 2592 2612 2611 2613 2614 2590 2590 2589 2613 2615 2613 2589 2589 2611 2615 2616 2617 2609 2609 2606 2616 2618 2616 2606 2606 2605 2618 2619 2620 2621 2621 2622 2619 2623 2619 2622 2622 2624 2623 2625 2626 2597 2597 2594 2625 2627 2625 2594 2594 2593 2627 2628 2629 2630 2630 2631 2628 2632 2633 2634 2634 2635 2632 2633 2636 2637 2637 2634 2633 2638 2639 2640 2640 2641 2638 2639 2642 2643 2643 2640 2639 2644 2645 2646 2646 2647 2644 2645 2648 2649 2649 2646 2645 2650 2628 2631 2631 2651 2650 2652 2653 2654 2654 2655 2652 2656 2657 2658 2658 2659 2656 2659 2658 2660 2660 2661 2659 2662 2663 2664 2664 2665 2662 2665 2664 2666 2666 2667 2665 2668 2669 2670 2670 2671 2668 2671 2670 2672 2672 2673 2671 2674 2675 2653 2653 2652 2674 2676 2677 2678 2678 2679 2676 2679 2678 2680 2680 2681 2679 2673 2682 2683 2683 2671 2673 2671 2683 2684 2684 2668 2671 2667 2685 2686 2686 2665 2667 2665 2686 2687 2687 2662 2665 2661 2688 2689 2689 2659 2661 2659 2689 2690 2690 2656 2659 2691 2692 2614 2614 2613 2691 2693 2694 2695 2695 2696 2693 2635 2634 2625 2625 2627 2635 2633 2632 2690 2690 2689 2633 2634 2637 2626 2626 2625 2634 2636 2633 2689 2689 2688 2636 2697 2698 2699 2699 2700 2697 2701 2702 2687 2687 2686 2701 2698 2703 2704 2704 2699 2698 2705 2701 2686 2686 2685 2705 2618 2647 2646 2646 2616 2618 2683 2645 2644 2644 2684 2683 2616 2646 2649 2649 2617 2616 2682 2648 2645 2645 2683 2682 2706 2691 2613 2613 2615 2706 2694 2707 2708 2708 2695 2694 2709 2710 2711 2711 2712 2709 2713 2714 2715 2715 2716 2713 2716 2715 2717 2717 2718 2716 2719 2720 2721 2721 2722 2719 2722 2721 2723 2723 2724 2722 2725 2726 2727 2727 2728 2725 2728 2727 2729 2729 2730 2728 2731 2732 2710 2710 2709 2731 2712 2733 2734 2734 2709 2712 2709 2734 2735 2735 2731 2709 2730 2736 2737 2737 2728 2730 2728 2737 2738 2738 2725 2728 2739 2740 2741 2741 2742 2739 2742 2741 2743 2743 2744 2742 2718 2745 2746 2746 2716 2718 2716 2746 2747 2747 2713 2716 2748 2749 2750 2750 2751 2748 2752 2753 2754 2754 2755 2752 2755 2754 2756 2756 2757 2755 2758 2759 2760 2760 2761 2758 2761 2760 2762 2762 2763 2761 2764 2765 2766 2766 2767 2764 2767 2766 2768 2768 2769 2767 2770 2771 2749 2749 2748 2770 2772 2773 2774 2774 2775 2772 2776 2777 2778 2778 2779 2776 2777 2780 2781 2781 2778 2777 2782 2783 2784 2784 2785 2782 2783 2786 2787 2787 2784 2783 2788 2789 2790 2790 2791 2788 2789 2792 2793 2793 2790 2789 2794 2772 2775 2775 2795 2794 2796 2797 2798 2798 2799 2796 2800 2796 2799 2799 2801 2800 2802 2803 2792 2792 2789 2802 2804 2802 2789 2789 2788 2804 2805 2806 2786 2786 2783 2805 2807 2805 2783 2783 2782 2807 2808 2809 2780 2780 2777 2808 2810 2808 2777 2777 2776 2810 2811 2734 2733 2733 2812 2811 2813 2814 2815 2815 2816 2813 2753 2747 2746 2746 2754 2753 2755 2808 2810 2810 2752 2755 2754 2746 2745 2745 2756 2754 2757 2809 2808 2808 2755 2757 2817 2818 2819 2819 2820 2817 2821 2805 2807 2807 2822 2821 2820 2819 2823 2823 2824 2820 2825 2806 2805 2805 2821 2825 2766 2765 2738 2738 2737 2766 2764 2767 2802 2802 2804 2764 2768 2766 2737 2737 2736 2768 2767 2769 2803 2803 2802 2767 2826 2735 2734 2734 2811 2826 2816 2815 2827 2827 2828 2816 2829 2830 2831 2831 2832 2829 2833 2834 2835 2835 2836 2833 2836 2835 2837 2837 2838 2836 2839 2840 2841 2841 2842 2839 2842 2841 2843 2843 2844 2842 2845 2846 2847 2847 2848 2845 2848 2847 2849 2849 2850 2848 2851 2852 2830 2830 2829 2851 2832 2853 2854 2854 2829 2832 2829 2854 2855 2855 2851 2829 2850 2856 2857 2857 2848 2850 2848 2857 2858 2858 2845 2848 2844 2859 2860 2860 2842 2844 2842 2860 2861 2861 2839 2842 2838 2862 2863 2863 2836 2838 2836 2863 2864 2864 2833 2836 2865 2866 2854 2854 2853 2865 2867 2868 2864 2864 2863 2867 2869 2867 2863 2863 2862 2869 2870 2871 2861 2861 2860 2870 2872 2870 2860 2860 2859 2872 2873 2874 2858 2858 2857 2873 2875 2873 2857 2857 2856 2875 2866 2876 2855 2855 2854 2866 2877 2878 2879 2879 2880 2877 2881 2882 2883 2883 2884 2881 2882 2885 2886 2886 2883 2882 2887 2888 2889 2889 2890 2887 2888 2891 2892 2892 2889 2888 2893 2894 2895 2895 2896 2893 2894 2897 2898 2898 2895 2894 2899 2877 2880 2880 2900 2899 2866 2865 2878 2878 2877 2866 2876 2866 2877 2877 2899 2876 2873 2875 2897 2897 2894 2873 2874 2873 2894 2894 2893 2874 2870 2872 2891 2891 2888 2870 2871 2870 2888 2888 2887 2871 2867 2869 2885 2885 2882 2867 2868 2867 2882 2882 2881 2868 2901 2902 2903 2903 2904 2901 2905 2906 2907 2907 2908 2905 2908 2907 2909 2909 2910 2908 2911 2912 2913 2913 2914 2911 2914 2913 2915 2915 2916 2914 2917 2918 2919 2919 2920 2917 2920 2919 2921 2921 2922 2920 2923 2924 2902 2902 2901 2923 2904 2925 2926 2926 2901 2904 2901 2926 2927 2927 2923 2901 2922 2928 2929 2929 2920 2922 2920 2929 2930 2930 2917 2920 2931 2932 2933 2933 2934 2931 2934 2933 2935 2935 2936 2934 2910 2937 2938 2938 2908 2910 2908 2938 2939 2939 2905 2908 2940 2941 2942 2942 2943 2940 2944 2945 2946 2946 2947 2944 2947 2946 2948 2948 2949 2947 2950 2951 2952 2952 2953 2950 2953 2952 2954 2954 2955 2953 2956 2957 2958 2958 2959 2956 2959 2958 2960 2960 2961 2959 2962 2963 2941 2941 2940 2962 2964 2965 2966 2966 2967 2964 2968 2969 2970 2970 2971 2968 2969 2972 2973 2973 2970 2969 2974 2975 2976 2976 2977 2974 2975 2978 2979 2979 2976 2975 2980 2981 2982 2982 2983 2980 2981 2984 2985 2985 2982 2981 2986 2964 2967 2967 2987 2986 2988 2989 2990 2990 2991 2988 2992 2988 2991 2991 2993 2992 2994 2995 2984 2984 2981 2994 2996 2994 2981 2981 2980 2996 2997 2998 2978 2978 2975 2997 2999 2997 2975 2975 2974 2999 3000 3001 2972 2972 2969 3000 3002 3000 2969 2969 2968 3002 3003 2926 2925 2925 3004 3003 3005 3006 3007 3007 3008 3005 2945 2939 2938 2938 2946 2945 2947 3000 3002 3002 2944 2947 2946 2938 2937 2937 2948 2946 2949 3001 3000 3000 2947 2949 3009 3010 3011 3011 3012 3009 3013 2997 2999 2999 3014 3013 3012 3011 3015 3015 3016 3012 3017 2998 2997 2997 3013 3017 2958 2957 2930 2930 2929 2958 2956 2959 2994 2994 2996 2956 2960 2958 2929 2929 2928 2960 2959 2961 2995 2995 2994 2959 3018 2927 2926 2926 3003 3018 3008 3007 3019 3019 3020 3008 3021 3022 3023 3023 3024 3021 3025 3026 3027 3027 3028 3025 3029 3030 3031 3031 3032 3029 3033 3034 3035 3035 3036 3033 3036 3035 3037 3037 3038 3036 3039 3040 3041 3041 3042 3039 3042 3041 3043 3043 3044 3042 3045 3046 3022 3022 3021 3045 3024 3047 3048 3048 3021 3024 3021 3048 3049 3049 3045 3021 3050 3051 3052 3052 3053 3050 3053 3052 3054 3054 3055 3053 3038 3056 3057 3057 3036 3038 3036 3057 3058 3058 3033 3036 3059 3060 3061 3061 3062 3059 3062 3061 3063 3063 3064 3062 3065 3066 3048 3048 3047 3065 3067 3068 3069 3069 3070 3067 3071 3072 3073 3073 3074 3071 3075 3076 3058 3058 3057 3075 3077 3075 3057 3057 3056 3077 3078 3079 3080 3080 3081 3078 3082 3078 3081 3081 3083 3082 3066 3084 3049 3049 3048 3066 3085 3086 3087 3087 3088 3085 3089 3090 3091 3091 3092 3089 3090 3093 3094 3094 3091 3090 3095 3096 3097 3097 3098 3095 3096 3099 3100 3100 3097 3096 3101 3102 3103 3103 3104 3101 3102 3105 3106 3106 3103 3102 3107 3085 3088 3088 3108 3107 3066 3065 3086 3086 3085 3066 3084 3066 3085 3085 3107 3084 3109 3110 3111 3111 3112 3109 3113 3109 3112 3112 3114 3113 3075 3077 3099 3099 3096 3075 3115 3116 3117 3117 3118 3115 3119 3120 3121 3121 3122 3119 3123 3119 3122 3122 3124 3123 3125 3126 3127 3127 3128 3125 3129 3130 3131 3131 3132 3129 3130 3133 3134 3134 3131 3130 3135 3136 3137 3137 3138 3135 3136 3139 3140 3140 3137 3136 3141 3142 3143 3143 3144 3141 3142 3145 3146 3146 3143 3142 3147 3125 3128 3128 3148 3147 3149 3150 3126 3126 3125 3149 3151 3149 3125 3125 3147 3151 3152 3153 3145 3145 3142 3152 3154 3152 3142 3142 3141 3154 3155 3156 3157 3157 3158 3155 3159 3155 3158 3158 3160 3159 3161 3162 3133 3133 3130 3161 3163 3161 3130 3130 3129 3163 3164 3165 3166 3166 3167 3164 3168 3169 3170 3170 3171 3168 3169 3172 3173 3173 3170 3169 3174 3175 3176 3176 3177 3174 3175 3178 3179 3179 3176 3175 3180 3181 3182 3182 3183 3180 3181 3184 3185 3185 3182 3181 3186 3164 3167 3167 3187 3186 3188 3189 3190 3190 3191 3188 3192 3193 3194 3194 3195 3192 3195 3194 3196 3196 3197 3195 3198 3199 3200 3200 3201 3198 3201 3200 3202 3202 3203 3201 3204 3205 3206 3206 3207 3204 3207 3206 3208 3208 3209 3207 3210 3211 3189 3189 3188 3210 3212 3213 3214 3214 3215 3212 3215 3214 3216 3216 3217 3215 3209 3218 3219 3219 3207 3209 3207 3219 3220 3220 3204 3207 3203 3221 3222 3222 3201 3203 3201 3222 3223 3223 3198 3201 3197 3224 3225 3225 3195 3197 3195 3225 3226 3226 3192 3195 3227 3228 3150 3150 3149 3227 3229 3230 3231 3231 3232 3229 3171 3170 3161 3161 3163 3171 3169 3168 3226 3226 3225 3169 3170 3173 3162 3162 3161 3170 3172 3169 3225 3225 3224 3172 3233 3234 3235 3235 3236 3233 3237 3238 3223 3223 3222 3237 3234 3239 3240 3240 3235 3234 3241 3237 3222 3222 3221 3241 3154 3183 3182 3182 3152 3154 3219 3181 3180 3180 3220 3219 3152 3182 3185 3185 3153 3152 3218 3184 3181 3181 3219 3218 3242 3227 3149 3149 3151 3242 3230 3243 3244 3244 3231 3230 3245 3246 3247 3247 3248 3245 3249 3250 3251 3251 3252 3249 3250 3253 3254 3254 3251 3250 3255 3256 3257 3257 3258 3255 3256 3259 3260 3260 3257 3256 3261 3262 3263 3263 3264 3261 3262 3265 3266 3266 3263 3262 3267 3245 3248 3248 3268 3267 3269 3270 3246 3246 3245 3269 3271 3269 3245 3245 3267 3271 3272 3273 3265 3265 3262 3272 3274 3272 3262 3262 3261 3274 3275 3276 3277 3277 3278 3275 3279 3275 3278 3278 3280 3279 3281 3282 3253 3253 3250 3281 3283 3281 3250 3250 3249 3283 3284 3285 3286 3286 3287 3284 3288 3289 3290 3290 3291 3288 3289 3292 3293 3293 3290 3289 3294 3295 3296 3296 3297 3294 3295 3298 3299 3299 3296 3295 3300 3301 3302 3302 3303 3300 3301 3304 3305 3305 3302 3301 3306 3284 3287 3287 3307 3306 3308 3309 3310 3310 3311 3308 3312 3313 3314 3314 3315 3312 3315 3314 3316 3316 3317 3315 3318 3319 3320 3320 3321 3318 3321 3320 3322 3322 3323 3321 3324 3325 3326 3326 3327 3324 3327 3326 3328 3328 3329 3327 3330 3331 3309 3309 3308 3330 3332 3333 3334 3334 3335 3332 3335 3334 3336 3336 3337 3335 3329 3338 3339 3339 3327 3329 3327 3339 3340 3340 3324 3327 3323 3341 3342 3342 3321 3323 3321 3342 3343 3343 3318 3321 3317 3344 3345 3345 3315 3317 3315 3345 3346 3346 3312 3315 3347 3348 3270 3270 3269 3347 3349 3350 3351 3351 3352 3349 3291 3290 3281 3281 3283 3291 3289 3288 3346 3346 3345 3289 3290 3293 3282 3282 3281 3290 3292 3289 3345 3345 3344 3292 3353 3354 3355 3355 3356 3353 3357 3358 3343 3343 3342 3357 3354 3359 3360 3360 3355 3354 3361 3357 3342 3342 3341 3361 3274 3303 3302 3302 3272 3274 3339 3301 3300 3300 3340 3339 3272 3302 3305 3305 3273 3272 3338 3304 3301 3301 3339 3338 3362 3347 3269 3269 3271 3362 3350 3363 3364 3364 3351 3350 3365 3366 3367 3367 3368 3365 3369 3370 3371 3371 3372 3369 3370 3373 3374 3374 3371 3370 3375 3376 3377 3377 3378 3375 3376 3379 3380 3380 3377 3376 3381 3382 3383 3383 3384 3381 3382 3385 3386 3386 3383 3382 3387 3365 3368 3368 3388 3387 3389 3390 3366 3366 3365 3389 3391 3389 3365 3365 3387 3391 3392 3393 3385 3385 3382 3392 3394 3392 3382 3382 3381 3394 3395 3396 3397 3397 3398 3395 3399 3395 3398 3398 3400 3399 3401 3402 3373 3373 3370 3401 3403 3401 3370 3370 3369 3403 3404 3405 3406 3406 3407 3404 3408 3409 3410 3410 3411 3408 3409 3412 3413 3413 3410 3409 3414 3415 3416 3416 3417 3414 3415 3418 3419 3419 3416 3415 3420 3421 3422 3422 3423 3420 3421 3424 3425 3425 3422 3421 3426 3404 3407 3407 3427 3426 3428 3429 3430 3430 3431 3428 3432 3433 3434 3434 3435 3432 3435 3434 3436 3436 3437 3435 3438 3439 3440 3440 3441 3438 3441 3440 3442 3442 3443 3441 3444 3445 3446 3446 3447 3444 3447 3446 3448 3448 3449 3447 3450 3451 3429 3429 3428 3450 3452 3453 3454 3454 3455 3452 3455 3454 3456 3456 3457 3455 3449 3458 3459 3459 3447 3449 3447 3459 3460 3460 3444 3447 3443 3461 3462 3462 3441 3443 3441 3462 3463 3463 3438 3441 3437 3464 3465 3465 3435 3437 3435 3465 3466 3466 3432 3435 3467 3468 3390 3390 3389 3467 3469 3470 3471 3471 3472 3469 3411 3410 3401 3401 3403 3411 3409 3408 3466 3466 3465 3409 3410 3413 3402 3402 3401 3410 3412 3409 3465 3465 3464 3412 3473 3474 3475 3475 3476 3473 3477 3478 3463 3463 3462 3477 3474 3479 3480 3480 3475 3474 3481 3477 3462 3462 3461 3481 3394 3423 3422 3422 3392 3394 3459 3421 3420 3420 3460 3459 3392 3422 3425 3425 3393 3392 3458 3424 3421 3421 3459 3458 3482 3467 3389 3389 3391 3482 3470 3483 3484 3484 3471 3470 3485 3486 3487 3487 3488 3485 3489 3490 3491 3491 3492 3489 3492 3491 3493 3493 3494 3492 3495 3496 3497 3497 3498 3495 3498 3497 3499 3499 3500 3498 3501 3502 3503 3503 3504 3501 3504 3503 3505 3505 3506 3504 3507 3508 3486 3486 3485 3507 3488 3509 3510 3510 3485 3488 3485 3510 3511 3511 3507 3485 3506 3512 3513 3513 3504 3506 3504 3513 3514 3514 3501 3504 3515 3516 3517 3517 3518 3515 3518 3517 3519 3519 3520 3518 3494 3521 3522 3522 3492 3494 3492 3522 3523 3523 3489 3492 3524 3525 3526 3526 3527 3524 3528 3529 3530 3530 3531 3528 3531 3530 3532 3532 3533 3531 3534 3535 3536 3536 3537 3534 3537 3536 3538 3538 3539 3537 3540 3541 3542 3542 3543 3540 3543 3542 3544 3544 3545 3543 3546 3547 3525 3525 3524 3546 3548 3549 3550 3550 3551 3548 3552 3553 3554 3554 3555 3552 3553 3556 3557 3557 3554 3553 3558 3559 3560 3560 3561 3558 3559 3562 3563 3563 3560 3559 3564 3565 3566 3566 3567 3564 3565 3568 3569 3569 3566 3565 3570 3548 3551 3551 3571 3570 3572 3573 3574 3574 3575 3572 3576 3572 3575 3575 3577 3576 3578 3579 3568 3568 3565 3578 3580 3578 3565 3565 3564 3580 3581 3582 3562 3562 3559 3581 3583 3581 3559 3559 3558 3583 3584 3585 3556 3556 3553 3584 3586 3584 3553 3553 3552 3586 3587 3510 3509 3509 3588 3587 3589 3590 3591 3591 3592 3589 3529 3523 3522 3522 3530 3529 3531 3584 3586 3586 3528 3531 3530 3522 3521 3521 3532 3530 3533 3585 3584 3584 3531 3533 3593 3594 3595 3595 3596 3593 3597 3581 3583 3583 3598 3597 3596 3595 3599 3599 3600 3596 3601 3582 3581 3581 3597 3601 3542 3541 3514 3514 3513 3542 3540 3543 3578 3578 3580 3540 3544 3542 3513 3513 3512 3544 3543 3545 3579 3579 3578 3543 3602 3511 3510 3510 3587 3602 3592 3591 3603 3603 3604 3592 3605 3606 3607 3607 3608 3605 3609 3610 3611 3611 3612 3609 3612 3611 3613 3613 3614 3612 3615 3616 3617 3617 3618 3615 3618 3617 3619 3619 3620 3618 3621 3622 3623 3623 3624 3621 3624 3623 3625 3625 3626 3624 3627 3628 3606 3606 3605 3627 3608 3629 3630 3630 3605 3608 3605 3630 3631 3631 3627 3605 3626 3632 3633 3633 3624 3626 3624 3633 3634 3634 3621 3624 3635 3636 3637 3637 3638 3635 3638 3637 3639 3639 3640 3638 3614 3641 3642 3642 3612 3614 3612 3642 3643 3643 3609 3612 3644 3645 3646 3646 3647 3644 3648 3649 3650 3650 3651 3648 3651 3650 3652 3652 3653 3651 3654 3655 3656 3656 3657 3654 3657 3656 3658 3658 3659 3657 3660 3661 3662 3662 3663 3660 3663 3662 3664 3664 3665 3663 3666 3667 3645 3645 3644 3666 3668 3669 3670 3670 3671 3668 3672 3673 3674 3674 3675 3672 3673 3676 3677 3677 3674 3673 3678 3679 3680 3680 3681 3678 3679 3682 3683 3683 3680 3679 3684 3685 3686 3686 3687 3684 3685 3688 3689 3689 3686 3685 3690 3668 3671 3671 3691 3690 3692 3693 3694 3694 3695 3692 3696 3692 3695 3695 3697 3696 3698 3699 3688 3688 3685 3698 3700 3698 3685 3685 3684 3700 3701 3702 3682 3682 3679 3701 3703 3701 3679 3679 3678 3703 3704 3705 3676 3676 3673 3704 3706 3704 3673 3673 3672 3706 3707 3630 3629 3629 3708 3707 3709 3710 3711 3711 3712 3709 3649 3643 3642 3642 3650 3649 3651 3704 3706 3706 3648 3651 3650 3642 3641 3641 3652 3650 3653 3705 3704 3704 3651 3653 3713 3714 3715 3715 3716 3713 3717 3701 3703 3703 3718 3717 3716 3715 3719 3719 3720 3716 3721 3702 3701 3701 3717 3721 3662 3661 3634 3634 3633 3662 3660 3663 3698 3698 3700 3660 3664 3662 3633 3633 3632 3664 3663 3665 3699 3699 3698 3663 3722 3631 3630 3630 3707 3722 3712 3711 3723 3723 3724 3712 3725 3726 3727 3727 3728 3725 3729 3730 3731 3731 3732 3729 3730 3733 3734 3734 3731 3730 3735 3736 3737 3737 3738 3735 3736 3739 3740 3740 3737 3736 3741 3742 3743 3743 3744 3741 3742 3745 3746 3746 3743 3742 3747 3725 3728 3728 3748 3747 3749 3750 3726 3726 3725 3749 3751 3749 3725 3725 3747 3751 3752 3753 3745 3745 3742 3752 3754 3752 3742 3742 3741 3754 3755 3756 3757 3757 3758 3755 3759 3755 3758 3758 3760 3759 3761 3762 3733 3733 3730 3761 3763 3761 3730 3730 3729 3763 3764 3765 3766 3766 3767 3764 3768 3769 3770 3770 3771 3768 3769 3772 3773 3773 3770 3769 3774 3775 3776 3776 3777 3774 3775 3778 3779 3779 3776 3775 3780 3781 3782 3782 3783 3780 3781 3784 3785 3785 3782 3781 3786 3764 3767 3767 3787 3786 3788 3789 3790 3790 3791 3788 3792 3793 3794 3794 3795 3792 3795 3794 3796 3796 3797 3795 3798 3799 3800 3800 3801 3798 3801 3800 3802 3802 3803 3801 3804 3805 3806 3806 3807 3804 3807 3806 3808 3808 3809 3807 3810 3811 3789 3789 3788 3810 3812 3813 3814 3814 3815 3812 3815 3814 3816 3816 3817 3815 3809 3818 3819 3819 3807 3809 3807 3819 3820 3820 3804 3807 3803 3821 3822 3822 3801 3803 3801 3822 3823 3823 3798 3801 3797 3824 3825 3825 3795 3797 3795 3825 3826 3826 3792 3795 3827 3828 3750 3750 3749 3827 3829 3830 3831 3831 3832 3829 3771 3770 3761 3761 3763 3771 3769 3768 3826 3826 3825 3769 3770 3773 3762 3762 3761 3770 3772 3769 3825 3825 3824 3772 3833 3834 3835 3835 3836 3833 3837 3838 3823 3823 3822 3837 3834 3839 3840 3840 3835 3834 3841 3837 3822 3822 3821 3841 3754 3783 3782 3782 3752 3754 3819 3781 3780 3780 3820 3819 3752 3782 3785 3785 3753 3752 3818 3784 3781 3781 3819 3818 3842 3827 3749 3749 3751 3842 3830 3843 3844 3844 3831 3830 3845 3846 3847 3847 3848 3845 3849 3850 3851 3851 3852 3849 3852 3851 3853 3853 3854 3852 3855 3856 3857 3857 3858 3855 3858 3857 3859 3859 3860 3858 3861 3862 3863 3863 3864 3861 3864 3863 3865 3865 3866 3864 3867 3868 3846 3846 3845 3867 3848 3869 3870 3870 3845 3848 3845 3870 3871 3871 3867 3845 3866 3872 3873 3873 3864 3866 3864 3873 3874 3874 3861 3864 3875 3876 3877 3877 3878 3875 3878 3877 3879 3879 3880 3878 3854 3881 3882 3882 3852 3854 3852 3882 3883 3883 3849 3852 3884 3885 3886 3886 3887 3884 3888 3889 3890 3890 3891 3888 3891 3890 3892 3892 3893 3891 3894 3895 3896 3896 3897 3894 3897 3896 3898 3898 3899 3897 3900 3901 3902 3902 3903 3900 3903 3902 3904 3904 3905 3903 3906 3907 3885 3885 3884 3906 3908 3909 3910 3910 3911 3908 3912 3913 3914 3914 3915 3912 3913 3916 3917 3917 3914 3913 3918 3919 3920 3920 3921 3918 3919 3922 3923 3923 3920 3919 3924 3925 3926 3926 3927 3924 3925 3928 3929 3929 3926 3925 3930 3908 3911 3911 3931 3930 3932 3933 3934 3934 3935 3932 3936 3932 3935 3935 3937 3936 3938 3939 3928 3928 3925 3938 3940 3938 3925 3925 3924 3940 3941 3942 3922 3922 3919 3941 3943 3941 3919 3919 3918 3943 3944 3945 3916 3916 3913 3944 3946 3944 3913 3913 3912 3946 3947 3870 3869 3869 3948 3947 3949 3950 3951 3951 3952 3949 3889 3883 3882 3882 3890 3889 3891 3944 3946 3946 3888 3891 3890 3882 3881 3881 3892 3890 3893 3945 3944 3944 3891 3893 3953 3954 3955 3955 3956 3953 3957 3941 3943 3943 3958 3957 3956 3955 3959 3959 3960 3956 3961 3942 3941 3941 3957 3961 3902 3901 3874 3874 3873 3902 3900 3903 3938 3938 3940 3900 3904 3902 3873 3873 3872 3904 3903 3905 3939 3939 3938 3903 3962 3871 3870 3870 3947 3962 3952 3951 3963 3963 3964 3952 3965 3966 3967 3967 3968 3965 3969 3970 3971 3971 3972 3969 3972 3971 3973 3973 3974 3972 3975 3976 3977 3977 3978 3975 3978 3977 3979 3979 3980 3978 3981 3982 3983 3983 3984 3981 3984 3983 3985 3985 3986 3984 3987 3988 3966 3966 3965 3987 3968 3989 3990 3990 3965 3968 3965 3990 3991 3991 3987 3965 3986 3992 3993 3993 3984 3986 3984 3993 3994 3994 3981 3984 3995 3996 3997 3997 3998 3995 3998 3997 3999 3999 4000 3998 3974 4001 4002 4002 3972 3974 3972 4002 4003 4003 3969 3972 4004 4005 4006 4006 4007 4004 4008 4009 4010 4010 4011 4008 4011 4010 4012 4012 4013 4011 4014 4015 4016 4016 4017 4014 4017 4016 4018 4018 4019 4017 4020 4021 4022 4022 4023 4020 4023 4022 4024 4024 4025 4023 4026 4027 4005 4005 4004 4026 4028 4029 4030 4030 4031 4028 4032 4033 4034 4034 4035 4032 4033 4036 4037 4037 4034 4033 4038 4039 4040 4040 4041 4038 4039 4042 4043 4043 4040 4039 4044 4045 4046 4046 4047 4044 4045 4048 4049 4049 4046 4045 4050 4028 4031 4031 4051 4050 4052 4053 4054 4054 4055 4052 4056 4052 4055 4055 4057 4056 4058 4059 4048 4048 4045 4058 4060 4058 4045 4045 4044 4060 4061 4062 4042 4042 4039 4061 4063 4061 4039 4039 4038 4063 4064 4065 4036 4036 4033 4064 4066 4064 4033 4033 4032 4066 4067 3990 3989 3989 4068 4067 4069 4070 4071 4071 4072 4069 4009 4003 4002 4002 4010 4009 4011 4064 4066 4066 4008 4011 4010 4002 4001 4001 4012 4010 4013 4065 4064 4064 4011 4013 4073 4074 4075 4075 4076 4073 4077 4061 4063 4063 4078 4077 4076 4075 4079 4079 4080 4076 4081 4062 4061 4061 4077 4081 4022 4021 3994 3994 3993 4022 4020 4023 4058 4058 4060 4020 4024 4022 3993 3993 3992 4024 4023 4025 4059 4059 4058 4023 4082 3991 3990 3990 4067 4082 4072 4071 4083 4083 4084 4072 4085 4086 4087 4087 4088 4085 4089 4090 4091 4091 4092 4089 4092 4091 4093 4093 4094 4092 4095 4096 4097 4097 4098 4095 4098 4097 4099 4099 4100 4098 4101 4102 4103 4103 4104 4101 4104 4103 4105 4105 4106 4104 4107 4108 4086 4086 4085 4107 4088 4109 4110 4110 4085 4088 4085 4110 4111 4111 4107 4085 4106 4112 4113 4113 4104 4106 4104 4113 4114 4114 4101 4104 4100 4115 4116 4116 4098 4100 4098 4116 4117 4117 4095 4098 4094 4118 4119 4119 4092 4094 4092 4119 4120 4120 4089 4092 4121 4122 4110 4110 4109 4121 4123 4124 4120 4120 4119 4123 4125 4123 4119 4119 4118 4125 4126 4127 4117 4117 4116 4126 4128 4126 4116 4116 4115 4128 4129 4130 4114 4114 4113 4129 4131 4129 4113 4113 4112 4131 4122 4132 4111 4111 4110 4122 4133 4134 4135 4135 4136 4133 4137 4138 4139 4139 4140 4137 4138 4141 4142 4142 4139 4138 4143 4144 4145 4145 4146 4143 4144 4147 4148 4148 4145 4144 4149 4150 4151 4151 4152 4149 4150 4153 4154 4154 4151 4150 4155 4133 4136 4136 4156 4155 4122 4121 4134 4134 4133 4122 4132 4122 4133 4133 4155 4132 4129 4131 4153 4153 4150 4129 4130 4129 4150 4150 4149 4130 4126 4128 4147 4147 4144 4126 4127 4126 4144 4144 4143 4127 4123 4125 4141 4141 4138 4123 4124 4123 4138 4138 4137 4124 4157 4158 4159 4159 4160 4157 4161 4162 4163 4163 4164 4161 4162 4165 4166 4166 4163 4162 4167 4168 4169 4169 4170 4167 4168 4171 4172 4172 4169 4168 4173 4174 4175 4175 4176 4173 4174 4177 4178 4178 4175 4174 4179 4157 4160 4160 4180 4179 4181 4182 4158 4158 4157 4181 4183 4181 4157 4157 4179 4183 4184 4185 4177 4177 4174 4184 4186 4184 4174 4174 4173 4186 4187 4188 4189 4189 4190 4187 4191 4187 4190 4190 4192 4191 4193 4194 4165 4165 4162 4193 4195 4193 4162 4162 4161 4195 4196 4197 4198 4198 4199 4196 4200 4201 4202 4202 4203 4200 4201 4204 4205 4205 4202 4201 4206 4207 4208 4208 4209 4206 4207 4210 4211 4211 4208 4207 4212 4213 4214 4214 4215 4212 4213 4216 4217 4217 4214 4213 4218 4196 4199 4199 4219 4218 4220 4221 4222 4222 4223 4220 4224 4225 4226 4226 4227 4224 4227 4226 4228 4228 4229 4227 4230 4231 4232 4232 4233 4230 4233 4232 4234 4234 4235 4233 4236 4237 4238 4238 4239 4236 4239 4238 4240 4240 4241 4239 4242 4243 4221 4221 4220 4242 4244 4245 4246 4246 4247 4244 4247 4246 4248 4248 4249 4247 4241 4250 4251 4251 4239 4241 4239 4251 4252 4252 4236 4239 4235 4253 4254 4254 4233 4235 4233 4254 4255 4255 4230 4233 4229 4256 4257 4257 4227 4229 4227 4257 4258 4258 4224 4227 4259 4260 4182 4182 4181 4259 4261 4262 4263 4263 4264 4261 4203 4202 4193 4193 4195 4203 4201 4200 4258 4258 4257 4201 4202 4205 4194 4194 4193 4202 4204 4201 4257 4257 4256 4204 4265 4266 4267 4267 4268 4265 4269 4270 4255 4255 4254 4269 4266 4271 4272 4272 4267 4266 4273 4269 4254 4254 4253 4273 4186 4215 4214 4214 4184 4186 4251 4213 4212 4212 4252 4251 4184 4214 4217 4217 4185 4184 4250 4216 4213 4213 4251 4250 4274 4259 4181 4181 4183 4274 4262 4275 4276 4276 4263 4262 4277 4278 4279 4279 4280 4277 4281 4282 4283 4283 4284 4281 4284 4283 4285 4285 4286 4284 4287 4288 4289 4289 4290 4287 4290 4289 4291 4291 4292 4290 4293 4294 4295 4295 4296 4293 4296 4295 4297 4297 4298 4296 4299 4300 4278 4278 4277 4299 4280 4301 4302 4302 4277 4280 4277 4302 4303 4303 4299 4277 4298 4304 4305 4305 4296 4298 4296 4305 4306 4306 4293 4296 4307 4308 4309 4309 4310 4307 4310 4309 4311 4311 4312 4310 4286 4313 4314 4314 4284 4286 4284 4314 4315 4315 4281 4284 4316 4317 4318 4318 4319 4316 4320 4321 4322 4322 4323 4320 4323 4322 4324 4324 4325 4323 4326 4327 4328 4328 4329 4326 4329 4328 4330 4330 4331 4329 4332 4333 4334 4334 4335 4332 4335 4334 4336 4336 4337 4335 4338 4339 4317 4317 4316 4338 4340 4341 4342 4342 4343 4340 4344 4345 4346 4346 4347 4344 4345 4348 4349 4349 4346 4345 4350 4351 4352 4352 4353 4350 4351 4354 4355 4355 4352 4351 4356 4357 4358 4358 4359 4356 4357 4360 4361 4361 4358 4357 4362 4340 4343 4343 4363 4362 4364 4365 4366 4366 4367 4364 4368 4364 4367 4367 4369 4368 4370 4371 4360 4360 4357 4370 4372 4370 4357 4357 4356 4372 4373 4374 4354 4354 4351 4373 4375 4373 4351 4351 4350 4375 4376 4377 4348 4348 4345 4376 4378 4376 4345 4345 4344 4378 4379 4302 4301 4301 4380 4379 4381 4382 4383 4383 4384 4381 4321 4315 4314 4314 4322 4321 4323 4376 4378 4378 4320 4323 4322 4314 4313 4313 4324 4322 4325 4377 4376 4376 4323 4325 4385 4386 4387 4387 4388 4385 4389 4373 4375 4375 4390 4389 4388 4387 4391 4391 4392 4388 4393 4374 4373 4373 4389 4393 4334 4333 4306 4306 4305 4334 4332 4335 4370 4370 4372 4332 4336 4334 4305 4305 4304 4336 4335 4337 4371 4371 4370 4335 4394 4303 4302 4302 4379 4394 4384 4383 4395 4395 4396 4384 4397 4398 4399 4399 4400 4397 4401 4402 4403 4403 4404 4401 4402 4405 4406 4406 4403 4402 4407 4408 4409 4409 4410 4407 4408 4411 4412 4412 4409 4408 4413 4414 4415 4415 4416 4413 4414 4417 4418 4418 4415 4414 4419 4397 4400 4400 4420 4419 4421 4422 4398 4398 4397 4421 4423 4421 4397 4397 4419 4423 4424 4425 4417 4417 4414 4424 4426 4424 4414 4414 4413 4426 4427 4428 4429 4429 4430 4427 4431 4427 4430 4430 4432 4431 4433 4434 4405 4405 4402 4433 4435 4433 4402 4402 4401 4435 4436 4437 4438 4438 4439 4436 4440 4441 4442 4442 4443 4440 4441 4444 4445 4445 4442 4441 4446 4447 4448 4448 4449 4446 4447 4450 4451 4451 4448 4447 4452 4453 4454 4454 4455 4452 4453 4456 4457 4457 4454 4453 4458 4436 4439 4439 4459 4458 4460 4461 4462 4462 4463 4460 4464 4465 4466 4466 4467 4464 4467 4466 4468 4468 4469 4467 4470 4471 4472 4472 4473 4470 4473 4472 4474 4474 4475 4473 4476 4477 4478 4478 4479 4476 4479 4478 4480 4480 4481 4479 4482 4483 4461 4461 4460 4482 4484 4485 4486 4486 4487 4484 4487 4486 4488 4488 4489 4487 4481 4490 4491 4491 4479 4481 4479 4491 4492 4492 4476 4479 4475 4493 4494 4494 4473 4475 4473 4494 4495 4495 4470 4473 4469 4496 4497 4497 4467 4469 4467 4497 4498 4498 4464 4467 4499 4500 4422 4422 4421 4499 4501 4502 4503 4503 4504 4501 4443 4442 4433 4433 4435 4443 4441 4440 4498 4498 4497 4441 4442 4445 4434 4434 4433 4442 4444 4441 4497 4497 4496 4444 4505 4506 4507 4507 4508 4505 4509 4510 4495 4495 4494 4509 4506 4511 4512 4512 4507 4506 4513 4509 4494 4494 4493 4513 4426 4455 4454 4454 4424 4426 4491 4453 4452 4452 4492 4491 4424 4454 4457 4457 4425 4424 4490 4456 4453 4453 4491 4490 4514 4499 4421 4421 4423 4514 4502 4515 4516 4516 4503 4502 4517 4518 4519 4519 4520 4517 4521 4522 4523 4523 4524 4521 4524 4523 4525 4525 4526 4524 4527 4528 4529 4529 4530 4527 4530 4529 4531 4531 4532 4530 4533 4534 4535 4535 4536 4533 4536 4535 4537 4537 4538 4536 4539 4540 4518 4518 4517 4539 4520 4541 4542 4542 4517 4520 4517 4542 4543 4543 4539 4517 4538 4544 4545 4545 4536 4538 4536 4545 4546 4546 4533 4536 4547 4548 4549 4549 4550 4547 4550 4549 4551 4551 4552 4550 4526 4553 4554 4554 4524 4526 4524 4554 4555 4555 4521 4524 4556 4557 4558 4558 4559 4556 4560 4561 4562 4562 4563 4560 4563 4562 4564 4564 4565 4563 4566 4567 4568 4568 4569 4566 4569 4568 4570 4570 4571 4569 4572 4573 4574 4574 4575 4572 4575 4574 4576 4576 4577 4575 4578 4579 4557 4557 4556 4578 4580 4581 4582 4582 4583 4580 4584 4585 4586 4586 4587 4584 4585 4588 4589 4589 4586 4585 4590 4591 4592 4592 4593 4590 4591 4594 4595 4595 4592 4591 4596 4597 4598 4598 4599 4596 4597 4600 4601 4601 4598 4597 4602 4580 4583 4583 4603 4602 4604 4605 4606 4606 4607 4604 4608 4604 4607 4607 4609 4608 4610 4611 4600 4600 4597 4610 4612 4610 4597 4597 4596 4612 4613 4614 4594 4594 4591 4613 4615 4613 4591 4591 4590 4615 4616 4617 4588 4588 4585 4616 4618 4616 4585 4585 4584 4618 4619 4542 4541 4541 4620 4619 4621 4622 4623 4623 4624 4621 4561 4555 4554 4554 4562 4561 4563 4616 4618 4618 4560 4563 4562 4554 4553 4553 4564 4562 4565 4617 4616 4616 4563 4565 4625 4626 4627 4627 4628 4625 4629 4613 4615 4615 4630 4629 4628 4627 4631 4631 4632 4628 4633 4614 4613 4613 4629 4633 4574 4573 4546 4546 4545 4574 4572 4575 4610 4610 4612 4572 4576 4574 4545 4545 4544 4576 4575 4577 4611 4611 4610 4575 4634 4543 4542 4542 4619 4634 4624 4623 4635 4635 4636 4624 4637 4638 4639 4639 4640 4637 4641 4642 4643 4643 4644 4641 4642 4645 4646 4646 4643 4642 4647 4648 4649 4649 4650 4647 4648 4651 4652 4652 4649 4648 4653 4654 4655 4655 4656 4653 4654 4657 4658 4658 4655 4654 4659 4637 4640 4640 4660 4659 4661 4662 4638 4638 4637 4661 4663 4661 4637 4637 4659 4663 4664 4665 4657 4657 4654 4664 4666 4664 4654 4654 4653 4666 4667 4668 4669 4669 4670 4667 4671 4667 4670 4670 4672 4671 4673 4674 4645 4645 4642 4673 4675 4673 4642 4642 4641 4675 4676 4677 4678 4678 4679 4676 4680 4681 4682 4682 4683 4680 4681 4684 4685 4685 4682 4681 4686 4687 4688 4688 4689 4686 4687 4690 4691 4691 4688 4687 4692 4693 4694 4694 4695 4692 4693 4696 4697 4697 4694 4693 4698 4676 4679 4679 4699 4698 4700 4701 4702 4702 4703 4700 4704 4705 4706 4706 4707 4704 4707 4706 4708 4708 4709 4707 4710 4711 4712 4712 4713 4710 4713 4712 4714 4714 4715 4713 4716 4717 4718 4718 4719 4716 4719 4718 4720 4720 4721 4719 4722 4723 4701 4701 4700 4722 4724 4725 4726 4726 4727 4724 4727 4726 4728 4728 4729 4727 4721 4730 4731 4731 4719 4721 4719 4731 4732 4732 4716 4719 4715 4733 4734 4734 4713 4715 4713 4734 4735 4735 4710 4713 4709 4736 4737 4737 4707 4709 4707 4737 4738 4738 4704 4707 4739 4740 4662 4662 4661 4739 4741 4742 4743 4743 4744 4741 4683 4682 4673 4673 4675 4683 4681 4680 4738 4738 4737 4681 4682 4685 4674 4674 4673 4682 4684 4681 4737 4737 4736 4684 4745 4746 4747 4747 4748 4745 4749 4750 4735 4735 4734 4749 4746 4751 4752 4752 4747 4746 4753 4749 4734 4734 4733 4753 4666 4695 4694 4694 4664 4666 4731 4693 4692 4692 4732 4731 4664 4694 4697 4697 4665 4664 4730 4696 4693 4693 4731 4730 4754 4739 4661 4661 4663 4754 4742 4755 4756 4756 4743 4742 4757 4758 4759 4759 4760 4757 4761 4762 4763 4763 4764 4761 4764 4763 4765 4765 4766 4764 4767 4768 4769 4769 4770 4767 4770 4769 4771 4771 4772 4770 4773 4774 4775 4775 4776 4773 4776 4775 4777 4777 4778 4776 4779 4780 4758 4758 4757 4779 4760 4781 4782 4782 4757 4760 4757 4782 4783 4783 4779 4757 4778 4784 4785 4785 4776 4778 4776 4785 4786 4786 4773 4776 4787 4788 4789 4789 4790 4787 4790 4789 4791 4791 4792 4790 4766 4793 4794 4794 4764 4766 4764 4794 4795 4795 4761 4764 4796 4797 4798 4798 4799 4796 4800 4801 4802 4802 4803 4800 4803 4802 4804 4804 4805 4803 4806 4807 4808 4808 4809 4806 4809 4808 4810 4810 4811 4809 4812 4813 4814 4814 4815 4812 4815 4814 4816 4816 4817 4815 4818 4819 4797 4797 4796 4818 4820 4821 4822 4822 4823 4820 4824 4825 4826 4826 4827 4824 4825 4828 4829 4829 4826 4825 4830 4831 4832 4832 4833 4830 4831 4834 4835 4835 4832 4831 4836 4837 4838 4838 4839 4836 4837 4840 4841 4841 4838 4837 4842 4820 4823 4823 4843 4842 4844 4845 4846 4846 4847 4844 4848 4844 4847 4847 4849 4848 4850 4851 4840 4840 4837 4850 4852 4850 4837 4837 4836 4852 4853 4854 4834 4834 4831 4853 4855 4853 4831 4831 4830 4855 4856 4857 4828 4828 4825 4856 4858 4856 4825 4825 4824 4858 4859 4782 4781 4781 4860 4859 4861 4862 4863 4863 4864 4861 4801 4795 4794 4794 4802 4801 4803 4856 4858 4858 4800 4803 4802 4794 4793 4793 4804 4802 4805 4857 4856 4856 4803 4805 4865 4866 4867 4867 4868 4865 4869 4853 4855 4855 4870 4869 4868 4867 4871 4871 4872 4868 4873 4854 4853 4853 4869 4873 4814 4813 4786 4786 4785 4814 4812 4815 4850 4850 4852 4812 4816 4814 4785 4785 4784 4816 4815 4817 4851 4851 4850 4815 4874 4783 4782 4782 4859 4874 4864 4863 4875 4875 4876 4864 4877 4878 4879 4879 4880 4877 4881 4882 4883 4883 4884 4881 4882 4885 4886 4886 4883 4882 4887 4888 4889 4889 4890 4887 4888 4891 4892 4892 4889 4888 4893 4894 4895 4895 4896 4893 4894 4897 4898 4898 4895 4894 4899 4877 4880 4880 4900 4899 4901 4902 4878 4878 4877 4901 4903 4901 4877 4877 4899 4903 4904 4905 4897 4897 4894 4904 4906 4904 4894 4894 4893 4906 4907 4908 4909 4909 4910 4907 4911 4907 4910 4910 4912 4911 4913 4914 4885 4885 4882 4913 4915 4913 4882 4882 4881 4915 4916 4917 4918 4918 4919 4916 4920 4921 4922 4922 4923 4920 4921 4924 4925 4925 4922 4921 4926 4927 4928 4928 4929 4926 4927 4930 4931 4931 4928 4927 4932 4933 4934 4934 4935 4932 4933 4936 4937 4937 4934 4933 4938 4916 4919 4919 4939 4938 4940 4941 4942 4942 4943 4940 4944 4945 4946 4946 4947 4944 4947 4946 4948 4948 4949 4947 4950 4951 4952 4952 4953 4950 4953 4952 4954 4954 4955 4953 4956 4957 4958 4958 4959 4956 4959 4958 4960 4960 4961 4959 4962 4963 4941 4941 4940 4962 4964 4965 4966 4966 4967 4964 4967 4966 4968 4968 4969 4967 4961 4970 4971 4971 4959 4961 4959 4971 4972 4972 4956 4959 4955 4973 4974 4974 4953 4955 4953 4974 4975 4975 4950 4953 4949 4976 4977 4977 4947 4949 4947 4977 4978 4978 4944 4947 4979 4980 4902 4902 4901 4979 4981 4982 4983 4983 4984 4981 4923 4922 4913 4913 4915 4923 4921 4920 4978 4978 4977 4921 4922 4925 4914 4914 4913 4922 4924 4921 4977 4977 4976 4924 4985 4986 4987 4987 4988 4985 4989 4990 4975 4975 4974 4989 4986 4991 4992 4992 4987 4986 4993 4989 4974 4974 4973 4993 4906 4935 4934 4934 4904 4906 4971 4933 4932 4932 4972 4971 4904 4934 4937 4937 4905 4904 4970 4936 4933 4933 4971 4970 4994 4979 4901 4901 4903 4994 4982 4995 4996 4996 4983 4982 4997 4998 4999 4999 5000 4997 5001 5002 5003 5003 5004 5001 5004 5003 5005 5005 5006 5004 5007 5008 5009 5009 5010 5007 5010 5009 5011 5011 5012 5010 5013 5014 5015 5015 5016 5013 5016 5015 5017 5017 5018 5016 5019 5020 4998 4998 4997 5019 5000 5021 5022 5022 4997 5000 4997 5022 5023 5023 5019 4997 5018 5024 5025 5025 5016 5018 5016 5025 5026 5026 5013 5016 5027 5028 5029 5029 5030 5027 5030 5029 5031 5031 5032 5030 5006 5033 5034 5034 5004 5006 5004 5034 5035 5035 5001 5004 5036 5037 5038 5038 5039 5036 5040 5041 5042 5042 5043 5040 5043 5042 5044 5044 5045 5043 5046 5047 5048 5048 5049 5046 5049 5048 5050 5050 5051 5049 5052 5053 5054 5054 5055 5052 5055 5054 5056 5056 5057 5055 5058 5059 5037 5037 5036 5058 5060 5061 5062 5062 5063 5060 5064 5065 5066 5066 5067 5064 5065 5068 5069 5069 5066 5065 5070 5071 5072 5072 5073 5070 5071 5074 5075 5075 5072 5071 5076 5077 5078 5078 5079 5076 5077 5080 5081 5081 5078 5077 5082 5060 5063 5063 5083 5082 5084 5085 5086 5086 5087 5084 5088 5084 5087 5087 5089 5088 5090 5091 5080 5080 5077 5090 5092 5090 5077 5077 5076 5092 5093 5094 5074 5074 5071 5093 5095 5093 5071 5071 5070 5095 5096 5097 5068 5068 5065 5096 5098 5096 5065 5065 5064 5098 5099 5022 5021 5021 5100 5099 5101 5102 5103 5103 5104 5101 5041 5035 5034 5034 5042 5041 5043 5096 5098 5098 5040 5043 5042 5034 5033 5033 5044 5042 5045 5097 5096 5096 5043 5045 5105 5106 5107 5107 5108 5105 5109 5093 5095 5095 5110 5109 5108 5107 5111 5111 5112 5108 5113 5094 5093 5093 5109 5113 5054 5053 5026 5026 5025 5054 5052 5055 5090 5090 5092 5052 5056 5054 5025 5025 5024 5056 5055 5057 5091 5091 5090 5055 5114 5023 5022 5022 5099 5114 5104 5103 5115 5115 5116 5104 5117 5118 5119 5119 5120 5117 5121 5122 5123 5123 5124 5121 5124 5123 5125 5125 5126 5124 5127 5128 5129 5129 5130 5127 5130 5129 5131 5131 5132 5130 5133 5134 5135 5135 5136 5133 5136 5135 5137 5137 5138 5136 5139 5140 5118 5118 5117 5139 5120 5141 5142 5142 5117 5120 5117 5142 5143 5143 5139 5117 5138 5144 5145 5145 5136 5138 5136 5145 5146 5146 5133 5136 5132 5147 5148 5148 5130 5132 5130 5148 5149 5149 5127 5130 5126 5150 5151 5151 5124 5126 5124 5151 5152 5152 5121 5124 5153 5154 5142 5142 5141 5153 5155 5156 5152 5152 5151 5155 5157 5155 5151 5151 5150 5157 5158 5159 5149 5149 5148 5158 5160 5158 5148 5148 5147 5160 5161 5162 5146 5146 5145 5161 5163 5161 5145 5145 5144 5163 5154 5164 5143 5143 5142 5154 5165 5166 5167 5167 5168 5165 5169 5170 5171 5171 5172 5169 5170 5173 5174 5174 5171 5170 5175 5176 5177 5177 5178 5175 5176 5179 5180 5180 5177 5176 5181 5182 5183 5183 5184 5181 5182 5185 5186 5186 5183 5182 5187 5165 5168 5168 5188 5187 5154 5153 5166 5166 5165 5154 5164 5154 5165 5165 5187 5164 5161 5163 5185 5185 5182 5161 5162 5161 5182 5182 5181 5162 5158 5160 5179 5179 5176 5158 5159 5158 5176 5176 5175 5159 5155 5157 5173 5173 5170 5155 5156 5155 5170 5170 5169 5156 5189 5190 5191 5191 5192 5189 5193 5194 5195 5195 5196 5193 5196 5195 5197 5197 5198 5196 5199 5200 5201 5201 5202 5199 5202 5201 5203 5203 5204 5202 5205 5206 5207 5207 5208 5205 5208 5207 5209 5209 5210 5208 5211 5212 5190 5190 5189 5211 5192 5213 5214 5214 5189 5192 5189 5214 5215 5215 5211 5189 5210 5216 5217 5217 5208 5210 5208 5217 5218 5218 5205 5208 5204 5219 5220 5220 5202 5204 5202 5220 5221 5221 5199 5202 5198 5222 5223 5223 5196 5198 5196 5223 5224 5224 5193 5196 5225 5226 5214 5214 5213 5225 5227 5228 5224 5224 5223 5227 5229 5227 5223 5223 5222 5229 5230 5231 5221 5221 5220 5230 5232 5230 5220 5220 5219 5232 5233 5234 5218 5218 5217 5233 5235 5233 5217 5217 5216 5235 5226 5236 5215 5215 5214 5226 5237 5238 5239 5239 5240 5237 5241 5242 5243 5243 5244 5241 5242 5245 5246 5246 5243 5242 5247 5248 5249 5249 5250 5247 5248 5251 5252 5252 5249 5248 5253 5254 5255 5255 5256 5253 5254 5257 5258 5258 5255 5254 5259 5237 5240 5240 5260 5259 5226 5225 5238 5238 5237 5226 5236 5226 5237 5237 5259 5236 5233 5235 5257 5257 5254 5233 5234 5233 5254 5254 5253 5234 5230 5232 5251 5251 5248 5230 5231 5230 5248 5248 5247 5231 5227 5229 5245 5245 5242 5227 5228 5227 5242 5242 5241 5228 5261 5262 5263 5263 5264 5261 5265 5266 5267 5267 5268 5265 5268 5267 5269 5269 5270 5268 5271 5272 5273 5273 5274 5271 5274 5273 5275 5275 5276 5274 5277 5278 5279 5279 5280 5277 5280 5279 5281 5281 5282 5280 5283 5284 5262 5262 5261 5283 5264 5285 5286 5286 5261 5264 5261 5286 5287 5287 5283 5261 5282 5288 5289 5289 5280 5282 5280 5289 5290 5290 5277 5280 5276 5291 5292 5292 5274 5276 5274 5292 5293 5293 5271 5274 5270 5294 5295 5295 5268 5270 5268 5295 5296 5296 5265 5268 5297 5298 5286 5286 5285 5297 5299 5300 5296 5296 5295 5299 5301 5299 5295 5295 5294 5301 5302 5303 5293 5293 5292 5302 5304 5302 5292 5292 5291 5304 5305 5306 5290 5290 5289 5305 5307 5305 5289 5289 5288 5307 5298 5308 5287 5287 5286 5298 5309 5310 5311 5311 5312 5309 5313 5314 5315 5315 5316 5313 5314 5317 5318 5318 5315 5314 5319 5320 5321 5321 5322 5319 5320 5323 5324 5324 5321 5320 5325 5326 5327 5327 5328 5325 5326 5329 5330 5330 5327 5326 5331 5309 5312 5312 5332 5331 5298 5297 5310 5310 5309 5298 5308 5298 5309 5309 5331 5308 5305 5307 5329 5329 5326 5305 5306 5305 5326 5326 5325 5306 5302 5304 5323 5323 5320 5302 5303 5302 5320 5320 5319 5303 5299 5301 5317 5317 5314 5299 5300 5299 5314 5314 5313 5300 </p>
        </polylist>
      </mesh>
    </geometry>
  </library_geometries>
  <library_visual_scenes>
    <visual_scene id="root" name="root">
      <node id="Truss" name="Truss">
        <matrix>1 0 0 0 0 1 0 0 0 0 1 0 0 0 0 1</matrix>
        <instance_geometry url="#meshId0">
          <bind_material>
            <technique_common>
              <instance_material symbol="defaultMaterial" target="#1001" />
            </technique_common>
          </bind_material>
        </instance_geometry>
      </node>
    </visual_scene>
  </library_visual_scenes>
  <scene>
    <instance_visual_scene url="#root" />
  </scene>
</COLLADA>
